日期,品名,规格,材质,品牌,价格,地区,抓取时间,创建时间
2026-05-16,圆钢,Φ12-22,HPB300,永锋,3520,山东烟台,None,None
2026-05-16,圆钢,Φ12-22,HPB300,石横特钢,3520,山东烟台,None,None
2026-05-16,圆钢,Φ12-22,HPB300,永锋,3510,山东烟台,None,None
2026-05-16,圆钢,Φ12-22,HPB300,石横特钢,3510,山东烟台,None,None
2026-05-16,圆钢,Φ12-22,HPB300,永锋,3520,山东烟台,None,None
2026-05-16,圆钢,Φ12-22,HPB300,石横特钢,3520,山东烟台,None,None
2026-05-16,圆钢,Φ25-32,HPB300,永锋,3770,山东烟台,None,None
2026-05-16,圆钢,Φ25-32,HPB300,石横特钢,3770,山东烟台,None,None
2026-05-16,圆钢,Φ25-32,HPB300,永锋,3760,山东烟台,None,None
2026-05-16,圆钢,Φ25-32,HPB300,石横特钢,3760,山东烟台,None,None
2026-05-16,圆钢,Φ25-32,HPB300,永锋,3770,山东烟台,None,None
2026-05-16,圆钢,Φ25-32,HPB300,石横特钢,3770,山东烟台,None,None
2026-05-16,盘螺,Φ10,HRB400E,永锋,3830,山东烟台,None,None
2026-05-16,盘螺,Φ10,HRB400E,石横特钢,3830,山东烟台,None,None
2026-05-16,盘螺,Φ10,HRB400E,江苏镔鑫,3790,山东烟台,None,None
2026-05-16,盘螺,Φ10,HRB400E,敬业营口,3790,山东烟台,None,None
2026-05-16,盘螺,Φ10,HRB400E,永锋,3610,山东烟台,None,None
2026-05-16,盘螺,Φ10,HRB400E,石横特钢,3610,山东烟台,None,None
2026-05-16,盘螺,Φ10,HRB400E,江苏镔鑫,3570,山东烟台,None,None
2026-05-16,盘螺,Φ10,HRB400E,敬业营口,3560,山东烟台,None,None
2026-05-16,盘螺,Φ10,HRB500E,永锋,3820,山东烟台,None,None
2026-05-16,盘螺,Φ10,HRB500E,石横特钢,3820,山东烟台,None,None
2026-05-16,盘螺,Φ10,HRB500E,江苏镔鑫,3780,山东烟台,None,None
2026-05-16,盘螺,Φ10,HRB500E,敬业营口,3780,山东烟台,None,None
2026-05-16,盘螺,Φ10,HRB400E,永锋,3620,山东烟台,None,None
2026-05-16,盘螺,Φ10,HRB400E,石横特钢,3620,山东烟台,None,None
2026-05-16,盘螺,Φ10,HRB400E,江苏镔鑫,3580,山东烟台,None,None
2026-05-16,盘螺,Φ10,HRB400E,敬业营口,3570,山东烟台,None,None
2026-05-16,盘螺,Φ10,HRB500E,永锋,3830,山东烟台,None,None
2026-05-16,盘螺,Φ10,HRB500E,石横特钢,3830,山东烟台,None,None
2026-05-16,盘螺,Φ10,HRB500E,江苏镔鑫,3790,山东烟台,None,None
2026-05-16,盘螺,Φ10,HRB500E,敬业营口,3790,山东烟台,None,None
2026-05-16,盘螺,Φ12,HRB400E,永锋,3790,山东烟台,None,None
2026-05-16,盘螺,Φ12,HRB400E,石横特钢,3790,山东烟台,None,None
2026-05-16,盘螺,Φ12,HRB400E,永锋,3780,山东烟台,None,None
2026-05-16,盘螺,Φ12,HRB400E,石横特钢,3780,山东烟台,None,None
2026-05-16,盘螺,Φ12,HRB400E,永锋,3790,山东烟台,None,None
2026-05-16,盘螺,Φ12,HRB400E,石横特钢,3790,山东烟台,None,None
2026-05-16,盘螺,Φ6,HRB400E,永锋,3940,山东烟台,None,None
2026-05-16,盘螺,Φ6,HRB400E,石横特钢,3940,山东烟台,None,None
2026-05-16,盘螺,Φ6,HRB400E,永锋,3930,山东烟台,None,None
2026-05-16,盘螺,Φ6,HRB400E,石横特钢,3930,山东烟台,None,None
2026-05-16,盘螺,Φ6,HRB400E,永锋,3940,山东烟台,None,None
2026-05-16,盘螺,Φ6,HRB400E,石横特钢,3940,山东烟台,None,None
2026-05-16,盘螺,Φ8,HRB400E,永锋,3830,山东烟台,None,None
2026-05-16,盘螺,Φ8,HRB400E,石横特钢,3830,山东烟台,None,None
2026-05-16,盘螺,Φ8,HRB400E,日照,3590,山东烟台,None,None
2026-05-16,盘螺,Φ8,HRB400E,江苏镔鑫,3790,山东烟台,None,None
2026-05-16,盘螺,Φ8,HRB400E,敬业营口,3790,山东烟台,None,None
2026-05-16,盘螺,Φ8,HRB400E,永锋,3610,山东烟台,None,None
2026-05-16,盘螺,Φ8,HRB400E,石横特钢,3610,山东烟台,None,None
2026-05-16,盘螺,Φ8,HRB400E,日照,3580,山东烟台,None,None
2026-05-16,盘螺,Φ8,HRB400E,江苏镔鑫,3570,山东烟台,None,None
2026-05-16,盘螺,Φ8,HRB400E,敬业营口,3560,山东烟台,None,None
2026-05-16,盘螺,Φ8,HRB500E,永锋,3820,山东烟台,None,None
2026-05-16,盘螺,Φ8,HRB500E,石横特钢,3820,山东烟台,None,None
2026-05-16,盘螺,Φ8,HRB500E,江苏镔鑫,3780,山东烟台,None,None
2026-05-16,盘螺,Φ8,HRB500E,敬业营口,3780,山东烟台,None,None
2026-05-16,盘螺,Φ8,HRB400E,永锋,3620,山东烟台,None,None
2026-05-16,盘螺,Φ8,HRB400E,石横特钢,3620,山东烟台,None,None
2026-05-16,盘螺,Φ8,HRB400E,日照,3590,山东烟台,None,None
2026-05-16,盘螺,Φ8,HRB400E,江苏镔鑫,3580,山东烟台,None,None
2026-05-16,盘螺,Φ8,HRB400E,敬业营口,3570,山东烟台,None,None
2026-05-16,盘螺,Φ8,HRB500E,永锋,3830,山东烟台,None,None
2026-05-16,盘螺,Φ8,HRB500E,石横特钢,3830,山东烟台,None,None
2026-05-16,盘螺,Φ8,HRB500E,江苏镔鑫,3790,山东烟台,None,None
2026-05-16,盘螺,Φ8,HRB500E,敬业营口,3790,山东烟台,None,None
2026-05-16,螺纹钢,Φ10,HRB400E,莱钢,3750,山东烟台,None,None
2026-05-16,螺纹钢,Φ10,HRB400E,永锋,3750,山东烟台,None,None
2026-05-16,螺纹钢,Φ10,HRB400E,石横特钢,3750,山东烟台,None,None
2026-05-16,螺纹钢,Φ10,HRB400E,莱钢,3530,山东烟台,None,None
2026-05-16,螺纹钢,Φ10,HRB400E,永锋,3530,山东烟台,None,None
2026-05-16,螺纹钢,Φ10,HRB400E,石横特钢,3530,山东烟台,None,None
2026-05-16,螺纹钢,Φ10,HRB500E,莱钢,3740,山东烟台,None,None
2026-05-16,螺纹钢,Φ10,HRB500E,永锋,3740,山东烟台,None,None
2026-05-16,螺纹钢,Φ10,HRB500E,石横特钢,3740,山东烟台,None,None
2026-05-16,螺纹钢,Φ10,HRB400E,莱钢,3540,山东烟台,None,None
2026-05-16,螺纹钢,Φ10,HRB400E,永锋,3540,山东烟台,None,None
2026-05-16,螺纹钢,Φ10,HRB400E,石横特钢,3540,山东烟台,None,None
2026-05-16,螺纹钢,Φ10,HRB500E,莱钢,3750,山东烟台,None,None
2026-05-16,螺纹钢,Φ10,HRB500E,永锋,3750,山东烟台,None,None
2026-05-16,螺纹钢,Φ10,HRB500E,石横特钢,3750,山东烟台,None,None
2026-05-16,螺纹钢,Φ12,HRB400E,莱钢,3520,山东烟台,None,None
2026-05-16,螺纹钢,Φ12,HRB400E,永锋,3520,山东烟台,None,None
2026-05-16,螺纹钢,Φ12,HRB400E,石横特钢,3520,山东烟台,None,None
2026-05-16,螺纹钢,Φ12,HRB400E,江苏镔鑫,3700,山东烟台,None,None
2026-05-16,螺纹钢,Φ12,HRB400E,莱钢,3510,山东烟台,None,None
2026-05-16,螺纹钢,Φ12,HRB400E,永锋,3510,山东烟台,None,None
2026-05-16,螺纹钢,Φ12,HRB400E,石横特钢,3510,山东烟台,None,None
2026-05-16,螺纹钢,Φ12,HRB400E,江苏镔鑫,3480,山东烟台,None,None
2026-05-16,螺纹钢,Φ12,HRB500E,江苏镔鑫,3690,山东烟台,None,None
2026-05-16,螺纹钢,Φ12,HRB400E,莱钢,3520,山东烟台,None,None
2026-05-16,螺纹钢,Φ12,HRB400E,永锋,3520,山东烟台,None,None
2026-05-16,螺纹钢,Φ12,HRB400E,石横特钢,3520,山东烟台,None,None
2026-05-16,螺纹钢,Φ12,HRB400E,江苏镔鑫,3490,山东烟台,None,None
2026-05-16,螺纹钢,Φ12,HRB500E,江苏镔鑫,3700,山东烟台,None,None
2026-05-16,螺纹钢,Φ12-14,HRB500E,莱钢,3700,山东烟台,None,None
2026-05-16,螺纹钢,Φ12-14,HRB500E,永锋,3700,山东烟台,None,None
2026-05-16,螺纹钢,Φ12-14,HRB500E,石横特钢,3700,山东烟台,None,None
2026-05-16,螺纹钢,Φ12-14,HRB500E,莱钢,3690,山东烟台,None,None
2026-05-16,螺纹钢,Φ12-14,HRB500E,永锋,3690,山东烟台,None,None
2026-05-16,螺纹钢,Φ12-14,HRB500E,石横特钢,3690,山东烟台,None,None
2026-05-16,螺纹钢,Φ12-14,HRB500E,莱钢,3700,山东烟台,None,None
2026-05-16,螺纹钢,Φ12-14,HRB500E,永锋,3700,山东烟台,None,None
2026-05-16,螺纹钢,Φ12-14,HRB500E,石横特钢,3700,山东烟台,None,None
2026-05-16,螺纹钢,Φ14,HRB400E,莱钢,3490,山东烟台,None,None
2026-05-16,螺纹钢,Φ14,HRB400E,永锋,3490,山东烟台,None,None
2026-05-16,螺纹钢,Φ14,HRB400E,石横特钢,3490,山东烟台,None,None
2026-05-16,螺纹钢,Φ14,HRB400E,江苏镔鑫,3680,山东烟台,None,None
2026-05-16,螺纹钢,Φ14,HRB400E,莱钢,3480,山东烟台,None,None
2026-05-16,螺纹钢,Φ14,HRB400E,永锋,3480,山东烟台,None,None
2026-05-16,螺纹钢,Φ14,HRB400E,石横特钢,3480,山东烟台,None,None
2026-05-16,螺纹钢,Φ14,HRB400E,江苏镔鑫,3460,山东烟台,None,None
2026-05-16,螺纹钢,Φ14,HRB500E,江苏镔鑫,3670,山东烟台,None,None
2026-05-16,螺纹钢,Φ14,HRB400E,莱钢,3490,山东烟台,None,None
2026-05-16,螺纹钢,Φ14,HRB400E,永锋,3490,山东烟台,None,None
2026-05-16,螺纹钢,Φ14,HRB400E,石横特钢,3490,山东烟台,None,None
2026-05-16,螺纹钢,Φ14,HRB400E,江苏镔鑫,3470,山东烟台,None,None
2026-05-16,螺纹钢,Φ14,HRB500E,江苏镔鑫,3680,山东烟台,None,None
2026-05-16,螺纹钢,Φ16,HRB400E,莱钢,3670,山东烟台,None,None
2026-05-16,螺纹钢,Φ16,HRB400E,永锋,3670,山东烟台,None,None
2026-05-16,螺纹钢,Φ16,HRB400E,石横特钢,3670,山东烟台,None,None
2026-05-16,螺纹钢,Φ16,HRB400E,江苏镔鑫,3650,山东烟台,None,None
2026-05-16,螺纹钢,Φ16,HRB400E,莱钢,3450,山东烟台,None,None
2026-05-16,螺纹钢,Φ16,HRB400E,永锋,3450,山东烟台,None,None
2026-05-16,螺纹钢,Φ16,HRB400E,石横特钢,3450,山东烟台,None,None
2026-05-16,螺纹钢,Φ16,HRB400E,江苏镔鑫,3430,山东烟台,None,None
2026-05-16,螺纹钢,Φ16,HRB500E,莱钢,3660,山东烟台,None,None
2026-05-16,螺纹钢,Φ16,HRB500E,永锋,3660,山东烟台,None,None
2026-05-16,螺纹钢,Φ16,HRB500E,石横特钢,3660,山东烟台,None,None
2026-05-16,螺纹钢,Φ16,HRB500E,江苏镔鑫,3640,山东烟台,None,None
2026-05-16,螺纹钢,Φ16,HRB400E,莱钢,3460,山东烟台,None,None
2026-05-16,螺纹钢,Φ16,HRB400E,永锋,3460,山东烟台,None,None
2026-05-16,螺纹钢,Φ16,HRB400E,石横特钢,3460,山东烟台,None,None
2026-05-16,螺纹钢,Φ16,HRB400E,江苏镔鑫,3440,山东烟台,None,None
2026-05-16,螺纹钢,Φ16,HRB500E,莱钢,3670,山东烟台,None,None
2026-05-16,螺纹钢,Φ16,HRB500E,永锋,3670,山东烟台,None,None
2026-05-16,螺纹钢,Φ16,HRB500E,石横特钢,3670,山东烟台,None,None
2026-05-16,螺纹钢,Φ16,HRB500E,江苏镔鑫,3650,山东烟台,None,None
2026-05-16,螺纹钢,Φ18,HRB400E,莱钢,3670,山东烟台,None,None
2026-05-16,螺纹钢,Φ18,HRB400E,永锋,3670,山东烟台,None,None
2026-05-16,螺纹钢,Φ18,HRB400E,石横特钢,3670,山东烟台,None,None
2026-05-16,螺纹钢,Φ18,HRB400E,江苏镔鑫,3650,山东烟台,None,None
2026-05-16,螺纹钢,Φ18,HRB400E,莱钢,3450,山东烟台,None,None
2026-05-16,螺纹钢,Φ18,HRB400E,永锋,3450,山东烟台,None,None
2026-05-16,螺纹钢,Φ18,HRB400E,石横特钢,3450,山东烟台,None,None
2026-05-16,螺纹钢,Φ18,HRB400E,江苏镔鑫,3430,山东烟台,None,None
2026-05-16,螺纹钢,Φ18,HRB500E,莱钢,3660,山东烟台,None,None
2026-05-16,螺纹钢,Φ18,HRB500E,永锋,3660,山东烟台,None,None
2026-05-16,螺纹钢,Φ18,HRB500E,石横特钢,3660,山东烟台,None,None
2026-05-16,螺纹钢,Φ18,HRB500E,江苏镔鑫,3640,山东烟台,None,None
2026-05-16,螺纹钢,Φ18,HRB400E,莱钢,3460,山东烟台,None,None
2026-05-16,螺纹钢,Φ18,HRB400E,永锋,3460,山东烟台,None,None
2026-05-16,螺纹钢,Φ18,HRB400E,石横特钢,3460,山东烟台,None,None
2026-05-16,螺纹钢,Φ18,HRB400E,江苏镔鑫,3440,山东烟台,None,None
2026-05-16,螺纹钢,Φ18,HRB500E,莱钢,3670,山东烟台,None,None
2026-05-16,螺纹钢,Φ18,HRB500E,永锋,3670,山东烟台,None,None
2026-05-16,螺纹钢,Φ18,HRB500E,石横特钢,3670,山东烟台,None,None
2026-05-16,螺纹钢,Φ18,HRB500E,江苏镔鑫,3650,山东烟台,None,None
2026-05-16,螺纹钢,Φ20,HRB400E,莱钢,3670,山东烟台,None,None
2026-05-16,螺纹钢,Φ20,HRB400E,永锋,3670,山东烟台,None,None
2026-05-16,螺纹钢,Φ20,HRB400E,石横特钢,3670,山东烟台,None,None
2026-05-16,螺纹钢,Φ20,HRB400E,江苏镔鑫,3650,山东烟台,None,None
2026-05-16,螺纹钢,Φ20,HRB400E,莱钢,3450,山东烟台,None,None
2026-05-16,螺纹钢,Φ20,HRB400E,永锋,3450,山东烟台,None,None
2026-05-16,螺纹钢,Φ20,HRB400E,石横特钢,3450,山东烟台,None,None
2026-05-16,螺纹钢,Φ20,HRB400E,江苏镔鑫,3430,山东烟台,None,None
2026-05-16,螺纹钢,Φ20,HRB500E,莱钢,3660,山东烟台,None,None
2026-05-16,螺纹钢,Φ20,HRB500E,永锋,3660,山东烟台,None,None
2026-05-16,螺纹钢,Φ20,HRB500E,石横特钢,3660,山东烟台,None,None
2026-05-16,螺纹钢,Φ20,HRB500E,江苏镔鑫,3640,山东烟台,None,None
2026-05-16,螺纹钢,Φ20,HRB400E,莱钢,3460,山东烟台,None,None
2026-05-16,螺纹钢,Φ20,HRB400E,永锋,3460,山东烟台,None,None
2026-05-16,螺纹钢,Φ20,HRB400E,石横特钢,3460,山东烟台,None,None
2026-05-16,螺纹钢,Φ20,HRB400E,江苏镔鑫,3440,山东烟台,None,None
2026-05-16,螺纹钢,Φ20,HRB500E,莱钢,3670,山东烟台,None,None
2026-05-16,螺纹钢,Φ20,HRB500E,永锋,3670,山东烟台,None,None
2026-05-16,螺纹钢,Φ20,HRB500E,石横特钢,3670,山东烟台,None,None
2026-05-16,螺纹钢,Φ20,HRB500E,江苏镔鑫,3650,山东烟台,None,None
2026-05-16,螺纹钢,Φ22,HRB400E,莱钢,3580,山东烟台,None,None
2026-05-16,螺纹钢,Φ22,HRB400E,永锋,3580,山东烟台,None,None
2026-05-16,螺纹钢,Φ22,HRB400E,石横特钢,3580,山东烟台,None,None
2026-05-16,螺纹钢,Φ22,HRB400E,江苏镔鑫,3560,山东烟台,None,None
2026-05-16,螺纹钢,Φ22,HRB400E,莱钢,3360,山东烟台,None,None
2026-05-16,螺纹钢,Φ22,HRB400E,永锋,3360,山东烟台,None,None
2026-05-16,螺纹钢,Φ22,HRB400E,石横特钢,3360,山东烟台,None,None
2026-05-16,螺纹钢,Φ22,HRB400E,江苏镔鑫,3340,山东烟台,None,None
2026-05-16,螺纹钢,Φ22,HRB500E,莱钢,3570,山东烟台,None,None
2026-05-16,螺纹钢,Φ22,HRB500E,永锋,3570,山东烟台,None,None
2026-05-16,螺纹钢,Φ22,HRB500E,石横特钢,3570,山东烟台,None,None
2026-05-16,螺纹钢,Φ22,HRB500E,江苏镔鑫,3550,山东烟台,None,None
2026-05-16,螺纹钢,Φ22,HRB400E,莱钢,3370,山东烟台,None,None
2026-05-16,螺纹钢,Φ22,HRB400E,永锋,3370,山东烟台,None,None
2026-05-16,螺纹钢,Φ22,HRB400E,石横特钢,3370,山东烟台,None,None
2026-05-16,螺纹钢,Φ22,HRB400E,江苏镔鑫,3350,山东烟台,None,None
2026-05-16,螺纹钢,Φ22,HRB500E,莱钢,3580,山东烟台,None,None
2026-05-16,螺纹钢,Φ22,HRB500E,永锋,3580,山东烟台,None,None
2026-05-16,螺纹钢,Φ22,HRB500E,石横特钢,3580,山东烟台,None,None
2026-05-16,螺纹钢,Φ22,HRB500E,江苏镔鑫,3560,山东烟台,None,None
2026-05-16,螺纹钢,Φ25,HRB400E,莱钢,3670,山东烟台,None,None
2026-05-16,螺纹钢,Φ25,HRB400E,永锋,3670,山东烟台,None,None
2026-05-16,螺纹钢,Φ25,HRB400E,石横特钢,3670,山东烟台,None,None
2026-05-16,螺纹钢,Φ25,HRB400E,江苏镔鑫,3650,山东烟台,None,None
2026-05-16,螺纹钢,Φ25,HRB400E,莱钢,3450,山东烟台,None,None
2026-05-16,螺纹钢,Φ25,HRB400E,永锋,3450,山东烟台,None,None
2026-05-16,螺纹钢,Φ25,HRB400E,石横特钢,3450,山东烟台,None,None
2026-05-16,螺纹钢,Φ25,HRB400E,江苏镔鑫,3430,山东烟台,None,None
2026-05-16,螺纹钢,Φ25,HRB500E,莱钢,3660,山东烟台,None,None
2026-05-16,螺纹钢,Φ25,HRB500E,永锋,3660,山东烟台,None,None
2026-05-16,螺纹钢,Φ25,HRB500E,石横特钢,3660,山东烟台,None,None
2026-05-16,螺纹钢,Φ25,HRB500E,江苏镔鑫,3640,山东烟台,None,None
2026-05-16,螺纹钢,Φ25,HRB400E,莱钢,3460,山东烟台,None,None
2026-05-16,螺纹钢,Φ25,HRB400E,永锋,3460,山东烟台,None,None
2026-05-16,螺纹钢,Φ25,HRB400E,石横特钢,3460,山东烟台,None,None
2026-05-16,螺纹钢,Φ25,HRB400E,江苏镔鑫,3440,山东烟台,None,None
2026-05-16,螺纹钢,Φ25,HRB500E,莱钢,3670,山东烟台,None,None
2026-05-16,螺纹钢,Φ25,HRB500E,永锋,3670,山东烟台,None,None
2026-05-16,螺纹钢,Φ25,HRB500E,石横特钢,3670,山东烟台,None,None
2026-05-16,螺纹钢,Φ25,HRB500E,江苏镔鑫,3650,山东烟台,None,None
2026-05-16,螺纹钢,Φ28-32,HRB400E,莱钢,3730,山东烟台,None,None
2026-05-16,螺纹钢,Φ28-32,HRB400E,永锋,3730,山东烟台,None,None
2026-05-16,螺纹钢,Φ28-32,HRB400E,石横特钢,3730,山东烟台,None,None
2026-05-16,螺纹钢,Φ28-32,HRB400E,江苏镔鑫,3700,山东烟台,None,None
2026-05-16,螺纹钢,Φ28-32,HRB400E,莱钢,3510,山东烟台,None,None
2026-05-16,螺纹钢,Φ28-32,HRB400E,永锋,3510,山东烟台,None,None
2026-05-16,螺纹钢,Φ28-32,HRB400E,石横特钢,3510,山东烟台,None,None
2026-05-16,螺纹钢,Φ28-32,HRB400E,江苏镔鑫,3480,山东烟台,None,None
2026-05-16,螺纹钢,Φ28-32,HRB500E,莱钢,3720,山东烟台,None,None
2026-05-16,螺纹钢,Φ28-32,HRB500E,永锋,3720,山东烟台,None,None
2026-05-16,螺纹钢,Φ28-32,HRB500E,石横特钢,3720,山东烟台,None,None
2026-05-16,螺纹钢,Φ28-32,HRB500E,江苏镔鑫,3690,山东烟台,None,None
2026-05-16,螺纹钢,Φ28-32,HRB400E,莱钢,3520,山东烟台,None,None
2026-05-16,螺纹钢,Φ28-32,HRB400E,永锋,3520,山东烟台,None,None
2026-05-16,螺纹钢,Φ28-32,HRB400E,石横特钢,3520,山东烟台,None,None
2026-05-16,螺纹钢,Φ28-32,HRB400E,江苏镔鑫,3490,山东烟台,None,None
2026-05-16,螺纹钢,Φ28-32,HRB500E,莱钢,3730,山东烟台,None,None
2026-05-16,螺纹钢,Φ28-32,HRB500E,永锋,3730,山东烟台,None,None
2026-05-16,螺纹钢,Φ28-32,HRB500E,石横特钢,3730,山东烟台,None,None
2026-05-16,螺纹钢,Φ28-32,HRB500E,江苏镔鑫,3700,山东烟台,None,None
2026-05-16,螺纹钢,Φ36-40,HRB400E,莱钢,3860,山东烟台,None,None
2026-05-16,螺纹钢,Φ36-40,HRB400E,永锋,3860,山东烟台,None,None
2026-05-16,螺纹钢,Φ36-40,HRB400E,石横特钢,3860,山东烟台,None,None
2026-05-16,螺纹钢,Φ36-40,HRB400E,江苏镔鑫,3830,山东烟台,None,None
2026-05-16,螺纹钢,Φ36-40,HRB400E,莱钢,3640,山东烟台,None,None
2026-05-16,螺纹钢,Φ36-40,HRB400E,永锋,3640,山东烟台,None,None
2026-05-16,螺纹钢,Φ36-40,HRB400E,石横特钢,3640,山东烟台,None,None
2026-05-16,螺纹钢,Φ36-40,HRB400E,江苏镔鑫,3610,山东烟台,None,None
2026-05-16,螺纹钢,Φ36-40,HRB500E,莱钢,3850,山东烟台,None,None
2026-05-16,螺纹钢,Φ36-40,HRB500E,永锋,3850,山东烟台,None,None
2026-05-16,螺纹钢,Φ36-40,HRB500E,石横特钢,3850,山东烟台,None,None
2026-05-16,螺纹钢,Φ36-40,HRB500E,江苏镔鑫,3820,山东烟台,None,None
2026-05-16,螺纹钢,Φ36-40,HRB400E,莱钢,3650,山东烟台,None,None
2026-05-16,螺纹钢,Φ36-40,HRB400E,永锋,3650,山东烟台,None,None
2026-05-16,螺纹钢,Φ36-40,HRB400E,石横特钢,3650,山东烟台,None,None
2026-05-16,螺纹钢,Φ36-40,HRB400E,江苏镔鑫,3620,山东烟台,None,None
2026-05-16,螺纹钢,Φ36-40,HRB500E,莱钢,3860,山东烟台,None,None
2026-05-16,螺纹钢,Φ36-40,HRB500E,永锋,3860,山东烟台,None,None
2026-05-16,螺纹钢,Φ36-40,HRB500E,石横特钢,3860,山东烟台,None,None
2026-05-16,螺纹钢,Φ36-40,HRB500E,江苏镔鑫,3830,山东烟台,None,None
2026-05-16,高线,Φ10,HPB300,永锋,3620,山东烟台,None,None
2026-05-16,高线,Φ10,HPB300,石横特钢,3620,山东烟台,None,None
2026-05-16,高线,Φ10,HPB300,江苏镔鑫,3580,山东烟台,None,None
2026-05-16,高线,Φ10,HPB300,永锋,3610,山东烟台,None,None
2026-05-16,高线,Φ10,HPB300,石横特钢,3610,山东烟台,None,None
2026-05-16,高线,Φ10,HPB300,江苏镔鑫,3570,山东烟台,None,None
2026-05-16,高线,Φ10,HPB300,永锋,3620,山东烟台,None,None
2026-05-16,高线,Φ10,HPB300,石横特钢,3620,山东烟台,None,None
2026-05-16,高线,Φ10,HPB300,江苏镔鑫,3580,山东烟台,None,None
2026-05-16,高线,Φ12,HPB300,永锋,3790,山东烟台,None,None
2026-05-16,高线,Φ12,HPB300,石横特钢,3790,山东烟台,None,None
2026-05-16,高线,Φ12,HPB300,永锋,3780,山东烟台,None,None
2026-05-16,高线,Φ12,HPB300,石横特钢,3780,山东烟台,None,None
2026-05-16,高线,Φ12,HPB300,永锋,3790,山东烟台,None,None
2026-05-16,高线,Φ12,HPB300,石横特钢,3790,山东烟台,None,None
2026-05-16,高线,Φ6,HPB300,永锋,3940,山东烟台,None,None
2026-05-16,高线,Φ6,HPB300,石横特钢,3940,山东烟台,None,None
2026-05-16,高线,Φ6,HPB300,江苏镔鑫,3880,山东烟台,None,None
2026-05-16,高线,Φ6,HPB300,永锋,3930,山东烟台,None,None
2026-05-16,高线,Φ6,HPB300,石横特钢,3930,山东烟台,None,None
2026-05-16,高线,Φ6,HPB300,江苏镔鑫,3870,山东烟台,None,None
2026-05-16,高线,Φ6,HPB300,永锋,3940,山东烟台,None,None
2026-05-16,高线,Φ6,HPB300,石横特钢,3940,山东烟台,None,None
2026-05-16,高线,Φ6,HPB300,江苏镔鑫,3880,山东烟台,None,None
2026-05-16,高线,Φ8,HPB300,永锋,3620,山东烟台,None,None
2026-05-16,高线,Φ8,HPB300,石横特钢,3620,山东烟台,None,None
2026-05-16,高线,Φ8,HPB300,江苏镔鑫,3580,山东烟台,None,None
2026-05-16,高线,Φ8,HPB300,永锋,3610,山东烟台,None,None
2026-05-16,高线,Φ8,HPB300,石横特钢,3610,山东烟台,None,None
2026-05-16,高线,Φ8,HPB300,江苏镔鑫,3570,山东烟台,None,None
2026-05-16,高线,Φ8,HPB300,永锋,3620,山东烟台,None,None
2026-05-16,高线,Φ8,HPB300,石横特钢,3620,山东烟台,None,None
2026-05-16,高线,Φ8,HPB300,江苏镔鑫,3580,山东烟台,None,None
2026-05-15,圆钢,Φ12-22,HPB300,永锋,3510,山东烟台,None,None
2026-05-15,圆钢,Φ12-22,HPB300,石横特钢,3510,山东烟台,None,None
2026-05-15,圆钢,Φ12-22,HPB300,永锋,3520,山东烟台,None,None
2026-05-15,圆钢,Φ12-22,HPB300,石横特钢,3520,山东烟台,None,None
2026-05-15,圆钢,Φ12-22,HPB300,永锋,3510,山东烟台,None,None
2026-05-15,圆钢,Φ12-22,HPB300,石横特钢,3510,山东烟台,None,None
2026-05-15,圆钢,Φ25-32,HPB300,永锋,3760,山东烟台,None,None
2026-05-15,圆钢,Φ25-32,HPB300,石横特钢,3760,山东烟台,None,None
2026-05-15,圆钢,Φ25-32,HPB300,永锋,3770,山东烟台,None,None
2026-05-15,圆钢,Φ25-32,HPB300,石横特钢,3770,山东烟台,None,None
2026-05-15,圆钢,Φ25-32,HPB300,永锋,3760,山东烟台,None,None
2026-05-15,圆钢,Φ25-32,HPB300,石横特钢,3760,山东烟台,None,None
2026-05-15,盘螺,Φ10,HRB400E,永锋,3820,山东烟台,None,None
2026-05-15,盘螺,Φ10,HRB400E,石横特钢,3820,山东烟台,None,None
2026-05-15,盘螺,Φ10,HRB400E,江苏镔鑫,3780,山东烟台,None,None
2026-05-15,盘螺,Φ10,HRB400E,敬业营口,3780,山东烟台,None,None
2026-05-15,盘螺,Φ10,HRB400E,永锋,3620,山东烟台,None,None
2026-05-15,盘螺,Φ10,HRB400E,石横特钢,3620,山东烟台,None,None
2026-05-15,盘螺,Φ10,HRB400E,江苏镔鑫,3580,山东烟台,None,None
2026-05-15,盘螺,Φ10,HRB400E,敬业营口,3570,山东烟台,None,None
2026-05-15,盘螺,Φ10,HRB500E,永锋,3830,山东烟台,None,None
2026-05-15,盘螺,Φ10,HRB500E,石横特钢,3830,山东烟台,None,None
2026-05-15,盘螺,Φ10,HRB500E,江苏镔鑫,3790,山东烟台,None,None
2026-05-15,盘螺,Φ10,HRB500E,敬业营口,3790,山东烟台,None,None
2026-05-15,盘螺,Φ10,HRB400E,永锋,3610,山东烟台,None,None
2026-05-15,盘螺,Φ10,HRB400E,石横特钢,3610,山东烟台,None,None
2026-05-15,盘螺,Φ10,HRB400E,江苏镔鑫,3570,山东烟台,None,None
2026-05-15,盘螺,Φ10,HRB400E,敬业营口,3560,山东烟台,None,None
2026-05-15,盘螺,Φ10,HRB500E,永锋,3820,山东烟台,None,None
2026-05-15,盘螺,Φ10,HRB500E,石横特钢,3820,山东烟台,None,None
2026-05-15,盘螺,Φ10,HRB500E,江苏镔鑫,3780,山东烟台,None,None
2026-05-15,盘螺,Φ10,HRB500E,敬业营口,3780,山东烟台,None,None
2026-05-15,盘螺,Φ12,HRB400E,永锋,3780,山东烟台,None,None
2026-05-15,盘螺,Φ12,HRB400E,石横特钢,3780,山东烟台,None,None
2026-05-15,盘螺,Φ12,HRB400E,永锋,3790,山东烟台,None,None
2026-05-15,盘螺,Φ12,HRB400E,石横特钢,3790,山东烟台,None,None
2026-05-15,盘螺,Φ12,HRB400E,永锋,3780,山东烟台,None,None
2026-05-15,盘螺,Φ12,HRB400E,石横特钢,3780,山东烟台,None,None
2026-05-15,盘螺,Φ6,HRB400E,永锋,3930,山东烟台,None,None
2026-05-15,盘螺,Φ6,HRB400E,石横特钢,3930,山东烟台,None,None
2026-05-15,盘螺,Φ6,HRB400E,永锋,3940,山东烟台,None,None
2026-05-15,盘螺,Φ6,HRB400E,石横特钢,3940,山东烟台,None,None
2026-05-15,盘螺,Φ6,HRB400E,永锋,3930,山东烟台,None,None
2026-05-15,盘螺,Φ6,HRB400E,石横特钢,3930,山东烟台,None,None
2026-05-15,盘螺,Φ8,HRB400E,永锋,3820,山东烟台,None,None
2026-05-15,盘螺,Φ8,HRB400E,石横特钢,3820,山东烟台,None,None
2026-05-15,盘螺,Φ8,HRB400E,日照,3580,山东烟台,None,None
2026-05-15,盘螺,Φ8,HRB400E,江苏镔鑫,3780,山东烟台,None,None
2026-05-15,盘螺,Φ8,HRB400E,敬业营口,3780,山东烟台,None,None
2026-05-15,盘螺,Φ8,HRB400E,永锋,3620,山东烟台,None,None
2026-05-15,盘螺,Φ8,HRB400E,石横特钢,3620,山东烟台,None,None
2026-05-15,盘螺,Φ8,HRB400E,日照,3590,山东烟台,None,None
2026-05-15,盘螺,Φ8,HRB400E,江苏镔鑫,3580,山东烟台,None,None
2026-05-15,盘螺,Φ8,HRB400E,敬业营口,3570,山东烟台,None,None
2026-05-15,盘螺,Φ8,HRB500E,永锋,3830,山东烟台,None,None
2026-05-15,盘螺,Φ8,HRB500E,石横特钢,3830,山东烟台,None,None
2026-05-15,盘螺,Φ8,HRB500E,江苏镔鑫,3790,山东烟台,None,None
2026-05-15,盘螺,Φ8,HRB500E,敬业营口,3790,山东烟台,None,None
2026-05-15,盘螺,Φ8,HRB400E,永锋,3610,山东烟台,None,None
2026-05-15,盘螺,Φ8,HRB400E,石横特钢,3610,山东烟台,None,None
2026-05-15,盘螺,Φ8,HRB400E,日照,3580,山东烟台,None,None
2026-05-15,盘螺,Φ8,HRB400E,江苏镔鑫,3570,山东烟台,None,None
2026-05-15,盘螺,Φ8,HRB400E,敬业营口,3560,山东烟台,None,None
2026-05-15,盘螺,Φ8,HRB500E,永锋,3820,山东烟台,None,None
2026-05-15,盘螺,Φ8,HRB500E,石横特钢,3820,山东烟台,None,None
2026-05-15,盘螺,Φ8,HRB500E,江苏镔鑫,3780,山东烟台,None,None
2026-05-15,盘螺,Φ8,HRB500E,敬业营口,3780,山东烟台,None,None
2026-05-15,螺纹钢,Φ10,HRB400E,莱钢,3740,山东烟台,None,None
2026-05-15,螺纹钢,Φ10,HRB400E,永锋,3740,山东烟台,None,None
2026-05-15,螺纹钢,Φ10,HRB400E,石横特钢,3740,山东烟台,None,None
2026-05-15,螺纹钢,Φ10,HRB400E,莱钢,3540,山东烟台,None,None
2026-05-15,螺纹钢,Φ10,HRB400E,永锋,3540,山东烟台,None,None
2026-05-15,螺纹钢,Φ10,HRB400E,石横特钢,3540,山东烟台,None,None
2026-05-15,螺纹钢,Φ10,HRB500E,莱钢,3750,山东烟台,None,None
2026-05-15,螺纹钢,Φ10,HRB500E,永锋,3750,山东烟台,None,None
2026-05-15,螺纹钢,Φ10,HRB500E,石横特钢,3750,山东烟台,None,None
2026-05-15,螺纹钢,Φ10,HRB400E,莱钢,3530,山东烟台,None,None
2026-05-15,螺纹钢,Φ10,HRB400E,永锋,3530,山东烟台,None,None
2026-05-15,螺纹钢,Φ10,HRB400E,石横特钢,3530,山东烟台,None,None
2026-05-15,螺纹钢,Φ10,HRB500E,莱钢,3740,山东烟台,None,None
2026-05-15,螺纹钢,Φ10,HRB500E,永锋,3740,山东烟台,None,None
2026-05-15,螺纹钢,Φ10,HRB500E,石横特钢,3740,山东烟台,None,None
2026-05-15,螺纹钢,Φ12,HRB400E,莱钢,3510,山东烟台,None,None
2026-05-15,螺纹钢,Φ12,HRB400E,永锋,3510,山东烟台,None,None
2026-05-15,螺纹钢,Φ12,HRB400E,石横特钢,3510,山东烟台,None,None
2026-05-15,螺纹钢,Φ12,HRB400E,江苏镔鑫,3690,山东烟台,None,None
2026-05-15,螺纹钢,Φ12,HRB400E,莱钢,3520,山东烟台,None,None
2026-05-15,螺纹钢,Φ12,HRB400E,永锋,3520,山东烟台,None,None
2026-05-15,螺纹钢,Φ12,HRB400E,石横特钢,3520,山东烟台,None,None
2026-05-15,螺纹钢,Φ12,HRB400E,江苏镔鑫,3490,山东烟台,None,None
2026-05-15,螺纹钢,Φ12,HRB500E,江苏镔鑫,3700,山东烟台,None,None
2026-05-15,螺纹钢,Φ12,HRB400E,莱钢,3510,山东烟台,None,None
2026-05-15,螺纹钢,Φ12,HRB400E,永锋,3510,山东烟台,None,None
2026-05-15,螺纹钢,Φ12,HRB400E,石横特钢,3510,山东烟台,None,None
2026-05-15,螺纹钢,Φ12,HRB400E,江苏镔鑫,3480,山东烟台,None,None
2026-05-15,螺纹钢,Φ12,HRB500E,江苏镔鑫,3690,山东烟台,None,None
2026-05-15,螺纹钢,Φ12-14,HRB500E,莱钢,3690,山东烟台,None,None
2026-05-15,螺纹钢,Φ12-14,HRB500E,永锋,3690,山东烟台,None,None
2026-05-15,螺纹钢,Φ12-14,HRB500E,石横特钢,3690,山东烟台,None,None
2026-05-15,螺纹钢,Φ12-14,HRB500E,莱钢,3700,山东烟台,None,None
2026-05-15,螺纹钢,Φ12-14,HRB500E,永锋,3700,山东烟台,None,None
2026-05-15,螺纹钢,Φ12-14,HRB500E,石横特钢,3700,山东烟台,None,None
2026-05-15,螺纹钢,Φ12-14,HRB500E,莱钢,3690,山东烟台,None,None
2026-05-15,螺纹钢,Φ12-14,HRB500E,永锋,3690,山东烟台,None,None
2026-05-15,螺纹钢,Φ12-14,HRB500E,石横特钢,3690,山东烟台,None,None
2026-05-15,螺纹钢,Φ14,HRB400E,莱钢,3480,山东烟台,None,None
2026-05-15,螺纹钢,Φ14,HRB400E,永锋,3480,山东烟台,None,None
2026-05-15,螺纹钢,Φ14,HRB400E,石横特钢,3480,山东烟台,None,None
2026-05-15,螺纹钢,Φ14,HRB400E,江苏镔鑫,3670,山东烟台,None,None
2026-05-15,螺纹钢,Φ14,HRB400E,莱钢,3490,山东烟台,None,None
2026-05-15,螺纹钢,Φ14,HRB400E,永锋,3490,山东烟台,None,None
2026-05-15,螺纹钢,Φ14,HRB400E,石横特钢,3490,山东烟台,None,None
2026-05-15,螺纹钢,Φ14,HRB400E,江苏镔鑫,3470,山东烟台,None,None
2026-05-15,螺纹钢,Φ14,HRB500E,江苏镔鑫,3680,山东烟台,None,None
2026-05-15,螺纹钢,Φ14,HRB400E,莱钢,3480,山东烟台,None,None
2026-05-15,螺纹钢,Φ14,HRB400E,永锋,3480,山东烟台,None,None
2026-05-15,螺纹钢,Φ14,HRB400E,石横特钢,3480,山东烟台,None,None
2026-05-15,螺纹钢,Φ14,HRB400E,江苏镔鑫,3460,山东烟台,None,None
2026-05-15,螺纹钢,Φ14,HRB500E,江苏镔鑫,3670,山东烟台,None,None
2026-05-15,螺纹钢,Φ16,HRB400E,莱钢,3660,山东烟台,None,None
2026-05-15,螺纹钢,Φ16,HRB400E,永锋,3660,山东烟台,None,None
2026-05-15,螺纹钢,Φ16,HRB400E,石横特钢,3660,山东烟台,None,None
2026-05-15,螺纹钢,Φ16,HRB400E,江苏镔鑫,3640,山东烟台,None,None
2026-05-15,螺纹钢,Φ16,HRB400E,莱钢,3460,山东烟台,None,None
2026-05-15,螺纹钢,Φ16,HRB400E,永锋,3460,山东烟台,None,None
2026-05-15,螺纹钢,Φ16,HRB400E,石横特钢,3460,山东烟台,None,None
2026-05-15,螺纹钢,Φ16,HRB400E,江苏镔鑫,3440,山东烟台,None,None
2026-05-15,螺纹钢,Φ16,HRB500E,莱钢,3670,山东烟台,None,None
2026-05-15,螺纹钢,Φ16,HRB500E,永锋,3670,山东烟台,None,None
2026-05-15,螺纹钢,Φ16,HRB500E,石横特钢,3670,山东烟台,None,None
2026-05-15,螺纹钢,Φ16,HRB500E,江苏镔鑫,3650,山东烟台,None,None
2026-05-15,螺纹钢,Φ16,HRB400E,莱钢,3450,山东烟台,None,None
2026-05-15,螺纹钢,Φ16,HRB400E,永锋,3450,山东烟台,None,None
2026-05-15,螺纹钢,Φ16,HRB400E,石横特钢,3450,山东烟台,None,None
2026-05-15,螺纹钢,Φ16,HRB400E,江苏镔鑫,3430,山东烟台,None,None
2026-05-15,螺纹钢,Φ16,HRB500E,莱钢,3660,山东烟台,None,None
2026-05-15,螺纹钢,Φ16,HRB500E,永锋,3660,山东烟台,None,None
2026-05-15,螺纹钢,Φ16,HRB500E,石横特钢,3660,山东烟台,None,None
2026-05-15,螺纹钢,Φ16,HRB500E,江苏镔鑫,3640,山东烟台,None,None
2026-05-15,螺纹钢,Φ18,HRB400E,莱钢,3660,山东烟台,None,None
2026-05-15,螺纹钢,Φ18,HRB400E,永锋,3660,山东烟台,None,None
2026-05-15,螺纹钢,Φ18,HRB400E,石横特钢,3660,山东烟台,None,None
2026-05-15,螺纹钢,Φ18,HRB400E,江苏镔鑫,3640,山东烟台,None,None
2026-05-15,螺纹钢,Φ18,HRB400E,莱钢,3460,山东烟台,None,None
2026-05-15,螺纹钢,Φ18,HRB400E,永锋,3460,山东烟台,None,None
2026-05-15,螺纹钢,Φ18,HRB400E,石横特钢,3460,山东烟台,None,None
2026-05-15,螺纹钢,Φ18,HRB400E,江苏镔鑫,3440,山东烟台,None,None
2026-05-15,螺纹钢,Φ18,HRB500E,莱钢,3670,山东烟台,None,None
2026-05-15,螺纹钢,Φ18,HRB500E,永锋,3670,山东烟台,None,None
2026-05-15,螺纹钢,Φ18,HRB500E,石横特钢,3670,山东烟台,None,None
2026-05-15,螺纹钢,Φ18,HRB500E,江苏镔鑫,3650,山东烟台,None,None
2026-05-15,螺纹钢,Φ18,HRB400E,莱钢,3450,山东烟台,None,None
2026-05-15,螺纹钢,Φ18,HRB400E,永锋,3450,山东烟台,None,None
2026-05-15,螺纹钢,Φ18,HRB400E,石横特钢,3450,山东烟台,None,None
2026-05-15,螺纹钢,Φ18,HRB400E,江苏镔鑫,3430,山东烟台,None,None
2026-05-15,螺纹钢,Φ18,HRB500E,莱钢,3660,山东烟台,None,None
2026-05-15,螺纹钢,Φ18,HRB500E,永锋,3660,山东烟台,None,None
2026-05-15,螺纹钢,Φ18,HRB500E,石横特钢,3660,山东烟台,None,None
2026-05-15,螺纹钢,Φ18,HRB500E,江苏镔鑫,3640,山东烟台,None,None
2026-05-15,螺纹钢,Φ20,HRB400E,莱钢,3660,山东烟台,None,None
2026-05-15,螺纹钢,Φ20,HRB400E,永锋,3660,山东烟台,None,None
2026-05-15,螺纹钢,Φ20,HRB400E,石横特钢,3660,山东烟台,None,None
2026-05-15,螺纹钢,Φ20,HRB400E,江苏镔鑫,3640,山东烟台,None,None
2026-05-15,螺纹钢,Φ20,HRB400E,莱钢,3460,山东烟台,None,None
2026-05-15,螺纹钢,Φ20,HRB400E,永锋,3460,山东烟台,None,None
2026-05-15,螺纹钢,Φ20,HRB400E,石横特钢,3460,山东烟台,None,None
2026-05-15,螺纹钢,Φ20,HRB400E,江苏镔鑫,3440,山东烟台,None,None
2026-05-15,螺纹钢,Φ20,HRB500E,莱钢,3670,山东烟台,None,None
2026-05-15,螺纹钢,Φ20,HRB500E,永锋,3670,山东烟台,None,None
2026-05-15,螺纹钢,Φ20,HRB500E,石横特钢,3670,山东烟台,None,None
2026-05-15,螺纹钢,Φ20,HRB500E,江苏镔鑫,3650,山东烟台,None,None
2026-05-15,螺纹钢,Φ20,HRB400E,莱钢,3450,山东烟台,None,None
2026-05-15,螺纹钢,Φ20,HRB400E,永锋,3450,山东烟台,None,None
2026-05-15,螺纹钢,Φ20,HRB400E,石横特钢,3450,山东烟台,None,None
2026-05-15,螺纹钢,Φ20,HRB400E,江苏镔鑫,3430,山东烟台,None,None
2026-05-15,螺纹钢,Φ20,HRB500E,莱钢,3660,山东烟台,None,None
2026-05-15,螺纹钢,Φ20,HRB500E,永锋,3660,山东烟台,None,None
2026-05-15,螺纹钢,Φ20,HRB500E,石横特钢,3660,山东烟台,None,None
2026-05-15,螺纹钢,Φ20,HRB500E,江苏镔鑫,3640,山东烟台,None,None
2026-05-15,螺纹钢,Φ22,HRB400E,莱钢,3570,山东烟台,None,None
2026-05-15,螺纹钢,Φ22,HRB400E,永锋,3570,山东烟台,None,None
2026-05-15,螺纹钢,Φ22,HRB400E,石横特钢,3570,山东烟台,None,None
2026-05-15,螺纹钢,Φ22,HRB400E,江苏镔鑫,3550,山东烟台,None,None
2026-05-15,螺纹钢,Φ22,HRB400E,莱钢,3370,山东烟台,None,None
2026-05-15,螺纹钢,Φ22,HRB400E,永锋,3370,山东烟台,None,None
2026-05-15,螺纹钢,Φ22,HRB400E,石横特钢,3370,山东烟台,None,None
2026-05-15,螺纹钢,Φ22,HRB400E,江苏镔鑫,3350,山东烟台,None,None
2026-05-15,螺纹钢,Φ22,HRB500E,莱钢,3580,山东烟台,None,None
2026-05-15,螺纹钢,Φ22,HRB500E,永锋,3580,山东烟台,None,None
2026-05-15,螺纹钢,Φ22,HRB500E,石横特钢,3580,山东烟台,None,None
2026-05-15,螺纹钢,Φ22,HRB500E,江苏镔鑫,3560,山东烟台,None,None
2026-05-15,螺纹钢,Φ22,HRB400E,莱钢,3360,山东烟台,None,None
2026-05-15,螺纹钢,Φ22,HRB400E,永锋,3360,山东烟台,None,None
2026-05-15,螺纹钢,Φ22,HRB400E,石横特钢,3360,山东烟台,None,None
2026-05-15,螺纹钢,Φ22,HRB400E,江苏镔鑫,3340,山东烟台,None,None
2026-05-15,螺纹钢,Φ22,HRB500E,莱钢,3570,山东烟台,None,None
2026-05-15,螺纹钢,Φ22,HRB500E,永锋,3570,山东烟台,None,None
2026-05-15,螺纹钢,Φ22,HRB500E,石横特钢,3570,山东烟台,None,None
2026-05-15,螺纹钢,Φ22,HRB500E,江苏镔鑫,3550,山东烟台,None,None
2026-05-15,螺纹钢,Φ25,HRB400E,莱钢,3660,山东烟台,None,None
2026-05-15,螺纹钢,Φ25,HRB400E,永锋,3660,山东烟台,None,None
2026-05-15,螺纹钢,Φ25,HRB400E,石横特钢,3660,山东烟台,None,None
2026-05-15,螺纹钢,Φ25,HRB400E,江苏镔鑫,3640,山东烟台,None,None
2026-05-15,螺纹钢,Φ25,HRB400E,莱钢,3480,山东烟台,None,None
2026-05-15,螺纹钢,Φ25,HRB400E,永锋,3480,山东烟台,None,None
2026-05-15,螺纹钢,Φ25,HRB400E,石横特钢,3480,山东烟台,None,None
2026-05-15,螺纹钢,Φ25,HRB400E,江苏镔鑫,3460,山东烟台,None,None
2026-05-15,螺纹钢,Φ25,HRB500E,莱钢,3670,山东烟台,None,None
2026-05-15,螺纹钢,Φ25,HRB500E,永锋,3670,山东烟台,None,None
2026-05-15,螺纹钢,Φ25,HRB500E,石横特钢,3670,山东烟台,None,None
2026-05-15,螺纹钢,Φ25,HRB500E,江苏镔鑫,3650,山东烟台,None,None
2026-05-15,螺纹钢,Φ25,HRB400E,莱钢,3450,山东烟台,None,None
2026-05-15,螺纹钢,Φ25,HRB400E,永锋,3450,山东烟台,None,None
2026-05-15,螺纹钢,Φ25,HRB400E,石横特钢,3450,山东烟台,None,None
2026-05-15,螺纹钢,Φ25,HRB400E,江苏镔鑫,3430,山东烟台,None,None
2026-05-15,螺纹钢,Φ25,HRB500E,莱钢,3660,山东烟台,None,None
2026-05-15,螺纹钢,Φ25,HRB500E,永锋,3660,山东烟台,None,None
2026-05-15,螺纹钢,Φ25,HRB500E,石横特钢,3660,山东烟台,None,None
2026-05-15,螺纹钢,Φ25,HRB500E,江苏镔鑫,3640,山东烟台,None,None
2026-05-15,螺纹钢,Φ28-32,HRB400E,莱钢,3720,山东烟台,None,None
2026-05-15,螺纹钢,Φ28-32,HRB400E,永锋,3720,山东烟台,None,None
2026-05-15,螺纹钢,Φ28-32,HRB400E,石横特钢,3720,山东烟台,None,None
2026-05-15,螺纹钢,Φ28-32,HRB400E,江苏镔鑫,3690,山东烟台,None,None
2026-05-15,螺纹钢,Φ28-32,HRB400E,莱钢,3520,山东烟台,None,None
2026-05-15,螺纹钢,Φ28-32,HRB400E,永锋,3520,山东烟台,None,None
2026-05-15,螺纹钢,Φ28-32,HRB400E,石横特钢,3520,山东烟台,None,None
2026-05-15,螺纹钢,Φ28-32,HRB400E,江苏镔鑫,3490,山东烟台,None,None
2026-05-15,螺纹钢,Φ28-32,HRB500E,莱钢,3730,山东烟台,None,None
2026-05-15,螺纹钢,Φ28-32,HRB500E,永锋,3730,山东烟台,None,None
2026-05-15,螺纹钢,Φ28-32,HRB500E,石横特钢,3730,山东烟台,None,None
2026-05-15,螺纹钢,Φ28-32,HRB500E,江苏镔鑫,3700,山东烟台,None,None
2026-05-15,螺纹钢,Φ28-32,HRB400E,莱钢,3510,山东烟台,None,None
2026-05-15,螺纹钢,Φ28-32,HRB400E,永锋,3510,山东烟台,None,None
2026-05-15,螺纹钢,Φ28-32,HRB400E,石横特钢,3510,山东烟台,None,None
2026-05-15,螺纹钢,Φ28-32,HRB400E,江苏镔鑫,3480,山东烟台,None,None
2026-05-15,螺纹钢,Φ28-32,HRB500E,莱钢,3720,山东烟台,None,None
2026-05-15,螺纹钢,Φ28-32,HRB500E,永锋,3720,山东烟台,None,None
2026-05-15,螺纹钢,Φ28-32,HRB500E,石横特钢,3720,山东烟台,None,None
2026-05-15,螺纹钢,Φ28-32,HRB500E,江苏镔鑫,3690,山东烟台,None,None
2026-05-15,螺纹钢,Φ36-40,HRB400E,莱钢,3850,山东烟台,None,None
2026-05-15,螺纹钢,Φ36-40,HRB400E,永锋,3850,山东烟台,None,None
2026-05-15,螺纹钢,Φ36-40,HRB400E,石横特钢,3850,山东烟台,None,None
2026-05-15,螺纹钢,Φ36-40,HRB400E,江苏镔鑫,3820,山东烟台,None,None
2026-05-15,螺纹钢,Φ36-40,HRB400E,莱钢,3650,山东烟台,None,None
2026-05-15,螺纹钢,Φ36-40,HRB400E,永锋,3650,山东烟台,None,None
2026-05-15,螺纹钢,Φ36-40,HRB400E,石横特钢,3650,山东烟台,None,None
2026-05-15,螺纹钢,Φ36-40,HRB400E,江苏镔鑫,3620,山东烟台,None,None
2026-05-15,螺纹钢,Φ36-40,HRB500E,莱钢,3860,山东烟台,None,None
2026-05-15,螺纹钢,Φ36-40,HRB500E,永锋,3860,山东烟台,None,None
2026-05-15,螺纹钢,Φ36-40,HRB500E,石横特钢,3860,山东烟台,None,None
2026-05-15,螺纹钢,Φ36-40,HRB500E,江苏镔鑫,3830,山东烟台,None,None
2026-05-15,螺纹钢,Φ36-40,HRB400E,莱钢,3640,山东烟台,None,None
2026-05-15,螺纹钢,Φ36-40,HRB400E,永锋,3640,山东烟台,None,None
2026-05-15,螺纹钢,Φ36-40,HRB400E,石横特钢,3640,山东烟台,None,None
2026-05-15,螺纹钢,Φ36-40,HRB400E,江苏镔鑫,3610,山东烟台,None,None
2026-05-15,螺纹钢,Φ36-40,HRB500E,莱钢,3850,山东烟台,None,None
2026-05-15,螺纹钢,Φ36-40,HRB500E,永锋,3850,山东烟台,None,None
2026-05-15,螺纹钢,Φ36-40,HRB500E,石横特钢,3850,山东烟台,None,None
2026-05-15,螺纹钢,Φ36-40,HRB500E,江苏镔鑫,3820,山东烟台,None,None
2026-05-15,高线,Φ10,HPB300,永锋,3610,山东烟台,None,None
2026-05-15,高线,Φ10,HPB300,石横特钢,3610,山东烟台,None,None
2026-05-15,高线,Φ10,HPB300,江苏镔鑫,3570,山东烟台,None,None
2026-05-15,高线,Φ10,HPB300,永锋,3620,山东烟台,None,None
2026-05-15,高线,Φ10,HPB300,石横特钢,3620,山东烟台,None,None
2026-05-15,高线,Φ10,HPB300,江苏镔鑫,3580,山东烟台,None,None
2026-05-15,高线,Φ10,HPB300,永锋,3610,山东烟台,None,None
2026-05-15,高线,Φ10,HPB300,石横特钢,3610,山东烟台,None,None
2026-05-15,高线,Φ10,HPB300,江苏镔鑫,3570,山东烟台,None,None
2026-05-15,高线,Φ12,HPB300,永锋,3780,山东烟台,None,None
2026-05-15,高线,Φ12,HPB300,石横特钢,3780,山东烟台,None,None
2026-05-15,高线,Φ12,HPB300,永锋,3790,山东烟台,None,None
2026-05-15,高线,Φ12,HPB300,石横特钢,3790,山东烟台,None,None
2026-05-15,高线,Φ12,HPB300,永锋,3780,山东烟台,None,None
2026-05-15,高线,Φ12,HPB300,石横特钢,3780,山东烟台,None,None
2026-05-15,高线,Φ6,HPB300,永锋,3930,山东烟台,None,None
2026-05-15,高线,Φ6,HPB300,石横特钢,3930,山东烟台,None,None
2026-05-15,高线,Φ6,HPB300,江苏镔鑫,3870,山东烟台,None,None
2026-05-15,高线,Φ6,HPB300,永锋,3940,山东烟台,None,None
2026-05-15,高线,Φ6,HPB300,石横特钢,3940,山东烟台,None,None
2026-05-15,高线,Φ6,HPB300,江苏镔鑫,3880,山东烟台,None,None
2026-05-15,高线,Φ6,HPB300,永锋,3930,山东烟台,None,None
2026-05-15,高线,Φ6,HPB300,石横特钢,3930,山东烟台,None,None
2026-05-15,高线,Φ6,HPB300,江苏镔鑫,3870,山东烟台,None,None
2026-05-15,高线,Φ8,HPB300,永锋,3610,山东烟台,None,None
2026-05-15,高线,Φ8,HPB300,石横特钢,3610,山东烟台,None,None
2026-05-15,高线,Φ8,HPB300,江苏镔鑫,3570,山东烟台,None,None
2026-05-15,高线,Φ8,HPB300,永锋,3620,山东烟台,None,None
2026-05-15,高线,Φ8,HPB300,石横特钢,3620,山东烟台,None,None
2026-05-15,高线,Φ8,HPB300,江苏镔鑫,3580,山东烟台,None,None
2026-05-15,高线,Φ8,HPB300,永锋,3610,山东烟台,None,None
2026-05-15,高线,Φ8,HPB300,石横特钢,3610,山东烟台,None,None
2026-05-15,高线,Φ8,HPB300,江苏镔鑫,3570,山东烟台,None,None
2026-05-14,圆钢,Φ12-22,HPB300,永锋,3510,山东烟台,None,None
2026-05-14,圆钢,Φ12-22,HPB300,石横特钢,3510,山东烟台,None,None
2026-05-14,圆钢,Φ12-22,HPB300,永锋,3520,山东烟台,None,None
2026-05-14,圆钢,Φ12-22,HPB300,石横特钢,3520,山东烟台,None,None
2026-05-14,圆钢,Φ12-22,HPB300,永锋,3510,山东烟台,None,None
2026-05-14,圆钢,Φ12-22,HPB300,石横特钢,3510,山东烟台,None,None
2026-05-14,圆钢,Φ25-32,HPB300,永锋,3760,山东烟台,None,None
2026-05-14,圆钢,Φ25-32,HPB300,石横特钢,3760,山东烟台,None,None
2026-05-14,圆钢,Φ25-32,HPB300,永锋,3770,山东烟台,None,None
2026-05-14,圆钢,Φ25-32,HPB300,石横特钢,3770,山东烟台,None,None
2026-05-14,圆钢,Φ25-32,HPB300,永锋,3760,山东烟台,None,None
2026-05-14,圆钢,Φ25-32,HPB300,石横特钢,3760,山东烟台,None,None
2026-05-14,盘螺,Φ10,HRB400E,永锋,3820,山东烟台,None,None
2026-05-14,盘螺,Φ10,HRB400E,石横特钢,3820,山东烟台,None,None
2026-05-14,盘螺,Φ10,HRB400E,江苏镔鑫,3780,山东烟台,None,None
2026-05-14,盘螺,Φ10,HRB400E,敬业营口,3780,山东烟台,None,None
2026-05-14,盘螺,Φ10,HRB400E,永锋,3620,山东烟台,None,None
2026-05-14,盘螺,Φ10,HRB400E,石横特钢,3620,山东烟台,None,None
2026-05-14,盘螺,Φ10,HRB400E,江苏镔鑫,3580,山东烟台,None,None
2026-05-14,盘螺,Φ10,HRB400E,敬业营口,3570,山东烟台,None,None
2026-05-14,盘螺,Φ10,HRB500E,永锋,3830,山东烟台,None,None
2026-05-14,盘螺,Φ10,HRB500E,石横特钢,3830,山东烟台,None,None
2026-05-14,盘螺,Φ10,HRB500E,江苏镔鑫,3790,山东烟台,None,None
2026-05-14,盘螺,Φ10,HRB500E,敬业营口,3790,山东烟台,None,None
2026-05-14,盘螺,Φ10,HRB400E,永锋,3610,山东烟台,None,None
2026-05-14,盘螺,Φ10,HRB400E,石横特钢,3610,山东烟台,None,None
2026-05-14,盘螺,Φ10,HRB400E,江苏镔鑫,3570,山东烟台,None,None
2026-05-14,盘螺,Φ10,HRB400E,敬业营口,3560,山东烟台,None,None
2026-05-14,盘螺,Φ10,HRB500E,永锋,3820,山东烟台,None,None
2026-05-14,盘螺,Φ10,HRB500E,石横特钢,3820,山东烟台,None,None
2026-05-14,盘螺,Φ10,HRB500E,江苏镔鑫,3780,山东烟台,None,None
2026-05-14,盘螺,Φ10,HRB500E,敬业营口,3780,山东烟台,None,None
2026-05-14,盘螺,Φ12,HRB400E,永锋,3780,山东烟台,None,None
2026-05-14,盘螺,Φ12,HRB400E,石横特钢,3780,山东烟台,None,None
2026-05-14,盘螺,Φ12,HRB400E,永锋,3790,山东烟台,None,None
2026-05-14,盘螺,Φ12,HRB400E,石横特钢,3790,山东烟台,None,None
2026-05-14,盘螺,Φ12,HRB400E,永锋,3780,山东烟台,None,None
2026-05-14,盘螺,Φ12,HRB400E,石横特钢,3780,山东烟台,None,None
2026-05-14,盘螺,Φ6,HRB400E,永锋,3930,山东烟台,None,None
2026-05-14,盘螺,Φ6,HRB400E,石横特钢,3930,山东烟台,None,None
2026-05-14,盘螺,Φ6,HRB400E,永锋,3940,山东烟台,None,None
2026-05-14,盘螺,Φ6,HRB400E,石横特钢,3940,山东烟台,None,None
2026-05-14,盘螺,Φ6,HRB400E,永锋,3930,山东烟台,None,None
2026-05-14,盘螺,Φ6,HRB400E,石横特钢,3930,山东烟台,None,None
2026-05-14,盘螺,Φ8,HRB400E,永锋,3820,山东烟台,None,None
2026-05-14,盘螺,Φ8,HRB400E,石横特钢,3820,山东烟台,None,None
2026-05-14,盘螺,Φ8,HRB400E,日照,3580,山东烟台,None,None
2026-05-14,盘螺,Φ8,HRB400E,江苏镔鑫,3780,山东烟台,None,None
2026-05-14,盘螺,Φ8,HRB400E,敬业营口,3780,山东烟台,None,None
2026-05-14,盘螺,Φ8,HRB400E,永锋,3620,山东烟台,None,None
2026-05-14,盘螺,Φ8,HRB400E,石横特钢,3620,山东烟台,None,None
2026-05-14,盘螺,Φ8,HRB400E,日照,3590,山东烟台,None,None
2026-05-14,盘螺,Φ8,HRB400E,江苏镔鑫,3580,山东烟台,None,None
2026-05-14,盘螺,Φ8,HRB400E,敬业营口,3570,山东烟台,None,None
2026-05-14,盘螺,Φ8,HRB500E,永锋,3830,山东烟台,None,None
2026-05-14,盘螺,Φ8,HRB500E,石横特钢,3830,山东烟台,None,None
2026-05-14,盘螺,Φ8,HRB500E,江苏镔鑫,3790,山东烟台,None,None
2026-05-14,盘螺,Φ8,HRB500E,敬业营口,3790,山东烟台,None,None
2026-05-14,盘螺,Φ8,HRB400E,永锋,3610,山东烟台,None,None
2026-05-14,盘螺,Φ8,HRB400E,石横特钢,3610,山东烟台,None,None
2026-05-14,盘螺,Φ8,HRB400E,日照,3580,山东烟台,None,None
2026-05-14,盘螺,Φ8,HRB400E,江苏镔鑫,3570,山东烟台,None,None
2026-05-14,盘螺,Φ8,HRB400E,敬业营口,3560,山东烟台,None,None
2026-05-14,盘螺,Φ8,HRB500E,永锋,3820,山东烟台,None,None
2026-05-14,盘螺,Φ8,HRB500E,石横特钢,3820,山东烟台,None,None
2026-05-14,盘螺,Φ8,HRB500E,江苏镔鑫,3780,山东烟台,None,None
2026-05-14,盘螺,Φ8,HRB500E,敬业营口,3780,山东烟台,None,None
2026-05-14,螺纹钢,Φ10,HRB400E,莱钢,3740,山东烟台,None,None
2026-05-14,螺纹钢,Φ10,HRB400E,永锋,3740,山东烟台,None,None
2026-05-14,螺纹钢,Φ10,HRB400E,石横特钢,3740,山东烟台,None,None
2026-05-14,螺纹钢,Φ10,HRB400E,莱钢,3540,山东烟台,None,None
2026-05-14,螺纹钢,Φ10,HRB400E,永锋,3540,山东烟台,None,None
2026-05-14,螺纹钢,Φ10,HRB400E,石横特钢,3540,山东烟台,None,None
2026-05-14,螺纹钢,Φ10,HRB500E,莱钢,3750,山东烟台,None,None
2026-05-14,螺纹钢,Φ10,HRB500E,永锋,3750,山东烟台,None,None
2026-05-14,螺纹钢,Φ10,HRB500E,石横特钢,3750,山东烟台,None,None
2026-05-14,螺纹钢,Φ10,HRB400E,莱钢,3530,山东烟台,None,None
2026-05-14,螺纹钢,Φ10,HRB400E,永锋,3530,山东烟台,None,None
2026-05-14,螺纹钢,Φ10,HRB400E,石横特钢,3530,山东烟台,None,None
2026-05-14,螺纹钢,Φ10,HRB500E,莱钢,3740,山东烟台,None,None
2026-05-14,螺纹钢,Φ10,HRB500E,永锋,3740,山东烟台,None,None
2026-05-14,螺纹钢,Φ10,HRB500E,石横特钢,3740,山东烟台,None,None
2026-05-14,螺纹钢,Φ12,HRB400E,莱钢,3510,山东烟台,None,None
2026-05-14,螺纹钢,Φ12,HRB400E,永锋,3510,山东烟台,None,None
2026-05-14,螺纹钢,Φ12,HRB400E,石横特钢,3510,山东烟台,None,None
2026-05-14,螺纹钢,Φ12,HRB400E,江苏镔鑫,3690,山东烟台,None,None
2026-05-14,螺纹钢,Φ12,HRB400E,莱钢,3520,山东烟台,None,None
2026-05-14,螺纹钢,Φ12,HRB400E,永锋,3520,山东烟台,None,None
2026-05-14,螺纹钢,Φ12,HRB400E,石横特钢,3520,山东烟台,None,None
2026-05-14,螺纹钢,Φ12,HRB400E,江苏镔鑫,3490,山东烟台,None,None
2026-05-14,螺纹钢,Φ12,HRB500E,江苏镔鑫,3700,山东烟台,None,None
2026-05-14,螺纹钢,Φ12,HRB400E,莱钢,3510,山东烟台,None,None
2026-05-14,螺纹钢,Φ12,HRB400E,永锋,3510,山东烟台,None,None
2026-05-14,螺纹钢,Φ12,HRB400E,石横特钢,3510,山东烟台,None,None
2026-05-14,螺纹钢,Φ12,HRB400E,江苏镔鑫,3480,山东烟台,None,None
2026-05-14,螺纹钢,Φ12,HRB500E,江苏镔鑫,3690,山东烟台,None,None
2026-05-14,螺纹钢,Φ12-14,HRB500E,莱钢,3690,山东烟台,None,None
2026-05-14,螺纹钢,Φ12-14,HRB500E,永锋,3690,山东烟台,None,None
2026-05-14,螺纹钢,Φ12-14,HRB500E,石横特钢,3690,山东烟台,None,None
2026-05-14,螺纹钢,Φ12-14,HRB500E,莱钢,3700,山东烟台,None,None
2026-05-14,螺纹钢,Φ12-14,HRB500E,永锋,3700,山东烟台,None,None
2026-05-14,螺纹钢,Φ12-14,HRB500E,石横特钢,3700,山东烟台,None,None
2026-05-14,螺纹钢,Φ12-14,HRB500E,莱钢,3690,山东烟台,None,None
2026-05-14,螺纹钢,Φ12-14,HRB500E,永锋,3690,山东烟台,None,None
2026-05-14,螺纹钢,Φ12-14,HRB500E,石横特钢,3690,山东烟台,None,None
2026-05-14,螺纹钢,Φ14,HRB400E,莱钢,3480,山东烟台,None,None
2026-05-14,螺纹钢,Φ14,HRB400E,永锋,3480,山东烟台,None,None
2026-05-14,螺纹钢,Φ14,HRB400E,石横特钢,3480,山东烟台,None,None
2026-05-14,螺纹钢,Φ14,HRB400E,江苏镔鑫,3670,山东烟台,None,None
2026-05-14,螺纹钢,Φ14,HRB400E,莱钢,3490,山东烟台,None,None
2026-05-14,螺纹钢,Φ14,HRB400E,永锋,3490,山东烟台,None,None
2026-05-14,螺纹钢,Φ14,HRB400E,石横特钢,3490,山东烟台,None,None
2026-05-14,螺纹钢,Φ14,HRB400E,江苏镔鑫,3470,山东烟台,None,None
2026-05-14,螺纹钢,Φ14,HRB500E,江苏镔鑫,3680,山东烟台,None,None
2026-05-14,螺纹钢,Φ14,HRB400E,莱钢,3480,山东烟台,None,None
2026-05-14,螺纹钢,Φ14,HRB400E,永锋,3480,山东烟台,None,None
2026-05-14,螺纹钢,Φ14,HRB400E,石横特钢,3480,山东烟台,None,None
2026-05-14,螺纹钢,Φ14,HRB400E,江苏镔鑫,3460,山东烟台,None,None
2026-05-14,螺纹钢,Φ14,HRB500E,江苏镔鑫,3670,山东烟台,None,None
2026-05-14,螺纹钢,Φ16,HRB400E,莱钢,3660,山东烟台,None,None
2026-05-14,螺纹钢,Φ16,HRB400E,永锋,3660,山东烟台,None,None
2026-05-14,螺纹钢,Φ16,HRB400E,石横特钢,3660,山东烟台,None,None
2026-05-14,螺纹钢,Φ16,HRB400E,江苏镔鑫,3640,山东烟台,None,None
2026-05-14,螺纹钢,Φ16,HRB400E,莱钢,3460,山东烟台,None,None
2026-05-14,螺纹钢,Φ16,HRB400E,永锋,3460,山东烟台,None,None
2026-05-14,螺纹钢,Φ16,HRB400E,石横特钢,3460,山东烟台,None,None
2026-05-14,螺纹钢,Φ16,HRB400E,江苏镔鑫,3440,山东烟台,None,None
2026-05-14,螺纹钢,Φ16,HRB500E,莱钢,3670,山东烟台,None,None
2026-05-14,螺纹钢,Φ16,HRB500E,永锋,3670,山东烟台,None,None
2026-05-14,螺纹钢,Φ16,HRB500E,石横特钢,3670,山东烟台,None,None
2026-05-14,螺纹钢,Φ16,HRB500E,江苏镔鑫,3650,山东烟台,None,None
2026-05-14,螺纹钢,Φ16,HRB400E,莱钢,3450,山东烟台,None,None
2026-05-14,螺纹钢,Φ16,HRB400E,永锋,3450,山东烟台,None,None
2026-05-14,螺纹钢,Φ16,HRB400E,石横特钢,3450,山东烟台,None,None
2026-05-14,螺纹钢,Φ16,HRB400E,江苏镔鑫,3430,山东烟台,None,None
2026-05-14,螺纹钢,Φ16,HRB500E,莱钢,3660,山东烟台,None,None
2026-05-14,螺纹钢,Φ16,HRB500E,永锋,3660,山东烟台,None,None
2026-05-14,螺纹钢,Φ16,HRB500E,石横特钢,3660,山东烟台,None,None
2026-05-14,螺纹钢,Φ16,HRB500E,江苏镔鑫,3640,山东烟台,None,None
2026-05-14,螺纹钢,Φ18,HRB400E,莱钢,3660,山东烟台,None,None
2026-05-14,螺纹钢,Φ18,HRB400E,永锋,3660,山东烟台,None,None
2026-05-14,螺纹钢,Φ18,HRB400E,石横特钢,3660,山东烟台,None,None
2026-05-14,螺纹钢,Φ18,HRB400E,江苏镔鑫,3640,山东烟台,None,None
2026-05-14,螺纹钢,Φ18,HRB400E,莱钢,3460,山东烟台,None,None
2026-05-14,螺纹钢,Φ18,HRB400E,永锋,3460,山东烟台,None,None
2026-05-14,螺纹钢,Φ18,HRB400E,石横特钢,3460,山东烟台,None,None
2026-05-14,螺纹钢,Φ18,HRB400E,江苏镔鑫,3440,山东烟台,None,None
2026-05-14,螺纹钢,Φ18,HRB500E,莱钢,3670,山东烟台,None,None
2026-05-14,螺纹钢,Φ18,HRB500E,永锋,3670,山东烟台,None,None
2026-05-14,螺纹钢,Φ18,HRB500E,石横特钢,3670,山东烟台,None,None
2026-05-14,螺纹钢,Φ18,HRB500E,江苏镔鑫,3650,山东烟台,None,None
2026-05-14,螺纹钢,Φ18,HRB400E,莱钢,3450,山东烟台,None,None
2026-05-14,螺纹钢,Φ18,HRB400E,永锋,3450,山东烟台,None,None
2026-05-14,螺纹钢,Φ18,HRB400E,石横特钢,3450,山东烟台,None,None
2026-05-14,螺纹钢,Φ18,HRB400E,江苏镔鑫,3430,山东烟台,None,None
2026-05-14,螺纹钢,Φ18,HRB500E,莱钢,3660,山东烟台,None,None
2026-05-14,螺纹钢,Φ18,HRB500E,永锋,3660,山东烟台,None,None
2026-05-14,螺纹钢,Φ18,HRB500E,石横特钢,3660,山东烟台,None,None
2026-05-14,螺纹钢,Φ18,HRB500E,江苏镔鑫,3640,山东烟台,None,None
2026-05-14,螺纹钢,Φ20,HRB400E,莱钢,3660,山东烟台,None,None
2026-05-14,螺纹钢,Φ20,HRB400E,永锋,3660,山东烟台,None,None
2026-05-14,螺纹钢,Φ20,HRB400E,石横特钢,3660,山东烟台,None,None
2026-05-14,螺纹钢,Φ20,HRB400E,江苏镔鑫,3640,山东烟台,None,None
2026-05-14,螺纹钢,Φ20,HRB400E,莱钢,3460,山东烟台,None,None
2026-05-14,螺纹钢,Φ20,HRB400E,永锋,3460,山东烟台,None,None
2026-05-14,螺纹钢,Φ20,HRB400E,石横特钢,3460,山东烟台,None,None
2026-05-14,螺纹钢,Φ20,HRB400E,江苏镔鑫,3440,山东烟台,None,None
2026-05-14,螺纹钢,Φ20,HRB500E,莱钢,3670,山东烟台,None,None
2026-05-14,螺纹钢,Φ20,HRB500E,永锋,3670,山东烟台,None,None
2026-05-14,螺纹钢,Φ20,HRB500E,石横特钢,3670,山东烟台,None,None
2026-05-14,螺纹钢,Φ20,HRB500E,江苏镔鑫,3650,山东烟台,None,None
2026-05-14,螺纹钢,Φ20,HRB400E,莱钢,3450,山东烟台,None,None
2026-05-14,螺纹钢,Φ20,HRB400E,永锋,3450,山东烟台,None,None
2026-05-14,螺纹钢,Φ20,HRB400E,石横特钢,3450,山东烟台,None,None
2026-05-14,螺纹钢,Φ20,HRB400E,江苏镔鑫,3430,山东烟台,None,None
2026-05-14,螺纹钢,Φ20,HRB500E,莱钢,3660,山东烟台,None,None
2026-05-14,螺纹钢,Φ20,HRB500E,永锋,3660,山东烟台,None,None
2026-05-14,螺纹钢,Φ20,HRB500E,石横特钢,3660,山东烟台,None,None
2026-05-14,螺纹钢,Φ20,HRB500E,江苏镔鑫,3640,山东烟台,None,None
2026-05-14,螺纹钢,Φ22,HRB400E,莱钢,3570,山东烟台,None,None
2026-05-14,螺纹钢,Φ22,HRB400E,永锋,3570,山东烟台,None,None
2026-05-14,螺纹钢,Φ22,HRB400E,石横特钢,3570,山东烟台,None,None
2026-05-14,螺纹钢,Φ22,HRB400E,江苏镔鑫,3550,山东烟台,None,None
2026-05-14,螺纹钢,Φ22,HRB400E,莱钢,3370,山东烟台,None,None
2026-05-14,螺纹钢,Φ22,HRB400E,永锋,3370,山东烟台,None,None
2026-05-14,螺纹钢,Φ22,HRB400E,石横特钢,3370,山东烟台,None,None
2026-05-14,螺纹钢,Φ22,HRB400E,江苏镔鑫,3350,山东烟台,None,None
2026-05-14,螺纹钢,Φ22,HRB500E,莱钢,3580,山东烟台,None,None
2026-05-14,螺纹钢,Φ22,HRB500E,永锋,3580,山东烟台,None,None
2026-05-14,螺纹钢,Φ22,HRB500E,石横特钢,3580,山东烟台,None,None
2026-05-14,螺纹钢,Φ22,HRB500E,江苏镔鑫,3560,山东烟台,None,None
2026-05-14,螺纹钢,Φ22,HRB400E,莱钢,3360,山东烟台,None,None
2026-05-14,螺纹钢,Φ22,HRB400E,永锋,3360,山东烟台,None,None
2026-05-14,螺纹钢,Φ22,HRB400E,石横特钢,3360,山东烟台,None,None
2026-05-14,螺纹钢,Φ22,HRB400E,江苏镔鑫,3340,山东烟台,None,None
2026-05-14,螺纹钢,Φ22,HRB500E,莱钢,3570,山东烟台,None,None
2026-05-14,螺纹钢,Φ22,HRB500E,永锋,3570,山东烟台,None,None
2026-05-14,螺纹钢,Φ22,HRB500E,石横特钢,3570,山东烟台,None,None
2026-05-14,螺纹钢,Φ22,HRB500E,江苏镔鑫,3550,山东烟台,None,None
2026-05-14,螺纹钢,Φ25,HRB400E,莱钢,3660,山东烟台,None,None
2026-05-14,螺纹钢,Φ25,HRB400E,永锋,3660,山东烟台,None,None
2026-05-14,螺纹钢,Φ25,HRB400E,石横特钢,3660,山东烟台,None,None
2026-05-14,螺纹钢,Φ25,HRB400E,江苏镔鑫,3640,山东烟台,None,None
2026-05-14,螺纹钢,Φ25,HRB400E,莱钢,3460,山东烟台,None,None
2026-05-14,螺纹钢,Φ25,HRB400E,永锋,3460,山东烟台,None,None
2026-05-14,螺纹钢,Φ25,HRB400E,石横特钢,3460,山东烟台,None,None
2026-05-14,螺纹钢,Φ25,HRB400E,江苏镔鑫,3440,山东烟台,None,None
2026-05-14,螺纹钢,Φ25,HRB500E,莱钢,3670,山东烟台,None,None
2026-05-14,螺纹钢,Φ25,HRB500E,永锋,3670,山东烟台,None,None
2026-05-14,螺纹钢,Φ25,HRB500E,石横特钢,3670,山东烟台,None,None
2026-05-14,螺纹钢,Φ25,HRB500E,江苏镔鑫,3650,山东烟台,None,None
2026-05-14,螺纹钢,Φ25,HRB400E,莱钢,3450,山东烟台,None,None
2026-05-14,螺纹钢,Φ25,HRB400E,永锋,3450,山东烟台,None,None
2026-05-14,螺纹钢,Φ25,HRB400E,石横特钢,3450,山东烟台,None,None
2026-05-14,螺纹钢,Φ25,HRB400E,江苏镔鑫,3430,山东烟台,None,None
2026-05-14,螺纹钢,Φ25,HRB500E,莱钢,3660,山东烟台,None,None
2026-05-14,螺纹钢,Φ25,HRB500E,永锋,3660,山东烟台,None,None
2026-05-14,螺纹钢,Φ25,HRB500E,石横特钢,3660,山东烟台,None,None
2026-05-14,螺纹钢,Φ25,HRB500E,江苏镔鑫,3640,山东烟台,None,None
2026-05-14,螺纹钢,Φ28-32,HRB400E,莱钢,3720,山东烟台,None,None
2026-05-14,螺纹钢,Φ28-32,HRB400E,永锋,3720,山东烟台,None,None
2026-05-14,螺纹钢,Φ28-32,HRB400E,石横特钢,3720,山东烟台,None,None
2026-05-14,螺纹钢,Φ28-32,HRB400E,江苏镔鑫,3690,山东烟台,None,None
2026-05-14,螺纹钢,Φ28-32,HRB400E,莱钢,3520,山东烟台,None,None
2026-05-14,螺纹钢,Φ28-32,HRB400E,永锋,3520,山东烟台,None,None
2026-05-14,螺纹钢,Φ28-32,HRB400E,石横特钢,3520,山东烟台,None,None
2026-05-14,螺纹钢,Φ28-32,HRB400E,江苏镔鑫,3490,山东烟台,None,None
2026-05-14,螺纹钢,Φ28-32,HRB500E,莱钢,3730,山东烟台,None,None
2026-05-14,螺纹钢,Φ28-32,HRB500E,永锋,3730,山东烟台,None,None
2026-05-14,螺纹钢,Φ28-32,HRB500E,石横特钢,3730,山东烟台,None,None
2026-05-14,螺纹钢,Φ28-32,HRB500E,江苏镔鑫,3700,山东烟台,None,None
2026-05-14,螺纹钢,Φ28-32,HRB400E,莱钢,3510,山东烟台,None,None
2026-05-14,螺纹钢,Φ28-32,HRB400E,永锋,3510,山东烟台,None,None
2026-05-14,螺纹钢,Φ28-32,HRB400E,石横特钢,3510,山东烟台,None,None
2026-05-14,螺纹钢,Φ28-32,HRB400E,江苏镔鑫,3480,山东烟台,None,None
2026-05-14,螺纹钢,Φ28-32,HRB500E,莱钢,3720,山东烟台,None,None
2026-05-14,螺纹钢,Φ28-32,HRB500E,永锋,3720,山东烟台,None,None
2026-05-14,螺纹钢,Φ28-32,HRB500E,石横特钢,3720,山东烟台,None,None
2026-05-14,螺纹钢,Φ28-32,HRB500E,江苏镔鑫,3690,山东烟台,None,None
2026-05-14,螺纹钢,Φ36-40,HRB400E,莱钢,3850,山东烟台,None,None
2026-05-14,螺纹钢,Φ36-40,HRB400E,永锋,3850,山东烟台,None,None
2026-05-14,螺纹钢,Φ36-40,HRB400E,石横特钢,3850,山东烟台,None,None
2026-05-14,螺纹钢,Φ36-40,HRB400E,江苏镔鑫,3820,山东烟台,None,None
2026-05-14,螺纹钢,Φ36-40,HRB400E,莱钢,3650,山东烟台,None,None
2026-05-14,螺纹钢,Φ36-40,HRB400E,永锋,3650,山东烟台,None,None
2026-05-14,螺纹钢,Φ36-40,HRB400E,石横特钢,3650,山东烟台,None,None
2026-05-14,螺纹钢,Φ36-40,HRB400E,江苏镔鑫,3620,山东烟台,None,None
2026-05-14,螺纹钢,Φ36-40,HRB500E,莱钢,3860,山东烟台,None,None
2026-05-14,螺纹钢,Φ36-40,HRB500E,永锋,3860,山东烟台,None,None
2026-05-14,螺纹钢,Φ36-40,HRB500E,石横特钢,3860,山东烟台,None,None
2026-05-14,螺纹钢,Φ36-40,HRB500E,江苏镔鑫,3830,山东烟台,None,None
2026-05-14,螺纹钢,Φ36-40,HRB400E,莱钢,3640,山东烟台,None,None
2026-05-14,螺纹钢,Φ36-40,HRB400E,永锋,3640,山东烟台,None,None
2026-05-14,螺纹钢,Φ36-40,HRB400E,石横特钢,3640,山东烟台,None,None
2026-05-14,螺纹钢,Φ36-40,HRB400E,江苏镔鑫,3610,山东烟台,None,None
2026-05-14,螺纹钢,Φ36-40,HRB500E,莱钢,3850,山东烟台,None,None
2026-05-14,螺纹钢,Φ36-40,HRB500E,永锋,3850,山东烟台,None,None
2026-05-14,螺纹钢,Φ36-40,HRB500E,石横特钢,3850,山东烟台,None,None
2026-05-14,螺纹钢,Φ36-40,HRB500E,江苏镔鑫,3820,山东烟台,None,None
2026-05-14,高线,Φ10,HPB300,永锋,3610,山东烟台,None,None
2026-05-14,高线,Φ10,HPB300,石横特钢,3610,山东烟台,None,None
2026-05-14,高线,Φ10,HPB300,江苏镔鑫,3570,山东烟台,None,None
2026-05-14,高线,Φ10,HPB300,永锋,3620,山东烟台,None,None
2026-05-14,高线,Φ10,HPB300,石横特钢,3620,山东烟台,None,None
2026-05-14,高线,Φ10,HPB300,江苏镔鑫,3580,山东烟台,None,None
2026-05-14,高线,Φ10,HPB300,永锋,3610,山东烟台,None,None
2026-05-14,高线,Φ10,HPB300,石横特钢,3610,山东烟台,None,None
2026-05-14,高线,Φ10,HPB300,江苏镔鑫,3570,山东烟台,None,None
2026-05-14,高线,Φ12,HPB300,永锋,3780,山东烟台,None,None
2026-05-14,高线,Φ12,HPB300,石横特钢,3780,山东烟台,None,None
2026-05-14,高线,Φ12,HPB300,永锋,3790,山东烟台,None,None
2026-05-14,高线,Φ12,HPB300,石横特钢,3790,山东烟台,None,None
2026-05-14,高线,Φ12,HPB300,永锋,3780,山东烟台,None,None
2026-05-14,高线,Φ12,HPB300,石横特钢,3780,山东烟台,None,None
2026-05-14,高线,Φ6,HPB300,永锋,3930,山东烟台,None,None
2026-05-14,高线,Φ6,HPB300,石横特钢,3930,山东烟台,None,None
2026-05-14,高线,Φ6,HPB300,江苏镔鑫,3870,山东烟台,None,None
2026-05-14,高线,Φ6,HPB300,永锋,3940,山东烟台,None,None
2026-05-14,高线,Φ6,HPB300,石横特钢,3940,山东烟台,None,None
2026-05-14,高线,Φ6,HPB300,江苏镔鑫,3880,山东烟台,None,None
2026-05-14,高线,Φ6,HPB300,永锋,3930,山东烟台,None,None
2026-05-14,高线,Φ6,HPB300,石横特钢,3930,山东烟台,None,None
2026-05-14,高线,Φ6,HPB300,江苏镔鑫,3870,山东烟台,None,None
2026-05-14,高线,Φ8,HPB300,永锋,3610,山东烟台,None,None
2026-05-14,高线,Φ8,HPB300,石横特钢,3610,山东烟台,None,None
2026-05-14,高线,Φ8,HPB300,江苏镔鑫,3570,山东烟台,None,None
2026-05-14,高线,Φ8,HPB300,永锋,3620,山东烟台,None,None
2026-05-14,高线,Φ8,HPB300,石横特钢,3620,山东烟台,None,None
2026-05-14,高线,Φ8,HPB300,江苏镔鑫,3580,山东烟台,None,None
2026-05-14,高线,Φ8,HPB300,永锋,3610,山东烟台,None,None
2026-05-14,高线,Φ8,HPB300,石横特钢,3610,山东烟台,None,None
2026-05-14,高线,Φ8,HPB300,江苏镔鑫,3570,山东烟台,None,None
2026-05-13,圆钢,Φ12-22,HPB300,永锋,3520,山东烟台,None,None
2026-05-13,圆钢,Φ12-22,HPB300,石横特钢,3520,山东烟台,None,None
2026-05-13,圆钢,Φ12-22,HPB300,永锋,3530,山东烟台,None,None
2026-05-13,圆钢,Φ12-22,HPB300,石横特钢,3530,山东烟台,None,None
2026-05-13,圆钢,Φ12-22,HPB300,永锋,3520,山东烟台,None,None
2026-05-13,圆钢,Φ12-22,HPB300,石横特钢,3520,山东烟台,None,None
2026-05-13,圆钢,Φ25-32,HPB300,永锋,3770,山东烟台,None,None
2026-05-13,圆钢,Φ25-32,HPB300,石横特钢,3770,山东烟台,None,None
2026-05-13,圆钢,Φ25-32,HPB300,永锋,3780,山东烟台,None,None
2026-05-13,圆钢,Φ25-32,HPB300,石横特钢,3780,山东烟台,None,None
2026-05-13,圆钢,Φ25-32,HPB300,永锋,3770,山东烟台,None,None
2026-05-13,圆钢,Φ25-32,HPB300,石横特钢,3770,山东烟台,None,None
2026-05-13,盘螺,Φ10,HRB400E,永锋,3830,山东烟台,None,None
2026-05-13,盘螺,Φ10,HRB400E,石横特钢,3830,山东烟台,None,None
2026-05-13,盘螺,Φ10,HRB400E,江苏镔鑫,3790,山东烟台,None,None
2026-05-13,盘螺,Φ10,HRB400E,敬业营口,3790,山东烟台,None,None
2026-05-13,盘螺,Φ10,HRB400E,永锋,3630,山东烟台,None,None
2026-05-13,盘螺,Φ10,HRB400E,石横特钢,3630,山东烟台,None,None
2026-05-13,盘螺,Φ10,HRB400E,江苏镔鑫,3590,山东烟台,None,None
2026-05-13,盘螺,Φ10,HRB400E,敬业营口,3580,山东烟台,None,None
2026-05-13,盘螺,Φ10,HRB500E,永锋,3840,山东烟台,None,None
2026-05-13,盘螺,Φ10,HRB500E,石横特钢,3840,山东烟台,None,None
2026-05-13,盘螺,Φ10,HRB500E,江苏镔鑫,3800,山东烟台,None,None
2026-05-13,盘螺,Φ10,HRB500E,敬业营口,3800,山东烟台,None,None
2026-05-13,盘螺,Φ10,HRB400E,永锋,3620,山东烟台,None,None
2026-05-13,盘螺,Φ10,HRB400E,石横特钢,3620,山东烟台,None,None
2026-05-13,盘螺,Φ10,HRB400E,江苏镔鑫,3580,山东烟台,None,None
2026-05-13,盘螺,Φ10,HRB400E,敬业营口,3570,山东烟台,None,None
2026-05-13,盘螺,Φ10,HRB500E,永锋,3830,山东烟台,None,None
2026-05-13,盘螺,Φ10,HRB500E,石横特钢,3830,山东烟台,None,None
2026-05-13,盘螺,Φ10,HRB500E,江苏镔鑫,3790,山东烟台,None,None
2026-05-13,盘螺,Φ10,HRB500E,敬业营口,3790,山东烟台,None,None
2026-05-13,盘螺,Φ12,HRB400E,永锋,3790,山东烟台,None,None
2026-05-13,盘螺,Φ12,HRB400E,石横特钢,3790,山东烟台,None,None
2026-05-13,盘螺,Φ12,HRB400E,永锋,3800,山东烟台,None,None
2026-05-13,盘螺,Φ12,HRB400E,石横特钢,3800,山东烟台,None,None
2026-05-13,盘螺,Φ12,HRB400E,永锋,3790,山东烟台,None,None
2026-05-13,盘螺,Φ12,HRB400E,石横特钢,3790,山东烟台,None,None
2026-05-13,盘螺,Φ6,HRB400E,永锋,3940,山东烟台,None,None
2026-05-13,盘螺,Φ6,HRB400E,石横特钢,3940,山东烟台,None,None
2026-05-13,盘螺,Φ6,HRB400E,永锋,3950,山东烟台,None,None
2026-05-13,盘螺,Φ6,HRB400E,石横特钢,3950,山东烟台,None,None
2026-05-13,盘螺,Φ6,HRB400E,永锋,3940,山东烟台,None,None
2026-05-13,盘螺,Φ6,HRB400E,石横特钢,3940,山东烟台,None,None
2026-05-13,盘螺,Φ8,HRB400E,永锋,3830,山东烟台,None,None
2026-05-13,盘螺,Φ8,HRB400E,石横特钢,3830,山东烟台,None,None
2026-05-13,盘螺,Φ8,HRB400E,日照,3590,山东烟台,None,None
2026-05-13,盘螺,Φ8,HRB400E,江苏镔鑫,3790,山东烟台,None,None
2026-05-13,盘螺,Φ8,HRB400E,敬业营口,3790,山东烟台,None,None
2026-05-13,盘螺,Φ8,HRB400E,永锋,3630,山东烟台,None,None
2026-05-13,盘螺,Φ8,HRB400E,石横特钢,3630,山东烟台,None,None
2026-05-13,盘螺,Φ8,HRB400E,日照,3600,山东烟台,None,None
2026-05-13,盘螺,Φ8,HRB400E,江苏镔鑫,3590,山东烟台,None,None
2026-05-13,盘螺,Φ8,HRB400E,敬业营口,3580,山东烟台,None,None
2026-05-13,盘螺,Φ8,HRB500E,永锋,3840,山东烟台,None,None
2026-05-13,盘螺,Φ8,HRB500E,石横特钢,3840,山东烟台,None,None
2026-05-13,盘螺,Φ8,HRB500E,江苏镔鑫,3800,山东烟台,None,None
2026-05-13,盘螺,Φ8,HRB500E,敬业营口,3800,山东烟台,None,None
2026-05-13,盘螺,Φ8,HRB400E,永锋,3620,山东烟台,None,None
2026-05-13,盘螺,Φ8,HRB400E,石横特钢,3620,山东烟台,None,None
2026-05-13,盘螺,Φ8,HRB400E,日照,3590,山东烟台,None,None
2026-05-13,盘螺,Φ8,HRB400E,江苏镔鑫,3580,山东烟台,None,None
2026-05-13,盘螺,Φ8,HRB400E,敬业营口,3570,山东烟台,None,None
2026-05-13,盘螺,Φ8,HRB500E,永锋,3830,山东烟台,None,None
2026-05-13,盘螺,Φ8,HRB500E,石横特钢,3830,山东烟台,None,None
2026-05-13,盘螺,Φ8,HRB500E,江苏镔鑫,3790,山东烟台,None,None
2026-05-13,盘螺,Φ8,HRB500E,敬业营口,3790,山东烟台,None,None
2026-05-13,螺纹钢,Φ10,HRB400E,莱钢,3750,山东烟台,None,None
2026-05-13,螺纹钢,Φ10,HRB400E,永锋,3750,山东烟台,None,None
2026-05-13,螺纹钢,Φ10,HRB400E,石横特钢,3750,山东烟台,None,None
2026-05-13,螺纹钢,Φ10,HRB400E,莱钢,3550,山东烟台,None,None
2026-05-13,螺纹钢,Φ10,HRB400E,永锋,3550,山东烟台,None,None
2026-05-13,螺纹钢,Φ10,HRB400E,石横特钢,3550,山东烟台,None,None
2026-05-13,螺纹钢,Φ10,HRB500E,莱钢,3760,山东烟台,None,None
2026-05-13,螺纹钢,Φ10,HRB500E,永锋,3760,山东烟台,None,None
2026-05-13,螺纹钢,Φ10,HRB500E,石横特钢,3760,山东烟台,None,None
2026-05-13,螺纹钢,Φ10,HRB400E,莱钢,3540,山东烟台,None,None
2026-05-13,螺纹钢,Φ10,HRB400E,永锋,3540,山东烟台,None,None
2026-05-13,螺纹钢,Φ10,HRB400E,石横特钢,3540,山东烟台,None,None
2026-05-13,螺纹钢,Φ10,HRB500E,莱钢,3750,山东烟台,None,None
2026-05-13,螺纹钢,Φ10,HRB500E,永锋,3750,山东烟台,None,None
2026-05-13,螺纹钢,Φ10,HRB500E,石横特钢,3750,山东烟台,None,None
2026-05-13,螺纹钢,Φ12,HRB400E,莱钢,3520,山东烟台,None,None
2026-05-13,螺纹钢,Φ12,HRB400E,永锋,3520,山东烟台,None,None
2026-05-13,螺纹钢,Φ12,HRB400E,石横特钢,3520,山东烟台,None,None
2026-05-13,螺纹钢,Φ12,HRB400E,江苏镔鑫,3700,山东烟台,None,None
2026-05-13,螺纹钢,Φ12,HRB400E,莱钢,3530,山东烟台,None,None
2026-05-13,螺纹钢,Φ12,HRB400E,永锋,3530,山东烟台,None,None
2026-05-13,螺纹钢,Φ12,HRB400E,石横特钢,3530,山东烟台,None,None
2026-05-13,螺纹钢,Φ12,HRB400E,江苏镔鑫,3500,山东烟台,None,None
2026-05-13,螺纹钢,Φ12,HRB500E,江苏镔鑫,3710,山东烟台,None,None
2026-05-13,螺纹钢,Φ12,HRB400E,莱钢,3520,山东烟台,None,None
2026-05-13,螺纹钢,Φ12,HRB400E,永锋,3520,山东烟台,None,None
2026-05-13,螺纹钢,Φ12,HRB400E,石横特钢,3520,山东烟台,None,None
2026-05-13,螺纹钢,Φ12,HRB400E,江苏镔鑫,3490,山东烟台,None,None
2026-05-13,螺纹钢,Φ12,HRB500E,江苏镔鑫,3700,山东烟台,None,None
2026-05-13,螺纹钢,Φ12-14,HRB500E,莱钢,3700,山东烟台,None,None
2026-05-13,螺纹钢,Φ12-14,HRB500E,永锋,3700,山东烟台,None,None
2026-05-13,螺纹钢,Φ12-14,HRB500E,石横特钢,3700,山东烟台,None,None
2026-05-13,螺纹钢,Φ12-14,HRB500E,莱钢,3710,山东烟台,None,None
2026-05-13,螺纹钢,Φ12-14,HRB500E,永锋,3710,山东烟台,None,None
2026-05-13,螺纹钢,Φ12-14,HRB500E,石横特钢,3710,山东烟台,None,None
2026-05-13,螺纹钢,Φ12-14,HRB500E,莱钢,3700,山东烟台,None,None
2026-05-13,螺纹钢,Φ12-14,HRB500E,永锋,3700,山东烟台,None,None
2026-05-13,螺纹钢,Φ12-14,HRB500E,石横特钢,3700,山东烟台,None,None
2026-05-13,螺纹钢,Φ14,HRB400E,莱钢,3490,山东烟台,None,None
2026-05-13,螺纹钢,Φ14,HRB400E,永锋,3490,山东烟台,None,None
2026-05-13,螺纹钢,Φ14,HRB400E,石横特钢,3490,山东烟台,None,None
2026-05-13,螺纹钢,Φ14,HRB400E,江苏镔鑫,3680,山东烟台,None,None
2026-05-13,螺纹钢,Φ14,HRB400E,莱钢,3500,山东烟台,None,None
2026-05-13,螺纹钢,Φ14,HRB400E,永锋,3500,山东烟台,None,None
2026-05-13,螺纹钢,Φ14,HRB400E,石横特钢,3500,山东烟台,None,None
2026-05-13,螺纹钢,Φ14,HRB400E,江苏镔鑫,3480,山东烟台,None,None
2026-05-13,螺纹钢,Φ14,HRB500E,江苏镔鑫,3690,山东烟台,None,None
2026-05-13,螺纹钢,Φ14,HRB400E,莱钢,3490,山东烟台,None,None
2026-05-13,螺纹钢,Φ14,HRB400E,永锋,3490,山东烟台,None,None
2026-05-13,螺纹钢,Φ14,HRB400E,石横特钢,3490,山东烟台,None,None
2026-05-13,螺纹钢,Φ14,HRB400E,江苏镔鑫,3470,山东烟台,None,None
2026-05-13,螺纹钢,Φ14,HRB500E,江苏镔鑫,3680,山东烟台,None,None
2026-05-13,螺纹钢,Φ16,HRB400E,莱钢,3670,山东烟台,None,None
2026-05-13,螺纹钢,Φ16,HRB400E,永锋,3670,山东烟台,None,None
2026-05-13,螺纹钢,Φ16,HRB400E,石横特钢,3670,山东烟台,None,None
2026-05-13,螺纹钢,Φ16,HRB400E,江苏镔鑫,3650,山东烟台,None,None
2026-05-13,螺纹钢,Φ16,HRB400E,莱钢,3470,山东烟台,None,None
2026-05-13,螺纹钢,Φ16,HRB400E,永锋,3470,山东烟台,None,None
2026-05-13,螺纹钢,Φ16,HRB400E,石横特钢,3470,山东烟台,None,None
2026-05-13,螺纹钢,Φ16,HRB400E,江苏镔鑫,3450,山东烟台,None,None
2026-05-13,螺纹钢,Φ16,HRB500E,莱钢,3680,山东烟台,None,None
2026-05-13,螺纹钢,Φ16,HRB500E,永锋,3680,山东烟台,None,None
2026-05-13,螺纹钢,Φ16,HRB500E,石横特钢,3680,山东烟台,None,None
2026-05-13,螺纹钢,Φ16,HRB500E,江苏镔鑫,3660,山东烟台,None,None
2026-05-13,螺纹钢,Φ16,HRB400E,莱钢,3460,山东烟台,None,None
2026-05-13,螺纹钢,Φ16,HRB400E,永锋,3460,山东烟台,None,None
2026-05-13,螺纹钢,Φ16,HRB400E,石横特钢,3460,山东烟台,None,None
2026-05-13,螺纹钢,Φ16,HRB400E,江苏镔鑫,3440,山东烟台,None,None
2026-05-13,螺纹钢,Φ16,HRB500E,莱钢,3670,山东烟台,None,None
2026-05-13,螺纹钢,Φ16,HRB500E,永锋,3670,山东烟台,None,None
2026-05-13,螺纹钢,Φ16,HRB500E,石横特钢,3670,山东烟台,None,None
2026-05-13,螺纹钢,Φ16,HRB500E,江苏镔鑫,3650,山东烟台,None,None
2026-05-13,螺纹钢,Φ18,HRB400E,莱钢,3670,山东烟台,None,None
2026-05-13,螺纹钢,Φ18,HRB400E,永锋,3670,山东烟台,None,None
2026-05-13,螺纹钢,Φ18,HRB400E,石横特钢,3670,山东烟台,None,None
2026-05-13,螺纹钢,Φ18,HRB400E,江苏镔鑫,3650,山东烟台,None,None
2026-05-13,螺纹钢,Φ18,HRB400E,莱钢,3470,山东烟台,None,None
2026-05-13,螺纹钢,Φ18,HRB400E,永锋,3470,山东烟台,None,None
2026-05-13,螺纹钢,Φ18,HRB400E,石横特钢,3470,山东烟台,None,None
2026-05-13,螺纹钢,Φ18,HRB400E,江苏镔鑫,3450,山东烟台,None,None
2026-05-13,螺纹钢,Φ18,HRB500E,莱钢,3680,山东烟台,None,None
2026-05-13,螺纹钢,Φ18,HRB500E,永锋,3680,山东烟台,None,None
2026-05-13,螺纹钢,Φ18,HRB500E,石横特钢,3680,山东烟台,None,None
2026-05-13,螺纹钢,Φ18,HRB500E,江苏镔鑫,3660,山东烟台,None,None
2026-05-13,螺纹钢,Φ18,HRB400E,莱钢,3460,山东烟台,None,None
2026-05-13,螺纹钢,Φ18,HRB400E,永锋,3460,山东烟台,None,None
2026-05-13,螺纹钢,Φ18,HRB400E,石横特钢,3460,山东烟台,None,None
2026-05-13,螺纹钢,Φ18,HRB400E,江苏镔鑫,3440,山东烟台,None,None
2026-05-13,螺纹钢,Φ18,HRB500E,莱钢,3670,山东烟台,None,None
2026-05-13,螺纹钢,Φ18,HRB500E,永锋,3670,山东烟台,None,None
2026-05-13,螺纹钢,Φ18,HRB500E,石横特钢,3670,山东烟台,None,None
2026-05-13,螺纹钢,Φ18,HRB500E,江苏镔鑫,3650,山东烟台,None,None
2026-05-13,螺纹钢,Φ20,HRB400E,莱钢,3670,山东烟台,None,None
2026-05-13,螺纹钢,Φ20,HRB400E,永锋,3670,山东烟台,None,None
2026-05-13,螺纹钢,Φ20,HRB400E,石横特钢,3670,山东烟台,None,None
2026-05-13,螺纹钢,Φ20,HRB400E,江苏镔鑫,3650,山东烟台,None,None
2026-05-13,螺纹钢,Φ20,HRB400E,莱钢,3470,山东烟台,None,None
2026-05-13,螺纹钢,Φ20,HRB400E,永锋,3470,山东烟台,None,None
2026-05-13,螺纹钢,Φ20,HRB400E,石横特钢,3470,山东烟台,None,None
2026-05-13,螺纹钢,Φ20,HRB400E,江苏镔鑫,3450,山东烟台,None,None
2026-05-13,螺纹钢,Φ20,HRB500E,莱钢,3680,山东烟台,None,None
2026-05-13,螺纹钢,Φ20,HRB500E,永锋,3680,山东烟台,None,None
2026-05-13,螺纹钢,Φ20,HRB500E,石横特钢,3680,山东烟台,None,None
2026-05-13,螺纹钢,Φ20,HRB500E,江苏镔鑫,3660,山东烟台,None,None
2026-05-13,螺纹钢,Φ20,HRB400E,莱钢,3460,山东烟台,None,None
2026-05-13,螺纹钢,Φ20,HRB400E,永锋,3460,山东烟台,None,None
2026-05-13,螺纹钢,Φ20,HRB400E,石横特钢,3460,山东烟台,None,None
2026-05-13,螺纹钢,Φ20,HRB400E,江苏镔鑫,3440,山东烟台,None,None
2026-05-13,螺纹钢,Φ20,HRB500E,莱钢,3670,山东烟台,None,None
2026-05-13,螺纹钢,Φ20,HRB500E,永锋,3670,山东烟台,None,None
2026-05-13,螺纹钢,Φ20,HRB500E,石横特钢,3670,山东烟台,None,None
2026-05-13,螺纹钢,Φ20,HRB500E,江苏镔鑫,3650,山东烟台,None,None
2026-05-13,螺纹钢,Φ22,HRB400E,莱钢,3580,山东烟台,None,None
2026-05-13,螺纹钢,Φ22,HRB400E,永锋,3580,山东烟台,None,None
2026-05-13,螺纹钢,Φ22,HRB400E,石横特钢,3580,山东烟台,None,None
2026-05-13,螺纹钢,Φ22,HRB400E,江苏镔鑫,3560,山东烟台,None,None
2026-05-13,螺纹钢,Φ22,HRB400E,莱钢,3380,山东烟台,None,None
2026-05-13,螺纹钢,Φ22,HRB400E,永锋,3380,山东烟台,None,None
2026-05-13,螺纹钢,Φ22,HRB400E,石横特钢,3380,山东烟台,None,None
2026-05-13,螺纹钢,Φ22,HRB400E,江苏镔鑫,3360,山东烟台,None,None
2026-05-13,螺纹钢,Φ22,HRB500E,莱钢,3590,山东烟台,None,None
2026-05-13,螺纹钢,Φ22,HRB500E,永锋,3590,山东烟台,None,None
2026-05-13,螺纹钢,Φ22,HRB500E,石横特钢,3590,山东烟台,None,None
2026-05-13,螺纹钢,Φ22,HRB500E,江苏镔鑫,3570,山东烟台,None,None
2026-05-13,螺纹钢,Φ22,HRB400E,莱钢,3370,山东烟台,None,None
2026-05-13,螺纹钢,Φ22,HRB400E,永锋,3370,山东烟台,None,None
2026-05-13,螺纹钢,Φ22,HRB400E,石横特钢,3370,山东烟台,None,None
2026-05-13,螺纹钢,Φ22,HRB400E,江苏镔鑫,3350,山东烟台,None,None
2026-05-13,螺纹钢,Φ22,HRB500E,莱钢,3580,山东烟台,None,None
2026-05-13,螺纹钢,Φ22,HRB500E,永锋,3580,山东烟台,None,None
2026-05-13,螺纹钢,Φ22,HRB500E,石横特钢,3580,山东烟台,None,None
2026-05-13,螺纹钢,Φ22,HRB500E,江苏镔鑫,3560,山东烟台,None,None
2026-05-13,螺纹钢,Φ25,HRB400E,莱钢,3670,山东烟台,None,None
2026-05-13,螺纹钢,Φ25,HRB400E,永锋,3670,山东烟台,None,None
2026-05-13,螺纹钢,Φ25,HRB400E,石横特钢,3670,山东烟台,None,None
2026-05-13,螺纹钢,Φ25,HRB400E,江苏镔鑫,3650,山东烟台,None,None
2026-05-13,螺纹钢,Φ25,HRB400E,莱钢,3470,山东烟台,None,None
2026-05-13,螺纹钢,Φ25,HRB400E,永锋,3470,山东烟台,None,None
2026-05-13,螺纹钢,Φ25,HRB400E,石横特钢,3470,山东烟台,None,None
2026-05-13,螺纹钢,Φ25,HRB400E,江苏镔鑫,3450,山东烟台,None,None
2026-05-13,螺纹钢,Φ25,HRB500E,莱钢,3680,山东烟台,None,None
2026-05-13,螺纹钢,Φ25,HRB500E,永锋,3680,山东烟台,None,None
2026-05-13,螺纹钢,Φ25,HRB500E,石横特钢,3680,山东烟台,None,None
2026-05-13,螺纹钢,Φ25,HRB500E,江苏镔鑫,3660,山东烟台,None,None
2026-05-13,螺纹钢,Φ25,HRB400E,莱钢,3460,山东烟台,None,None
2026-05-13,螺纹钢,Φ25,HRB400E,永锋,3460,山东烟台,None,None
2026-05-13,螺纹钢,Φ25,HRB400E,石横特钢,3460,山东烟台,None,None
2026-05-13,螺纹钢,Φ25,HRB400E,江苏镔鑫,3440,山东烟台,None,None
2026-05-13,螺纹钢,Φ25,HRB500E,莱钢,3670,山东烟台,None,None
2026-05-13,螺纹钢,Φ25,HRB500E,永锋,3670,山东烟台,None,None
2026-05-13,螺纹钢,Φ25,HRB500E,石横特钢,3670,山东烟台,None,None
2026-05-13,螺纹钢,Φ25,HRB500E,江苏镔鑫,3650,山东烟台,None,None
2026-05-13,螺纹钢,Φ28-32,HRB400E,莱钢,3730,山东烟台,None,None
2026-05-13,螺纹钢,Φ28-32,HRB400E,永锋,3730,山东烟台,None,None
2026-05-13,螺纹钢,Φ28-32,HRB400E,石横特钢,3730,山东烟台,None,None
2026-05-13,螺纹钢,Φ28-32,HRB400E,江苏镔鑫,3700,山东烟台,None,None
2026-05-13,螺纹钢,Φ28-32,HRB400E,莱钢,3530,山东烟台,None,None
2026-05-13,螺纹钢,Φ28-32,HRB400E,永锋,3530,山东烟台,None,None
2026-05-13,螺纹钢,Φ28-32,HRB400E,石横特钢,3530,山东烟台,None,None
2026-05-13,螺纹钢,Φ28-32,HRB400E,江苏镔鑫,3500,山东烟台,None,None
2026-05-13,螺纹钢,Φ28-32,HRB500E,莱钢,3740,山东烟台,None,None
2026-05-13,螺纹钢,Φ28-32,HRB500E,永锋,3740,山东烟台,None,None
2026-05-13,螺纹钢,Φ28-32,HRB500E,石横特钢,3740,山东烟台,None,None
2026-05-13,螺纹钢,Φ28-32,HRB500E,江苏镔鑫,3710,山东烟台,None,None
2026-05-13,螺纹钢,Φ28-32,HRB400E,莱钢,3520,山东烟台,None,None
2026-05-13,螺纹钢,Φ28-32,HRB400E,永锋,3520,山东烟台,None,None
2026-05-13,螺纹钢,Φ28-32,HRB400E,石横特钢,3520,山东烟台,None,None
2026-05-13,螺纹钢,Φ28-32,HRB400E,江苏镔鑫,3490,山东烟台,None,None
2026-05-13,螺纹钢,Φ28-32,HRB500E,莱钢,3730,山东烟台,None,None
2026-05-13,螺纹钢,Φ28-32,HRB500E,永锋,3730,山东烟台,None,None
2026-05-13,螺纹钢,Φ28-32,HRB500E,石横特钢,3730,山东烟台,None,None
2026-05-13,螺纹钢,Φ28-32,HRB500E,江苏镔鑫,3700,山东烟台,None,None
2026-05-13,螺纹钢,Φ36-40,HRB400E,莱钢,3860,山东烟台,None,None
2026-05-13,螺纹钢,Φ36-40,HRB400E,永锋,3860,山东烟台,None,None
2026-05-13,螺纹钢,Φ36-40,HRB400E,石横特钢,3860,山东烟台,None,None
2026-05-13,螺纹钢,Φ36-40,HRB400E,江苏镔鑫,3830,山东烟台,None,None
2026-05-13,螺纹钢,Φ36-40,HRB400E,莱钢,3660,山东烟台,None,None
2026-05-13,螺纹钢,Φ36-40,HRB400E,永锋,3660,山东烟台,None,None
2026-05-13,螺纹钢,Φ36-40,HRB400E,石横特钢,3660,山东烟台,None,None
2026-05-13,螺纹钢,Φ36-40,HRB400E,江苏镔鑫,3630,山东烟台,None,None
2026-05-13,螺纹钢,Φ36-40,HRB500E,莱钢,3870,山东烟台,None,None
2026-05-13,螺纹钢,Φ36-40,HRB500E,永锋,3870,山东烟台,None,None
2026-05-13,螺纹钢,Φ36-40,HRB500E,石横特钢,3870,山东烟台,None,None
2026-05-13,螺纹钢,Φ36-40,HRB500E,江苏镔鑫,3840,山东烟台,None,None
2026-05-13,螺纹钢,Φ36-40,HRB400E,莱钢,3650,山东烟台,None,None
2026-05-13,螺纹钢,Φ36-40,HRB400E,永锋,3650,山东烟台,None,None
2026-05-13,螺纹钢,Φ36-40,HRB400E,石横特钢,3650,山东烟台,None,None
2026-05-13,螺纹钢,Φ36-40,HRB400E,江苏镔鑫,3620,山东烟台,None,None
2026-05-13,螺纹钢,Φ36-40,HRB500E,莱钢,3860,山东烟台,None,None
2026-05-13,螺纹钢,Φ36-40,HRB500E,永锋,3860,山东烟台,None,None
2026-05-13,螺纹钢,Φ36-40,HRB500E,石横特钢,3860,山东烟台,None,None
2026-05-13,螺纹钢,Φ36-40,HRB500E,江苏镔鑫,3830,山东烟台,None,None
2026-05-13,高线,Φ10,HPB300,永锋,3620,山东烟台,None,None
2026-05-13,高线,Φ10,HPB300,石横特钢,3620,山东烟台,None,None
2026-05-13,高线,Φ10,HPB300,江苏镔鑫,3580,山东烟台,None,None
2026-05-13,高线,Φ10,HPB300,永锋,3630,山东烟台,None,None
2026-05-13,高线,Φ10,HPB300,石横特钢,3630,山东烟台,None,None
2026-05-13,高线,Φ10,HPB300,江苏镔鑫,3590,山东烟台,None,None
2026-05-13,高线,Φ10,HPB300,永锋,3620,山东烟台,None,None
2026-05-13,高线,Φ10,HPB300,石横特钢,3620,山东烟台,None,None
2026-05-13,高线,Φ10,HPB300,江苏镔鑫,3580,山东烟台,None,None
2026-05-13,高线,Φ12,HPB300,永锋,3790,山东烟台,None,None
2026-05-13,高线,Φ12,HPB300,石横特钢,3790,山东烟台,None,None
2026-05-13,高线,Φ12,HPB300,永锋,3800,山东烟台,None,None
2026-05-13,高线,Φ12,HPB300,石横特钢,3800,山东烟台,None,None
2026-05-13,高线,Φ12,HPB300,永锋,3790,山东烟台,None,None
2026-05-13,高线,Φ12,HPB300,石横特钢,3790,山东烟台,None,None
2026-05-13,高线,Φ6,HPB300,永锋,3940,山东烟台,None,None
2026-05-13,高线,Φ6,HPB300,石横特钢,3940,山东烟台,None,None
2026-05-13,高线,Φ6,HPB300,江苏镔鑫,3880,山东烟台,None,None
2026-05-13,高线,Φ6,HPB300,永锋,3950,山东烟台,None,None
2026-05-13,高线,Φ6,HPB300,石横特钢,3950,山东烟台,None,None
2026-05-13,高线,Φ6,HPB300,江苏镔鑫,3890,山东烟台,None,None
2026-05-13,高线,Φ6,HPB300,永锋,3940,山东烟台,None,None
2026-05-13,高线,Φ6,HPB300,石横特钢,3940,山东烟台,None,None
2026-05-13,高线,Φ6,HPB300,江苏镔鑫,3880,山东烟台,None,None
2026-05-13,高线,Φ8,HPB300,永锋,3620,山东烟台,None,None
2026-05-13,高线,Φ8,HPB300,石横特钢,3620,山东烟台,None,None
2026-05-13,高线,Φ8,HPB300,江苏镔鑫,3580,山东烟台,None,None
2026-05-13,高线,Φ8,HPB300,永锋,3630,山东烟台,None,None
2026-05-13,高线,Φ8,HPB300,石横特钢,3630,山东烟台,None,None
2026-05-13,高线,Φ8,HPB300,江苏镔鑫,3590,山东烟台,None,None
2026-05-13,高线,Φ8,HPB300,永锋,3620,山东烟台,None,None
2026-05-13,高线,Φ8,HPB300,石横特钢,3620,山东烟台,None,None
2026-05-13,高线,Φ8,HPB300,江苏镔鑫,3580,山东烟台,None,None
2024-06-28,圆钢,Φ12-22,HPB300,莱钢永锋,None,山东烟台,None,None
2024-06-28,圆钢,Φ12-22,HPB300,石横特钢,None,山东烟台,None,None
2024-06-28,圆钢,Φ25-32,HPB300,莱钢永锋,None,山东烟台,None,None
2024-06-28,圆钢,Φ25-32,HPB300,石横特钢,None,山东烟台,None,None
2024-06-28,盘螺,Φ10,HRB400E,莱钢永锋,None,山东烟台,None,None
2024-06-28,盘螺,Φ10,HRB400E,石横特钢,None,山东烟台,None,None
2024-06-28,盘螺,Φ10,HRB400E,日照,None,山东烟台,None,None
2024-06-28,盘螺,Φ10,HRB400E,江苏镔鑫,None,山东烟台,None,None
2024-06-28,盘螺,Φ10,HRB400E,日钢营口,None,山东烟台,None,None
2024-06-28,盘螺,Φ12,HRB400E,莱钢永锋,None,山东烟台,None,None
2024-06-28,盘螺,Φ12,HRB400E,石横特钢,None,山东烟台,None,None
2024-06-28,盘螺,Φ6,HRB400E,莱钢永锋,None,山东烟台,None,None
2024-06-28,盘螺,Φ6,HRB400E,石横特钢,None,山东烟台,None,None
2024-06-28,盘螺,Φ8,HRB400E,莱钢永锋,None,山东烟台,None,None
2024-06-28,盘螺,Φ8,HRB400E,石横特钢,None,山东烟台,None,None
2024-06-28,盘螺,Φ8,HRB400E,日照,None,山东烟台,None,None
2024-06-28,盘螺,Φ8,HRB400E,江苏镔鑫,None,山东烟台,None,None
2024-06-28,盘螺,Φ8,HRB400E,日钢营口,None,山东烟台,None,None
2024-06-28,螺纹钢,Φ10,HRB400E,莱钢,None,山东烟台,None,None
2024-06-28,螺纹钢,Φ10,HRB400E,莱钢永锋,None,山东烟台,None,None
2024-06-28,螺纹钢,Φ10,HRB400E,石横特钢,None,山东烟台,None,None
2024-06-28,螺纹钢,Φ12,HRB400E,莱钢,None,山东烟台,None,None
2024-06-28,螺纹钢,Φ12,HRB400E,莱钢永锋,None,山东烟台,None,None
2024-06-28,螺纹钢,Φ12,HRB400E,石横特钢,None,山东烟台,None,None
2024-06-28,螺纹钢,Φ12,HRB400E,日照,None,山东烟台,None,None
2024-06-28,螺纹钢,Φ12,HRB400E,江苏镔鑫,None,山东烟台,None,None
2024-06-28,螺纹钢,Φ12-14,HRB500E,莱钢,None,山东烟台,None,None
2024-06-28,螺纹钢,Φ12-14,HRB500E,莱钢永锋,None,山东烟台,None,None
2024-06-28,螺纹钢,Φ12-14,HRB500E,石横特钢,None,山东烟台,None,None
2024-06-28,螺纹钢,Φ14,HRB400E,莱钢,None,山东烟台,None,None
2024-06-28,螺纹钢,Φ14,HRB400E,莱钢永锋,None,山东烟台,None,None
2024-06-28,螺纹钢,Φ14,HRB400E,石横特钢,None,山东烟台,None,None
2024-06-28,螺纹钢,Φ14,HRB400E,日照,None,山东烟台,None,None
2024-06-28,螺纹钢,Φ14,HRB400E,江苏镔鑫,None,山东烟台,None,None
2024-06-28,螺纹钢,Φ16,HRB400E,莱钢,None,山东烟台,None,None
2024-06-28,螺纹钢,Φ16,HRB400E,莱钢永锋,None,山东烟台,None,None
2024-06-28,螺纹钢,Φ16,HRB400E,石横特钢,None,山东烟台,None,None
2024-06-28,螺纹钢,Φ16,HRB400E,日照,None,山东烟台,None,None
2024-06-28,螺纹钢,Φ16,HRB400E,江苏镔鑫,None,山东烟台,None,None
2024-06-28,螺纹钢,Φ18,HRB400E,莱钢,None,山东烟台,None,None
2024-06-28,螺纹钢,Φ18,HRB400E,莱钢永锋,None,山东烟台,None,None
2024-06-28,螺纹钢,Φ18,HRB400E,石横特钢,None,山东烟台,None,None
2024-06-28,螺纹钢,Φ18,HRB400E,日照,None,山东烟台,None,None
2024-06-28,螺纹钢,Φ18,HRB400E,江苏镔鑫,None,山东烟台,None,None
2024-06-28,螺纹钢,Φ20,HRB400E,莱钢,None,山东烟台,None,None
2024-06-28,螺纹钢,Φ20,HRB400E,莱钢永锋,None,山东烟台,None,None
2024-06-28,螺纹钢,Φ20,HRB400E,石横特钢,None,山东烟台,None,None
2024-06-28,螺纹钢,Φ20,HRB400E,日照,None,山东烟台,None,None
2024-06-28,螺纹钢,Φ20,HRB400E,江苏镔鑫,None,山东烟台,None,None
2024-06-28,螺纹钢,Φ22,HRB400E,莱钢,None,山东烟台,None,None
2024-06-28,螺纹钢,Φ22,HRB400E,莱钢永锋,None,山东烟台,None,None
2024-06-28,螺纹钢,Φ22,HRB400E,石横特钢,None,山东烟台,None,None
2024-06-28,螺纹钢,Φ22,HRB400E,日照,None,山东烟台,None,None
2024-06-28,螺纹钢,Φ22,HRB400E,江苏镔鑫,None,山东烟台,None,None
2024-06-28,螺纹钢,Φ25,HRB400E,莱钢,None,山东烟台,None,None
2024-06-28,螺纹钢,Φ25,HRB400E,莱钢永锋,None,山东烟台,None,None
2024-06-28,螺纹钢,Φ25,HRB400E,石横特钢,None,山东烟台,None,None
2024-06-28,螺纹钢,Φ25,HRB400E,日照,None,山东烟台,None,None
2024-06-28,螺纹钢,Φ25,HRB400E,江苏镔鑫,None,山东烟台,None,None
2024-06-28,螺纹钢,Φ28-32,HRB400E,莱钢,None,山东烟台,None,None
2024-06-28,螺纹钢,Φ28-32,HRB400E,莱钢永锋,None,山东烟台,None,None
2024-06-28,螺纹钢,Φ28-32,HRB400E,石横特钢,None,山东烟台,None,None
2024-06-28,螺纹钢,Φ28-32,HRB400E,日照,None,山东烟台,None,None
2024-06-28,螺纹钢,Φ28-32,HRB400E,江苏镔鑫,None,山东烟台,None,None
2024-06-28,高线,Φ10,HPB300,莱钢永锋,None,山东烟台,None,None
2024-06-28,高线,Φ10,HPB300,石横特钢,None,山东烟台,None,None
2024-06-28,高线,Φ10,HPB300,江苏镔鑫,None,山东烟台,None,None
2024-06-28,高线,Φ12,HPB300,莱钢永锋,None,山东烟台,None,None
2024-06-28,高线,Φ12,HPB300,石横特钢,None,山东烟台,None,None
2024-06-28,高线,Φ6,HPB300,莱钢永锋,None,山东烟台,None,None
2024-06-28,高线,Φ6,HPB300,石横特钢,None,山东烟台,None,None
2024-06-28,高线,Φ6,HPB300,江苏镔鑫,None,山东烟台,None,None
2024-06-28,高线,Φ8,HPB300,莱钢永锋,None,山东烟台,None,None
2024-06-28,高线,Φ8,HPB300,石横特钢,None,山东烟台,None,None
2024-06-28,高线,Φ8,HPB300,江苏镔鑫,None,山东烟台,None,None
2024-06-27,圆钢,Φ12-22,HPB300,莱钢永锋,None,山东烟台,None,None
2024-06-27,圆钢,Φ12-22,HPB300,石横特钢,None,山东烟台,None,None
2024-06-27,圆钢,Φ25-32,HPB300,莱钢永锋,None,山东烟台,None,None
2024-06-27,圆钢,Φ25-32,HPB300,石横特钢,None,山东烟台,None,None
2024-06-27,盘螺,Φ10,HRB400E,莱钢永锋,None,山东烟台,None,None
2024-06-27,盘螺,Φ10,HRB400E,石横特钢,None,山东烟台,None,None
2024-06-27,盘螺,Φ10,HRB400E,日照,None,山东烟台,None,None
2024-06-27,盘螺,Φ10,HRB400E,江苏镔鑫,None,山东烟台,None,None
2024-06-27,盘螺,Φ10,HRB400E,日钢营口,None,山东烟台,None,None
2024-06-27,盘螺,Φ12,HRB400E,莱钢永锋,None,山东烟台,None,None
2024-06-27,盘螺,Φ12,HRB400E,石横特钢,None,山东烟台,None,None
2024-06-27,盘螺,Φ6,HRB400E,莱钢永锋,None,山东烟台,None,None
2024-06-27,盘螺,Φ6,HRB400E,石横特钢,None,山东烟台,None,None
2024-06-27,盘螺,Φ8,HRB400E,莱钢永锋,None,山东烟台,None,None
2024-06-27,盘螺,Φ8,HRB400E,石横特钢,None,山东烟台,None,None
2024-06-27,盘螺,Φ8,HRB400E,日照,None,山东烟台,None,None
2024-06-27,盘螺,Φ8,HRB400E,江苏镔鑫,None,山东烟台,None,None
2024-06-27,盘螺,Φ8,HRB400E,日钢营口,None,山东烟台,None,None
2024-06-27,螺纹钢,Φ10,HRB400E,莱钢,None,山东烟台,None,None
2024-06-27,螺纹钢,Φ10,HRB400E,莱钢永锋,None,山东烟台,None,None
2024-06-27,螺纹钢,Φ10,HRB400E,石横特钢,None,山东烟台,None,None
2024-06-27,螺纹钢,Φ12,HRB400E,莱钢,None,山东烟台,None,None
2024-06-27,螺纹钢,Φ12,HRB400E,莱钢永锋,None,山东烟台,None,None
2024-06-27,螺纹钢,Φ12,HRB400E,石横特钢,None,山东烟台,None,None
2024-06-27,螺纹钢,Φ12,HRB400E,日照,None,山东烟台,None,None
2024-06-27,螺纹钢,Φ12,HRB400E,江苏镔鑫,None,山东烟台,None,None
2024-06-27,螺纹钢,Φ12-14,HRB500E,莱钢,None,山东烟台,None,None
2024-06-27,螺纹钢,Φ12-14,HRB500E,莱钢永锋,None,山东烟台,None,None
2024-06-27,螺纹钢,Φ12-14,HRB500E,石横特钢,None,山东烟台,None,None
2024-06-27,螺纹钢,Φ14,HRB400E,莱钢,None,山东烟台,None,None
2024-06-27,螺纹钢,Φ14,HRB400E,莱钢永锋,None,山东烟台,None,None
2024-06-27,螺纹钢,Φ14,HRB400E,石横特钢,None,山东烟台,None,None
2024-06-27,螺纹钢,Φ14,HRB400E,日照,None,山东烟台,None,None
2024-06-27,螺纹钢,Φ14,HRB400E,江苏镔鑫,None,山东烟台,None,None
2024-06-27,螺纹钢,Φ16,HRB400E,莱钢,None,山东烟台,None,None
2024-06-27,螺纹钢,Φ16,HRB400E,莱钢永锋,None,山东烟台,None,None
2024-06-27,螺纹钢,Φ16,HRB400E,石横特钢,None,山东烟台,None,None
2024-06-27,螺纹钢,Φ16,HRB400E,日照,None,山东烟台,None,None
2024-06-27,螺纹钢,Φ16,HRB400E,江苏镔鑫,None,山东烟台,None,None
2024-06-27,螺纹钢,Φ18,HRB400E,莱钢,None,山东烟台,None,None
2024-06-27,螺纹钢,Φ18,HRB400E,莱钢永锋,None,山东烟台,None,None
2024-06-27,螺纹钢,Φ18,HRB400E,石横特钢,None,山东烟台,None,None
2024-06-27,螺纹钢,Φ18,HRB400E,日照,None,山东烟台,None,None
2024-06-27,螺纹钢,Φ18,HRB400E,江苏镔鑫,None,山东烟台,None,None
2024-06-27,螺纹钢,Φ20,HRB400E,莱钢,None,山东烟台,None,None
2024-06-27,螺纹钢,Φ20,HRB400E,莱钢永锋,None,山东烟台,None,None
2024-06-27,螺纹钢,Φ20,HRB400E,石横特钢,None,山东烟台,None,None
2024-06-27,螺纹钢,Φ20,HRB400E,日照,None,山东烟台,None,None
2024-06-27,螺纹钢,Φ20,HRB400E,江苏镔鑫,None,山东烟台,None,None
2024-06-27,螺纹钢,Φ22,HRB400E,莱钢,None,山东烟台,None,None
2024-06-27,螺纹钢,Φ22,HRB400E,莱钢永锋,None,山东烟台,None,None
2024-06-27,螺纹钢,Φ22,HRB400E,石横特钢,None,山东烟台,None,None
2024-06-27,螺纹钢,Φ22,HRB400E,日照,None,山东烟台,None,None
2024-06-27,螺纹钢,Φ22,HRB400E,江苏镔鑫,None,山东烟台,None,None
2024-06-27,螺纹钢,Φ25,HRB400E,莱钢,None,山东烟台,None,None
2024-06-27,螺纹钢,Φ25,HRB400E,莱钢永锋,None,山东烟台,None,None
2024-06-27,螺纹钢,Φ25,HRB400E,石横特钢,None,山东烟台,None,None
2024-06-27,螺纹钢,Φ25,HRB400E,日照,None,山东烟台,None,None
2024-06-27,螺纹钢,Φ25,HRB400E,江苏镔鑫,None,山东烟台,None,None
2024-06-27,螺纹钢,Φ28-32,HRB400E,莱钢,None,山东烟台,None,None
2024-06-27,螺纹钢,Φ28-32,HRB400E,莱钢永锋,None,山东烟台,None,None
2024-06-27,螺纹钢,Φ28-32,HRB400E,石横特钢,None,山东烟台,None,None
2024-06-27,螺纹钢,Φ28-32,HRB400E,日照,None,山东烟台,None,None
2024-06-27,螺纹钢,Φ28-32,HRB400E,江苏镔鑫,None,山东烟台,None,None
2024-06-27,高线,Φ10,HPB300,莱钢永锋,None,山东烟台,None,None
2024-06-27,高线,Φ10,HPB300,石横特钢,None,山东烟台,None,None
2024-06-27,高线,Φ10,HPB300,江苏镔鑫,None,山东烟台,None,None
2024-06-27,高线,Φ12,HPB300,莱钢永锋,None,山东烟台,None,None
2024-06-27,高线,Φ12,HPB300,石横特钢,None,山东烟台,None,None
2024-06-27,高线,Φ6,HPB300,莱钢永锋,None,山东烟台,None,None
2024-06-27,高线,Φ6,HPB300,石横特钢,None,山东烟台,None,None
2024-06-27,高线,Φ6,HPB300,江苏镔鑫,None,山东烟台,None,None
2024-06-27,高线,Φ8,HPB300,莱钢永锋,None,山东烟台,None,None
2024-06-27,高线,Φ8,HPB300,石横特钢,None,山东烟台,None,None
2024-06-27,高线,Φ8,HPB300,江苏镔鑫,None,山东烟台,None,None
2024-06-26,圆钢,Φ12-22,HPB300,莱钢永锋,None,山东烟台,None,None
2024-06-26,圆钢,Φ12-22,HPB300,石横特钢,None,山东烟台,None,None
2024-06-26,圆钢,Φ25-32,HPB300,莱钢永锋,None,山东烟台,None,None
2024-06-26,圆钢,Φ25-32,HPB300,石横特钢,None,山东烟台,None,None
2024-06-26,盘螺,Φ10,HRB400E,莱钢永锋,None,山东烟台,None,None
2024-06-26,盘螺,Φ10,HRB400E,石横特钢,None,山东烟台,None,None
2024-06-26,盘螺,Φ10,HRB400E,日照,None,山东烟台,None,None
2024-06-26,盘螺,Φ10,HRB400E,江苏镔鑫,None,山东烟台,None,None
2024-06-26,盘螺,Φ10,HRB400E,日钢营口,None,山东烟台,None,None
2024-06-26,盘螺,Φ12,HRB400E,莱钢永锋,None,山东烟台,None,None
2024-06-26,盘螺,Φ12,HRB400E,石横特钢,None,山东烟台,None,None
2024-06-26,盘螺,Φ6,HRB400E,莱钢永锋,None,山东烟台,None,None
2024-06-26,盘螺,Φ6,HRB400E,石横特钢,None,山东烟台,None,None
2024-06-26,盘螺,Φ8,HRB400E,莱钢永锋,None,山东烟台,None,None
2024-06-26,盘螺,Φ8,HRB400E,石横特钢,None,山东烟台,None,None
2024-06-26,盘螺,Φ8,HRB400E,日照,None,山东烟台,None,None
2024-06-26,盘螺,Φ8,HRB400E,江苏镔鑫,None,山东烟台,None,None
2024-06-26,盘螺,Φ8,HRB400E,日钢营口,None,山东烟台,None,None
2024-06-26,螺纹钢,Φ10,HRB400E,莱钢,None,山东烟台,None,None
2024-06-26,螺纹钢,Φ10,HRB400E,莱钢永锋,None,山东烟台,None,None
2024-06-26,螺纹钢,Φ10,HRB400E,石横特钢,None,山东烟台,None,None
2024-06-26,螺纹钢,Φ12,HRB400E,莱钢,None,山东烟台,None,None
2024-06-26,螺纹钢,Φ12,HRB400E,莱钢永锋,None,山东烟台,None,None
2024-06-26,螺纹钢,Φ12,HRB400E,石横特钢,None,山东烟台,None,None
2024-06-26,螺纹钢,Φ12,HRB400E,日照,None,山东烟台,None,None
2024-06-26,螺纹钢,Φ12,HRB400E,江苏镔鑫,None,山东烟台,None,None
2024-06-26,螺纹钢,Φ12-14,HRB500E,莱钢,None,山东烟台,None,None
2024-06-26,螺纹钢,Φ12-14,HRB500E,莱钢永锋,None,山东烟台,None,None
2024-06-26,螺纹钢,Φ12-14,HRB500E,石横特钢,None,山东烟台,None,None
2024-06-26,螺纹钢,Φ14,HRB400E,莱钢,None,山东烟台,None,None
2024-06-26,螺纹钢,Φ14,HRB400E,莱钢永锋,None,山东烟台,None,None
2024-06-26,螺纹钢,Φ14,HRB400E,石横特钢,None,山东烟台,None,None
2024-06-26,螺纹钢,Φ14,HRB400E,日照,None,山东烟台,None,None
2024-06-26,螺纹钢,Φ14,HRB400E,江苏镔鑫,None,山东烟台,None,None
2024-06-26,螺纹钢,Φ16,HRB400E,莱钢,None,山东烟台,None,None
2024-06-26,螺纹钢,Φ16,HRB400E,莱钢永锋,None,山东烟台,None,None
2024-06-26,螺纹钢,Φ16,HRB400E,石横特钢,None,山东烟台,None,None
2024-06-26,螺纹钢,Φ16,HRB400E,日照,None,山东烟台,None,None
2024-06-26,螺纹钢,Φ16,HRB400E,江苏镔鑫,None,山东烟台,None,None
2024-06-26,螺纹钢,Φ18,HRB400E,莱钢,None,山东烟台,None,None
2024-06-26,螺纹钢,Φ18,HRB400E,莱钢永锋,None,山东烟台,None,None
2024-06-26,螺纹钢,Φ18,HRB400E,石横特钢,None,山东烟台,None,None
2024-06-26,螺纹钢,Φ18,HRB400E,日照,None,山东烟台,None,None
2024-06-26,螺纹钢,Φ18,HRB400E,江苏镔鑫,None,山东烟台,None,None
2024-06-26,螺纹钢,Φ20,HRB400E,莱钢,None,山东烟台,None,None
2024-06-26,螺纹钢,Φ20,HRB400E,莱钢永锋,None,山东烟台,None,None
2024-06-26,螺纹钢,Φ20,HRB400E,石横特钢,None,山东烟台,None,None
2024-06-26,螺纹钢,Φ20,HRB400E,日照,None,山东烟台,None,None
2024-06-26,螺纹钢,Φ20,HRB400E,江苏镔鑫,None,山东烟台,None,None
2024-06-26,螺纹钢,Φ22,HRB400E,莱钢,None,山东烟台,None,None
2024-06-26,螺纹钢,Φ22,HRB400E,莱钢永锋,None,山东烟台,None,None
2024-06-26,螺纹钢,Φ22,HRB400E,石横特钢,None,山东烟台,None,None
2024-06-26,螺纹钢,Φ22,HRB400E,日照,None,山东烟台,None,None
2024-06-26,螺纹钢,Φ22,HRB400E,江苏镔鑫,None,山东烟台,None,None
2024-06-26,螺纹钢,Φ25,HRB400E,莱钢,None,山东烟台,None,None
2024-06-26,螺纹钢,Φ25,HRB400E,莱钢永锋,None,山东烟台,None,None
2024-06-26,螺纹钢,Φ25,HRB400E,石横特钢,None,山东烟台,None,None
2024-06-26,螺纹钢,Φ25,HRB400E,日照,None,山东烟台,None,None
2024-06-26,螺纹钢,Φ25,HRB400E,江苏镔鑫,None,山东烟台,None,None
2024-06-26,螺纹钢,Φ28-32,HRB400E,莱钢,None,山东烟台,None,None
2024-06-26,螺纹钢,Φ28-32,HRB400E,莱钢永锋,None,山东烟台,None,None
2024-06-26,螺纹钢,Φ28-32,HRB400E,石横特钢,None,山东烟台,None,None
2024-06-26,螺纹钢,Φ28-32,HRB400E,日照,None,山东烟台,None,None
2024-06-26,螺纹钢,Φ28-32,HRB400E,江苏镔鑫,None,山东烟台,None,None
2024-06-26,高线,Φ10,HPB300,莱钢永锋,None,山东烟台,None,None
2024-06-26,高线,Φ10,HPB300,石横特钢,None,山东烟台,None,None
2024-06-26,高线,Φ10,HPB300,江苏镔鑫,None,山东烟台,None,None
2024-06-26,高线,Φ12,HPB300,莱钢永锋,None,山东烟台,None,None
2024-06-26,高线,Φ12,HPB300,石横特钢,None,山东烟台,None,None
2024-06-26,高线,Φ6,HPB300,莱钢永锋,None,山东烟台,None,None
2024-06-26,高线,Φ6,HPB300,石横特钢,None,山东烟台,None,None
2024-06-26,高线,Φ6,HPB300,江苏镔鑫,None,山东烟台,None,None
2024-06-26,高线,Φ8,HPB300,莱钢永锋,None,山东烟台,None,None
2024-06-26,高线,Φ8,HPB300,石横特钢,None,山东烟台,None,None
2024-06-26,高线,Φ8,HPB300,江苏镔鑫,None,山东烟台,None,None
2024-06-25,圆钢,Φ12-22,HPB300,莱钢永锋,None,山东烟台,None,None
2024-06-25,圆钢,Φ12-22,HPB300,石横特钢,None,山东烟台,None,None
2024-06-25,圆钢,Φ25-32,HPB300,莱钢永锋,None,山东烟台,None,None
2024-06-25,圆钢,Φ25-32,HPB300,石横特钢,None,山东烟台,None,None
2024-06-25,盘螺,Φ10,HRB400E,莱钢永锋,None,山东烟台,None,None
2024-06-25,盘螺,Φ10,HRB400E,石横特钢,None,山东烟台,None,None
2024-06-25,盘螺,Φ10,HRB400E,日照,None,山东烟台,None,None
2024-06-25,盘螺,Φ10,HRB400E,江苏镔鑫,None,山东烟台,None,None
2024-06-25,盘螺,Φ10,HRB400E,日钢营口,None,山东烟台,None,None
2024-06-25,盘螺,Φ12,HRB400E,莱钢永锋,None,山东烟台,None,None
2024-06-25,盘螺,Φ12,HRB400E,石横特钢,None,山东烟台,None,None
2024-06-25,盘螺,Φ6,HRB400E,莱钢永锋,None,山东烟台,None,None
2024-06-25,盘螺,Φ6,HRB400E,石横特钢,None,山东烟台,None,None
2024-06-25,盘螺,Φ8,HRB400E,莱钢永锋,None,山东烟台,None,None
2024-06-25,盘螺,Φ8,HRB400E,石横特钢,None,山东烟台,None,None
2024-06-25,盘螺,Φ8,HRB400E,日照,None,山东烟台,None,None
2024-06-25,盘螺,Φ8,HRB400E,江苏镔鑫,None,山东烟台,None,None
2024-06-25,盘螺,Φ8,HRB400E,日钢营口,None,山东烟台,None,None
2024-06-25,螺纹钢,Φ10,HRB400E,莱钢,None,山东烟台,None,None
2024-06-25,螺纹钢,Φ10,HRB400E,莱钢永锋,None,山东烟台,None,None
2024-06-25,螺纹钢,Φ10,HRB400E,石横特钢,None,山东烟台,None,None
2024-06-25,螺纹钢,Φ12,HRB400E,莱钢,None,山东烟台,None,None
2024-06-25,螺纹钢,Φ12,HRB400E,莱钢永锋,None,山东烟台,None,None
2024-06-25,螺纹钢,Φ12,HRB400E,石横特钢,None,山东烟台,None,None
2024-06-25,螺纹钢,Φ12,HRB400E,日照,None,山东烟台,None,None
2024-06-25,螺纹钢,Φ12,HRB400E,江苏镔鑫,None,山东烟台,None,None
2024-06-25,螺纹钢,Φ12-14,HRB500E,莱钢,None,山东烟台,None,None
2024-06-25,螺纹钢,Φ12-14,HRB500E,莱钢永锋,None,山东烟台,None,None
2024-06-25,螺纹钢,Φ12-14,HRB500E,石横特钢,None,山东烟台,None,None
2024-06-25,螺纹钢,Φ14,HRB400E,莱钢,None,山东烟台,None,None
2024-06-25,螺纹钢,Φ14,HRB400E,莱钢永锋,None,山东烟台,None,None
2024-06-25,螺纹钢,Φ14,HRB400E,石横特钢,None,山东烟台,None,None
2024-06-25,螺纹钢,Φ14,HRB400E,日照,None,山东烟台,None,None
2024-06-25,螺纹钢,Φ14,HRB400E,江苏镔鑫,None,山东烟台,None,None
2024-06-25,螺纹钢,Φ16,HRB400E,莱钢,None,山东烟台,None,None
2024-06-25,螺纹钢,Φ16,HRB400E,莱钢永锋,None,山东烟台,None,None
2024-06-25,螺纹钢,Φ16,HRB400E,石横特钢,None,山东烟台,None,None
2024-06-25,螺纹钢,Φ16,HRB400E,日照,None,山东烟台,None,None
2024-06-25,螺纹钢,Φ16,HRB400E,江苏镔鑫,None,山东烟台,None,None
2024-06-25,螺纹钢,Φ18,HRB400E,莱钢,None,山东烟台,None,None
2024-06-25,螺纹钢,Φ18,HRB400E,莱钢永锋,None,山东烟台,None,None
2024-06-25,螺纹钢,Φ18,HRB400E,石横特钢,None,山东烟台,None,None
2024-06-25,螺纹钢,Φ18,HRB400E,日照,None,山东烟台,None,None
2024-06-25,螺纹钢,Φ18,HRB400E,江苏镔鑫,None,山东烟台,None,None
2024-06-25,螺纹钢,Φ20,HRB400E,莱钢,None,山东烟台,None,None
2024-06-25,螺纹钢,Φ20,HRB400E,莱钢永锋,None,山东烟台,None,None
2024-06-25,螺纹钢,Φ20,HRB400E,石横特钢,None,山东烟台,None,None
2024-06-25,螺纹钢,Φ20,HRB400E,日照,None,山东烟台,None,None
2024-06-25,螺纹钢,Φ20,HRB400E,江苏镔鑫,None,山东烟台,None,None
2024-06-25,螺纹钢,Φ22,HRB400E,莱钢,None,山东烟台,None,None
2024-06-25,螺纹钢,Φ22,HRB400E,莱钢永锋,None,山东烟台,None,None
2024-06-25,螺纹钢,Φ22,HRB400E,石横特钢,None,山东烟台,None,None
2024-06-25,螺纹钢,Φ22,HRB400E,日照,None,山东烟台,None,None
2024-06-25,螺纹钢,Φ22,HRB400E,江苏镔鑫,None,山东烟台,None,None
2024-06-25,螺纹钢,Φ25,HRB400E,莱钢,None,山东烟台,None,None
2024-06-25,螺纹钢,Φ25,HRB400E,莱钢永锋,None,山东烟台,None,None
2024-06-25,螺纹钢,Φ25,HRB400E,石横特钢,None,山东烟台,None,None
2024-06-25,螺纹钢,Φ25,HRB400E,日照,None,山东烟台,None,None
2024-06-25,螺纹钢,Φ25,HRB400E,江苏镔鑫,None,山东烟台,None,None
2024-06-25,螺纹钢,Φ28-32,HRB400E,莱钢,None,山东烟台,None,None
2024-06-25,螺纹钢,Φ28-32,HRB400E,莱钢永锋,None,山东烟台,None,None
2024-06-25,螺纹钢,Φ28-32,HRB400E,石横特钢,None,山东烟台,None,None
2024-06-25,螺纹钢,Φ28-32,HRB400E,日照,None,山东烟台,None,None
2024-06-25,螺纹钢,Φ28-32,HRB400E,江苏镔鑫,None,山东烟台,None,None
2024-06-25,高线,Φ10,HPB300,莱钢永锋,None,山东烟台,None,None
2024-06-25,高线,Φ10,HPB300,石横特钢,None,山东烟台,None,None
2024-06-25,高线,Φ10,HPB300,江苏镔鑫,None,山东烟台,None,None
2024-06-25,高线,Φ12,HPB300,莱钢永锋,None,山东烟台,None,None
2024-06-25,高线,Φ12,HPB300,石横特钢,None,山东烟台,None,None
2024-06-25,高线,Φ6,HPB300,莱钢永锋,None,山东烟台,None,None
2024-06-25,高线,Φ6,HPB300,石横特钢,None,山东烟台,None,None
2024-06-25,高线,Φ6,HPB300,江苏镔鑫,None,山东烟台,None,None
2024-06-25,高线,Φ8,HPB300,莱钢永锋,None,山东烟台,None,None
2024-06-25,高线,Φ8,HPB300,石横特钢,None,山东烟台,None,None
2024-06-25,高线,Φ8,HPB300,江苏镔鑫,None,山东烟台,None,None
2024-06-24,圆钢,Φ12-22,HPB300,莱钢永锋,None,山东烟台,None,None
2024-06-24,圆钢,Φ12-22,HPB300,石横特钢,None,山东烟台,None,None
2024-06-24,圆钢,Φ25-32,HPB300,莱钢永锋,None,山东烟台,None,None
2024-06-24,圆钢,Φ25-32,HPB300,石横特钢,None,山东烟台,None,None
2024-06-24,盘螺,Φ10,HRB400E,莱钢永锋,None,山东烟台,None,None
2024-06-24,盘螺,Φ10,HRB400E,石横特钢,None,山东烟台,None,None
2024-06-24,盘螺,Φ10,HRB400E,日照,None,山东烟台,None,None
2024-06-24,盘螺,Φ10,HRB400E,江苏镔鑫,None,山东烟台,None,None
2024-06-24,盘螺,Φ10,HRB400E,日钢营口,None,山东烟台,None,None
2024-06-24,盘螺,Φ12,HRB400E,莱钢永锋,None,山东烟台,None,None
2024-06-24,盘螺,Φ12,HRB400E,石横特钢,None,山东烟台,None,None
2024-06-24,盘螺,Φ6,HRB400E,莱钢永锋,None,山东烟台,None,None
2024-06-24,盘螺,Φ6,HRB400E,石横特钢,None,山东烟台,None,None
2024-06-24,盘螺,Φ8,HRB400E,莱钢永锋,None,山东烟台,None,None
2024-06-24,盘螺,Φ8,HRB400E,石横特钢,None,山东烟台,None,None
2024-06-24,盘螺,Φ8,HRB400E,日照,None,山东烟台,None,None
2024-06-24,盘螺,Φ8,HRB400E,江苏镔鑫,None,山东烟台,None,None
2024-06-24,盘螺,Φ8,HRB400E,日钢营口,None,山东烟台,None,None
2024-06-24,螺纹钢,Φ10,HRB400E,莱钢,None,山东烟台,None,None
2024-06-24,螺纹钢,Φ10,HRB400E,莱钢永锋,None,山东烟台,None,None
2024-06-24,螺纹钢,Φ10,HRB400E,石横特钢,None,山东烟台,None,None
2024-06-24,螺纹钢,Φ12,HRB400E,莱钢,None,山东烟台,None,None
2024-06-24,螺纹钢,Φ12,HRB400E,莱钢永锋,None,山东烟台,None,None
2024-06-24,螺纹钢,Φ12,HRB400E,石横特钢,None,山东烟台,None,None
2024-06-24,螺纹钢,Φ12,HRB400E,日照,None,山东烟台,None,None
2024-06-24,螺纹钢,Φ12,HRB400E,江苏镔鑫,None,山东烟台,None,None
2024-06-24,螺纹钢,Φ12-14,HRB500E,莱钢,None,山东烟台,None,None
2024-06-24,螺纹钢,Φ12-14,HRB500E,莱钢永锋,None,山东烟台,None,None
2024-06-24,螺纹钢,Φ12-14,HRB500E,石横特钢,None,山东烟台,None,None
2024-06-24,螺纹钢,Φ14,HRB400E,莱钢,None,山东烟台,None,None
2024-06-24,螺纹钢,Φ14,HRB400E,莱钢永锋,None,山东烟台,None,None
2024-06-24,螺纹钢,Φ14,HRB400E,石横特钢,None,山东烟台,None,None
2024-06-24,螺纹钢,Φ14,HRB400E,日照,None,山东烟台,None,None
2024-06-24,螺纹钢,Φ14,HRB400E,江苏镔鑫,None,山东烟台,None,None
2024-06-24,螺纹钢,Φ16,HRB400E,莱钢,None,山东烟台,None,None
2024-06-24,螺纹钢,Φ16,HRB400E,莱钢永锋,None,山东烟台,None,None
2024-06-24,螺纹钢,Φ16,HRB400E,石横特钢,None,山东烟台,None,None
2024-06-24,螺纹钢,Φ16,HRB400E,日照,None,山东烟台,None,None
2024-06-24,螺纹钢,Φ16,HRB400E,江苏镔鑫,None,山东烟台,None,None
2024-06-24,螺纹钢,Φ18,HRB400E,莱钢,None,山东烟台,None,None
2024-06-24,螺纹钢,Φ18,HRB400E,莱钢永锋,None,山东烟台,None,None
2024-06-24,螺纹钢,Φ18,HRB400E,石横特钢,None,山东烟台,None,None
2024-06-24,螺纹钢,Φ18,HRB400E,日照,None,山东烟台,None,None
2024-06-24,螺纹钢,Φ18,HRB400E,江苏镔鑫,None,山东烟台,None,None
2024-06-24,螺纹钢,Φ20,HRB400E,莱钢,None,山东烟台,None,None
2024-06-24,螺纹钢,Φ20,HRB400E,莱钢永锋,None,山东烟台,None,None
2024-06-24,螺纹钢,Φ20,HRB400E,石横特钢,None,山东烟台,None,None
2024-06-24,螺纹钢,Φ20,HRB400E,日照,None,山东烟台,None,None
2024-06-24,螺纹钢,Φ20,HRB400E,江苏镔鑫,None,山东烟台,None,None
2024-06-24,螺纹钢,Φ22,HRB400E,莱钢,None,山东烟台,None,None
2024-06-24,螺纹钢,Φ22,HRB400E,莱钢永锋,None,山东烟台,None,None
2024-06-24,螺纹钢,Φ22,HRB400E,石横特钢,None,山东烟台,None,None
2024-06-24,螺纹钢,Φ22,HRB400E,日照,None,山东烟台,None,None
2024-06-24,螺纹钢,Φ22,HRB400E,江苏镔鑫,None,山东烟台,None,None
2024-06-24,螺纹钢,Φ25,HRB400E,莱钢,None,山东烟台,None,None
2024-06-24,螺纹钢,Φ25,HRB400E,莱钢永锋,None,山东烟台,None,None
2024-06-24,螺纹钢,Φ25,HRB400E,石横特钢,None,山东烟台,None,None
2024-06-24,螺纹钢,Φ25,HRB400E,日照,None,山东烟台,None,None
2024-06-24,螺纹钢,Φ25,HRB400E,江苏镔鑫,None,山东烟台,None,None
2024-06-24,螺纹钢,Φ28-32,HRB400E,莱钢,None,山东烟台,None,None
2024-06-24,螺纹钢,Φ28-32,HRB400E,莱钢永锋,None,山东烟台,None,None
2024-06-24,螺纹钢,Φ28-32,HRB400E,石横特钢,None,山东烟台,None,None
2024-06-24,螺纹钢,Φ28-32,HRB400E,日照,None,山东烟台,None,None
2024-06-24,螺纹钢,Φ28-32,HRB400E,江苏镔鑫,None,山东烟台,None,None
2024-06-24,高线,Φ10,HPB300,莱钢永锋,None,山东烟台,None,None
2024-06-24,高线,Φ10,HPB300,石横特钢,None,山东烟台,None,None
2024-06-24,高线,Φ10,HPB300,江苏镔鑫,None,山东烟台,None,None
2024-06-24,高线,Φ12,HPB300,莱钢永锋,None,山东烟台,None,None
2024-06-24,高线,Φ12,HPB300,石横特钢,None,山东烟台,None,None
2024-06-24,高线,Φ6,HPB300,莱钢永锋,None,山东烟台,None,None
2024-06-24,高线,Φ6,HPB300,石横特钢,None,山东烟台,None,None
2024-06-24,高线,Φ6,HPB300,江苏镔鑫,None,山东烟台,None,None
2024-06-24,高线,Φ8,HPB300,莱钢永锋,None,山东烟台,None,None
2024-06-24,高线,Φ8,HPB300,石横特钢,None,山东烟台,None,None
2024-06-24,高线,Φ8,HPB300,江苏镔鑫,None,山东烟台,None,None
2024-06-21,圆钢,Φ12-22,HPB300,莱钢永锋,None,山东烟台,None,None
2024-06-21,圆钢,Φ12-22,HPB300,石横特钢,None,山东烟台,None,None
2024-06-21,圆钢,Φ25-32,HPB300,莱钢永锋,None,山东烟台,None,None
2024-06-21,圆钢,Φ25-32,HPB300,石横特钢,None,山东烟台,None,None
2024-06-21,盘螺,Φ10,HRB400E,莱钢永锋,None,山东烟台,None,None
2024-06-21,盘螺,Φ10,HRB400E,石横特钢,None,山东烟台,None,None
2024-06-21,盘螺,Φ10,HRB400E,日照,None,山东烟台,None,None
2024-06-21,盘螺,Φ10,HRB400E,江苏镔鑫,None,山东烟台,None,None
2024-06-21,盘螺,Φ10,HRB400E,日钢营口,None,山东烟台,None,None
2024-06-21,盘螺,Φ12,HRB400E,莱钢永锋,None,山东烟台,None,None
2024-06-21,盘螺,Φ12,HRB400E,石横特钢,None,山东烟台,None,None
2024-06-21,盘螺,Φ6,HRB400E,莱钢永锋,None,山东烟台,None,None
2024-06-21,盘螺,Φ6,HRB400E,石横特钢,None,山东烟台,None,None
2024-06-21,盘螺,Φ8,HRB400E,莱钢永锋,None,山东烟台,None,None
2024-06-21,盘螺,Φ8,HRB400E,石横特钢,None,山东烟台,None,None
2024-06-21,盘螺,Φ8,HRB400E,日照,None,山东烟台,None,None
2024-06-21,盘螺,Φ8,HRB400E,江苏镔鑫,None,山东烟台,None,None
2024-06-21,盘螺,Φ8,HRB400E,日钢营口,None,山东烟台,None,None
2024-06-21,螺纹钢,Φ10,HRB400E,莱钢,None,山东烟台,None,None
2024-06-21,螺纹钢,Φ10,HRB400E,莱钢永锋,None,山东烟台,None,None
2024-06-21,螺纹钢,Φ10,HRB400E,石横特钢,None,山东烟台,None,None
2024-06-21,螺纹钢,Φ12,HRB400E,莱钢,None,山东烟台,None,None
2024-06-21,螺纹钢,Φ12,HRB400E,莱钢永锋,None,山东烟台,None,None
2024-06-21,螺纹钢,Φ12,HRB400E,石横特钢,None,山东烟台,None,None
2024-06-21,螺纹钢,Φ12,HRB400E,日照,None,山东烟台,None,None
2024-06-21,螺纹钢,Φ12,HRB400E,江苏镔鑫,None,山东烟台,None,None
2024-06-21,螺纹钢,Φ12-14,HRB500E,莱钢,None,山东烟台,None,None
2024-06-21,螺纹钢,Φ12-14,HRB500E,莱钢永锋,None,山东烟台,None,None
2024-06-21,螺纹钢,Φ12-14,HRB500E,石横特钢,None,山东烟台,None,None
2024-06-21,螺纹钢,Φ14,HRB400E,莱钢,None,山东烟台,None,None
2024-06-21,螺纹钢,Φ14,HRB400E,莱钢永锋,None,山东烟台,None,None
2024-06-21,螺纹钢,Φ14,HRB400E,石横特钢,None,山东烟台,None,None
2024-06-21,螺纹钢,Φ14,HRB400E,日照,None,山东烟台,None,None
2024-06-21,螺纹钢,Φ14,HRB400E,江苏镔鑫,None,山东烟台,None,None
2024-06-21,螺纹钢,Φ16,HRB400E,莱钢,None,山东烟台,None,None
2024-06-21,螺纹钢,Φ16,HRB400E,莱钢永锋,None,山东烟台,None,None
2024-06-21,螺纹钢,Φ16,HRB400E,石横特钢,None,山东烟台,None,None
2024-06-21,螺纹钢,Φ16,HRB400E,日照,None,山东烟台,None,None
2024-06-21,螺纹钢,Φ16,HRB400E,江苏镔鑫,None,山东烟台,None,None
2024-06-21,螺纹钢,Φ18,HRB400E,莱钢,None,山东烟台,None,None
2024-06-21,螺纹钢,Φ18,HRB400E,莱钢永锋,None,山东烟台,None,None
2024-06-21,螺纹钢,Φ18,HRB400E,石横特钢,None,山东烟台,None,None
2024-06-21,螺纹钢,Φ18,HRB400E,日照,None,山东烟台,None,None
2024-06-21,螺纹钢,Φ18,HRB400E,江苏镔鑫,None,山东烟台,None,None
2024-06-21,螺纹钢,Φ20,HRB400E,莱钢,None,山东烟台,None,None
2024-06-21,螺纹钢,Φ20,HRB400E,莱钢永锋,None,山东烟台,None,None
2024-06-21,螺纹钢,Φ20,HRB400E,石横特钢,None,山东烟台,None,None
2024-06-21,螺纹钢,Φ20,HRB400E,日照,None,山东烟台,None,None
2024-06-21,螺纹钢,Φ20,HRB400E,江苏镔鑫,None,山东烟台,None,None
2024-06-21,螺纹钢,Φ22,HRB400E,莱钢,None,山东烟台,None,None
2024-06-21,螺纹钢,Φ22,HRB400E,莱钢永锋,None,山东烟台,None,None
2024-06-21,螺纹钢,Φ22,HRB400E,石横特钢,None,山东烟台,None,None
2024-06-21,螺纹钢,Φ22,HRB400E,日照,None,山东烟台,None,None
2024-06-21,螺纹钢,Φ22,HRB400E,江苏镔鑫,None,山东烟台,None,None
2024-06-21,螺纹钢,Φ25,HRB400E,莱钢,None,山东烟台,None,None
2024-06-21,螺纹钢,Φ25,HRB400E,莱钢永锋,None,山东烟台,None,None
2024-06-21,螺纹钢,Φ25,HRB400E,石横特钢,None,山东烟台,None,None
2024-06-21,螺纹钢,Φ25,HRB400E,日照,None,山东烟台,None,None
2024-06-21,螺纹钢,Φ25,HRB400E,江苏镔鑫,None,山东烟台,None,None
2024-06-21,螺纹钢,Φ28-32,HRB400E,莱钢,None,山东烟台,None,None
2024-06-21,螺纹钢,Φ28-32,HRB400E,莱钢永锋,None,山东烟台,None,None
2024-06-21,螺纹钢,Φ28-32,HRB400E,石横特钢,None,山东烟台,None,None
2024-06-21,螺纹钢,Φ28-32,HRB400E,日照,None,山东烟台,None,None
2024-06-21,螺纹钢,Φ28-32,HRB400E,江苏镔鑫,None,山东烟台,None,None
2024-06-21,高线,Φ10,HPB300,莱钢永锋,None,山东烟台,None,None
2024-06-21,高线,Φ10,HPB300,石横特钢,None,山东烟台,None,None
2024-06-21,高线,Φ10,HPB300,江苏镔鑫,None,山东烟台,None,None
2024-06-21,高线,Φ12,HPB300,莱钢永锋,None,山东烟台,None,None
2024-06-21,高线,Φ12,HPB300,石横特钢,None,山东烟台,None,None
2024-06-21,高线,Φ6,HPB300,莱钢永锋,None,山东烟台,None,None
2024-06-21,高线,Φ6,HPB300,石横特钢,None,山东烟台,None,None
2024-06-21,高线,Φ6,HPB300,江苏镔鑫,None,山东烟台,None,None
2024-06-21,高线,Φ8,HPB300,莱钢永锋,None,山东烟台,None,None
2024-06-21,高线,Φ8,HPB300,石横特钢,None,山东烟台,None,None
2024-06-21,高线,Φ8,HPB300,江苏镔鑫,None,山东烟台,None,None
2024-06-20,圆钢,Φ12-22,HPB300,莱钢永锋,None,山东烟台,None,None
2024-06-20,圆钢,Φ12-22,HPB300,石横特钢,None,山东烟台,None,None
2024-06-20,圆钢,Φ25-32,HPB300,莱钢永锋,None,山东烟台,None,None
2024-06-20,圆钢,Φ25-32,HPB300,石横特钢,None,山东烟台,None,None
2024-06-20,盘螺,Φ10,HRB400E,莱钢永锋,None,山东烟台,None,None
2024-06-20,盘螺,Φ10,HRB400E,石横特钢,None,山东烟台,None,None
2024-06-20,盘螺,Φ10,HRB400E,日照,None,山东烟台,None,None
2024-06-20,盘螺,Φ10,HRB400E,江苏镔鑫,None,山东烟台,None,None
2024-06-20,盘螺,Φ10,HRB400E,日钢营口,None,山东烟台,None,None
2024-06-20,盘螺,Φ12,HRB400E,莱钢永锋,None,山东烟台,None,None
2024-06-20,盘螺,Φ12,HRB400E,石横特钢,None,山东烟台,None,None
2024-06-20,盘螺,Φ6,HRB400E,莱钢永锋,None,山东烟台,None,None
2024-06-20,盘螺,Φ6,HRB400E,石横特钢,None,山东烟台,None,None
2024-06-20,盘螺,Φ8,HRB400E,莱钢永锋,None,山东烟台,None,None
2024-06-20,盘螺,Φ8,HRB400E,石横特钢,None,山东烟台,None,None
2024-06-20,盘螺,Φ8,HRB400E,日照,None,山东烟台,None,None
2024-06-20,盘螺,Φ8,HRB400E,江苏镔鑫,None,山东烟台,None,None
2024-06-20,盘螺,Φ8,HRB400E,日钢营口,None,山东烟台,None,None
2024-06-20,螺纹钢,Φ10,HRB400E,莱钢,None,山东烟台,None,None
2024-06-20,螺纹钢,Φ10,HRB400E,莱钢永锋,None,山东烟台,None,None
2024-06-20,螺纹钢,Φ10,HRB400E,石横特钢,None,山东烟台,None,None
2024-06-20,螺纹钢,Φ12,HRB400E,莱钢,None,山东烟台,None,None
2024-06-20,螺纹钢,Φ12,HRB400E,莱钢永锋,None,山东烟台,None,None
2024-06-20,螺纹钢,Φ12,HRB400E,石横特钢,None,山东烟台,None,None
2024-06-20,螺纹钢,Φ12,HRB400E,日照,None,山东烟台,None,None
2024-06-20,螺纹钢,Φ12,HRB400E,江苏镔鑫,None,山东烟台,None,None
2024-06-20,螺纹钢,Φ12-14,HRB500E,莱钢,None,山东烟台,None,None
2024-06-20,螺纹钢,Φ12-14,HRB500E,莱钢永锋,None,山东烟台,None,None
2024-06-20,螺纹钢,Φ12-14,HRB500E,石横特钢,None,山东烟台,None,None
2024-06-20,螺纹钢,Φ14,HRB400E,莱钢,None,山东烟台,None,None
2024-06-20,螺纹钢,Φ14,HRB400E,莱钢永锋,None,山东烟台,None,None
2024-06-20,螺纹钢,Φ14,HRB400E,石横特钢,None,山东烟台,None,None
2024-06-20,螺纹钢,Φ14,HRB400E,日照,None,山东烟台,None,None
2024-06-20,螺纹钢,Φ14,HRB400E,江苏镔鑫,None,山东烟台,None,None
2024-06-20,螺纹钢,Φ16,HRB400E,莱钢,None,山东烟台,None,None
2024-06-20,螺纹钢,Φ16,HRB400E,莱钢永锋,None,山东烟台,None,None
2024-06-20,螺纹钢,Φ16,HRB400E,石横特钢,None,山东烟台,None,None
2024-06-20,螺纹钢,Φ16,HRB400E,日照,None,山东烟台,None,None
2024-06-20,螺纹钢,Φ16,HRB400E,江苏镔鑫,None,山东烟台,None,None
2024-06-20,螺纹钢,Φ18,HRB400E,莱钢,None,山东烟台,None,None
2024-06-20,螺纹钢,Φ18,HRB400E,莱钢永锋,None,山东烟台,None,None
2024-06-20,螺纹钢,Φ18,HRB400E,石横特钢,None,山东烟台,None,None
2024-06-20,螺纹钢,Φ18,HRB400E,日照,None,山东烟台,None,None
2024-06-20,螺纹钢,Φ18,HRB400E,江苏镔鑫,None,山东烟台,None,None
2024-06-20,螺纹钢,Φ20,HRB400E,莱钢,None,山东烟台,None,None
2024-06-20,螺纹钢,Φ20,HRB400E,莱钢永锋,None,山东烟台,None,None
2024-06-20,螺纹钢,Φ20,HRB400E,石横特钢,None,山东烟台,None,None
2024-06-20,螺纹钢,Φ20,HRB400E,日照,None,山东烟台,None,None
2024-06-20,螺纹钢,Φ20,HRB400E,江苏镔鑫,None,山东烟台,None,None
2024-06-20,螺纹钢,Φ22,HRB400E,莱钢,None,山东烟台,None,None
2024-06-20,螺纹钢,Φ22,HRB400E,莱钢永锋,None,山东烟台,None,None
2024-06-20,螺纹钢,Φ22,HRB400E,石横特钢,None,山东烟台,None,None
2024-06-20,螺纹钢,Φ22,HRB400E,日照,None,山东烟台,None,None
2024-06-20,螺纹钢,Φ22,HRB400E,江苏镔鑫,None,山东烟台,None,None
2024-06-20,螺纹钢,Φ25,HRB400E,莱钢,None,山东烟台,None,None
2024-06-20,螺纹钢,Φ25,HRB400E,莱钢永锋,None,山东烟台,None,None
2024-06-20,螺纹钢,Φ25,HRB400E,石横特钢,None,山东烟台,None,None
2024-06-20,螺纹钢,Φ25,HRB400E,日照,None,山东烟台,None,None
2024-06-20,螺纹钢,Φ25,HRB400E,江苏镔鑫,None,山东烟台,None,None
2024-06-20,螺纹钢,Φ28-32,HRB400E,莱钢,None,山东烟台,None,None
2024-06-20,螺纹钢,Φ28-32,HRB400E,莱钢永锋,None,山东烟台,None,None
2024-06-20,螺纹钢,Φ28-32,HRB400E,石横特钢,None,山东烟台,None,None
2024-06-20,螺纹钢,Φ28-32,HRB400E,日照,None,山东烟台,None,None
2024-06-20,螺纹钢,Φ28-32,HRB400E,江苏镔鑫,None,山东烟台,None,None
2024-06-20,高线,Φ10,HPB300,莱钢永锋,None,山东烟台,None,None
2024-06-20,高线,Φ10,HPB300,石横特钢,None,山东烟台,None,None
2024-06-20,高线,Φ10,HPB300,江苏镔鑫,None,山东烟台,None,None
2024-06-20,高线,Φ12,HPB300,莱钢永锋,None,山东烟台,None,None
2024-06-20,高线,Φ12,HPB300,石横特钢,None,山东烟台,None,None
2024-06-20,高线,Φ6,HPB300,莱钢永锋,None,山东烟台,None,None
2024-06-20,高线,Φ6,HPB300,石横特钢,None,山东烟台,None,None
2024-06-20,高线,Φ6,HPB300,江苏镔鑫,None,山东烟台,None,None
2024-06-20,高线,Φ8,HPB300,莱钢永锋,None,山东烟台,None,None
2024-06-20,高线,Φ8,HPB300,石横特钢,None,山东烟台,None,None
2024-06-20,高线,Φ8,HPB300,江苏镔鑫,None,山东烟台,None,None
2024-06-19,圆钢,Φ12-22,HPB300,莱钢永锋,None,山东烟台,None,None
2024-06-19,圆钢,Φ12-22,HPB300,石横特钢,None,山东烟台,None,None
2024-06-19,圆钢,Φ25-32,HPB300,莱钢永锋,None,山东烟台,None,None
2024-06-19,圆钢,Φ25-32,HPB300,石横特钢,None,山东烟台,None,None
2024-06-19,盘螺,Φ10,HRB400E,莱钢永锋,None,山东烟台,None,None
2024-06-19,盘螺,Φ10,HRB400E,石横特钢,None,山东烟台,None,None
2024-06-19,盘螺,Φ10,HRB400E,日照,None,山东烟台,None,None
2024-06-19,盘螺,Φ10,HRB400E,江苏镔鑫,None,山东烟台,None,None
2024-06-19,盘螺,Φ10,HRB400E,日钢营口,None,山东烟台,None,None
2024-06-19,盘螺,Φ12,HRB400E,莱钢永锋,None,山东烟台,None,None
2024-06-19,盘螺,Φ12,HRB400E,石横特钢,None,山东烟台,None,None
2024-06-19,盘螺,Φ6,HRB400E,莱钢永锋,None,山东烟台,None,None
2024-06-19,盘螺,Φ6,HRB400E,石横特钢,None,山东烟台,None,None
2024-06-19,盘螺,Φ8,HRB400E,莱钢永锋,None,山东烟台,None,None
2024-06-19,盘螺,Φ8,HRB400E,石横特钢,None,山东烟台,None,None
2024-06-19,盘螺,Φ8,HRB400E,日照,None,山东烟台,None,None
2024-06-19,盘螺,Φ8,HRB400E,江苏镔鑫,None,山东烟台,None,None
2024-06-19,盘螺,Φ8,HRB400E,日钢营口,None,山东烟台,None,None
2024-06-19,螺纹钢,Φ10,HRB400E,莱钢,None,山东烟台,None,None
2024-06-19,螺纹钢,Φ10,HRB400E,莱钢永锋,None,山东烟台,None,None
2024-06-19,螺纹钢,Φ10,HRB400E,石横特钢,None,山东烟台,None,None
2024-06-19,螺纹钢,Φ12,HRB400E,莱钢,None,山东烟台,None,None
2024-06-19,螺纹钢,Φ12,HRB400E,莱钢永锋,None,山东烟台,None,None
2024-06-19,螺纹钢,Φ12,HRB400E,石横特钢,None,山东烟台,None,None
2024-06-19,螺纹钢,Φ12,HRB400E,日照,None,山东烟台,None,None
2024-06-19,螺纹钢,Φ12,HRB400E,江苏镔鑫,None,山东烟台,None,None
2024-06-19,螺纹钢,Φ12-14,HRB500E,莱钢,None,山东烟台,None,None
2024-06-19,螺纹钢,Φ12-14,HRB500E,莱钢永锋,None,山东烟台,None,None
2024-06-19,螺纹钢,Φ12-14,HRB500E,石横特钢,None,山东烟台,None,None
2024-06-19,螺纹钢,Φ14,HRB400E,莱钢,None,山东烟台,None,None
2024-06-19,螺纹钢,Φ14,HRB400E,莱钢永锋,None,山东烟台,None,None
2024-06-19,螺纹钢,Φ14,HRB400E,石横特钢,None,山东烟台,None,None
2024-06-19,螺纹钢,Φ14,HRB400E,日照,None,山东烟台,None,None
2024-06-19,螺纹钢,Φ14,HRB400E,江苏镔鑫,None,山东烟台,None,None
2024-06-19,螺纹钢,Φ16,HRB400E,莱钢,None,山东烟台,None,None
2024-06-19,螺纹钢,Φ16,HRB400E,莱钢永锋,None,山东烟台,None,None
2024-06-19,螺纹钢,Φ16,HRB400E,石横特钢,None,山东烟台,None,None
2024-06-19,螺纹钢,Φ16,HRB400E,日照,None,山东烟台,None,None
2024-06-19,螺纹钢,Φ16,HRB400E,江苏镔鑫,None,山东烟台,None,None
2024-06-19,螺纹钢,Φ18,HRB400E,莱钢,None,山东烟台,None,None
2024-06-19,螺纹钢,Φ18,HRB400E,莱钢永锋,None,山东烟台,None,None
2024-06-19,螺纹钢,Φ18,HRB400E,石横特钢,None,山东烟台,None,None
2024-06-19,螺纹钢,Φ18,HRB400E,日照,None,山东烟台,None,None
2024-06-19,螺纹钢,Φ18,HRB400E,江苏镔鑫,None,山东烟台,None,None
2024-06-19,螺纹钢,Φ20,HRB400E,莱钢,None,山东烟台,None,None
2024-06-19,螺纹钢,Φ20,HRB400E,莱钢永锋,None,山东烟台,None,None
2024-06-19,螺纹钢,Φ20,HRB400E,石横特钢,None,山东烟台,None,None
2024-06-19,螺纹钢,Φ20,HRB400E,日照,None,山东烟台,None,None
2024-06-19,螺纹钢,Φ20,HRB400E,江苏镔鑫,None,山东烟台,None,None
2024-06-19,螺纹钢,Φ22,HRB400E,莱钢,None,山东烟台,None,None
2024-06-19,螺纹钢,Φ22,HRB400E,莱钢永锋,None,山东烟台,None,None
2024-06-19,螺纹钢,Φ22,HRB400E,石横特钢,None,山东烟台,None,None
2024-06-19,螺纹钢,Φ22,HRB400E,日照,None,山东烟台,None,None
2024-06-19,螺纹钢,Φ22,HRB400E,江苏镔鑫,None,山东烟台,None,None
2024-06-19,螺纹钢,Φ25,HRB400E,莱钢,None,山东烟台,None,None
2024-06-19,螺纹钢,Φ25,HRB400E,莱钢永锋,None,山东烟台,None,None
2024-06-19,螺纹钢,Φ25,HRB400E,石横特钢,None,山东烟台,None,None
2024-06-19,螺纹钢,Φ25,HRB400E,日照,None,山东烟台,None,None
2024-06-19,螺纹钢,Φ25,HRB400E,江苏镔鑫,None,山东烟台,None,None
2024-06-19,螺纹钢,Φ28-32,HRB400E,莱钢,None,山东烟台,None,None
2024-06-19,螺纹钢,Φ28-32,HRB400E,莱钢永锋,None,山东烟台,None,None
2024-06-19,螺纹钢,Φ28-32,HRB400E,石横特钢,None,山东烟台,None,None
2024-06-19,螺纹钢,Φ28-32,HRB400E,日照,None,山东烟台,None,None
2024-06-19,螺纹钢,Φ28-32,HRB400E,江苏镔鑫,None,山东烟台,None,None
2024-06-19,高线,Φ10,HPB300,莱钢永锋,None,山东烟台,None,None
2024-06-19,高线,Φ10,HPB300,石横特钢,None,山东烟台,None,None
2024-06-19,高线,Φ10,HPB300,江苏镔鑫,None,山东烟台,None,None
2024-06-19,高线,Φ12,HPB300,莱钢永锋,None,山东烟台,None,None
2024-06-19,高线,Φ12,HPB300,石横特钢,None,山东烟台,None,None
2024-06-19,高线,Φ6,HPB300,莱钢永锋,None,山东烟台,None,None
2024-06-19,高线,Φ6,HPB300,石横特钢,None,山东烟台,None,None
2024-06-19,高线,Φ6,HPB300,江苏镔鑫,None,山东烟台,None,None
2024-06-19,高线,Φ8,HPB300,莱钢永锋,None,山东烟台,None,None
2024-06-19,高线,Φ8,HPB300,石横特钢,None,山东烟台,None,None
2024-06-19,高线,Φ8,HPB300,江苏镔鑫,None,山东烟台,None,None
2024-06-18,圆钢,Φ12-22,HPB300,莱钢永锋,None,山东烟台,None,None
2024-06-18,圆钢,Φ12-22,HPB300,石横特钢,None,山东烟台,None,None
2024-06-18,圆钢,Φ25-32,HPB300,莱钢永锋,None,山东烟台,None,None
2024-06-18,圆钢,Φ25-32,HPB300,石横特钢,None,山东烟台,None,None
2024-06-18,盘螺,Φ10,HRB400E,莱钢永锋,None,山东烟台,None,None
2024-06-18,盘螺,Φ10,HRB400E,石横特钢,None,山东烟台,None,None
2024-06-18,盘螺,Φ10,HRB400E,日照,None,山东烟台,None,None
2024-06-18,盘螺,Φ10,HRB400E,江苏镔鑫,None,山东烟台,None,None
2024-06-18,盘螺,Φ10,HRB400E,日钢营口,None,山东烟台,None,None
2024-06-18,盘螺,Φ12,HRB400E,莱钢永锋,None,山东烟台,None,None
2024-06-18,盘螺,Φ12,HRB400E,石横特钢,None,山东烟台,None,None
2024-06-18,盘螺,Φ6,HRB400E,莱钢永锋,None,山东烟台,None,None
2024-06-18,盘螺,Φ6,HRB400E,石横特钢,None,山东烟台,None,None
2024-06-18,盘螺,Φ8,HRB400E,莱钢永锋,None,山东烟台,None,None
2024-06-18,盘螺,Φ8,HRB400E,石横特钢,None,山东烟台,None,None
2024-06-18,盘螺,Φ8,HRB400E,日照,None,山东烟台,None,None
2024-06-18,盘螺,Φ8,HRB400E,江苏镔鑫,None,山东烟台,None,None
2024-06-18,盘螺,Φ8,HRB400E,日钢营口,None,山东烟台,None,None
2024-06-18,螺纹钢,Φ10,HRB400E,莱钢,None,山东烟台,None,None
2024-06-18,螺纹钢,Φ10,HRB400E,莱钢永锋,None,山东烟台,None,None
2024-06-18,螺纹钢,Φ10,HRB400E,石横特钢,None,山东烟台,None,None
2024-06-18,螺纹钢,Φ12,HRB400E,莱钢,None,山东烟台,None,None
2024-06-18,螺纹钢,Φ12,HRB400E,莱钢永锋,None,山东烟台,None,None
2024-06-18,螺纹钢,Φ12,HRB400E,石横特钢,None,山东烟台,None,None
2024-06-18,螺纹钢,Φ12,HRB400E,日照,None,山东烟台,None,None
2024-06-18,螺纹钢,Φ12,HRB400E,江苏镔鑫,None,山东烟台,None,None
2024-06-18,螺纹钢,Φ12-14,HRB500E,莱钢,None,山东烟台,None,None
2024-06-18,螺纹钢,Φ12-14,HRB500E,莱钢永锋,None,山东烟台,None,None
2024-06-18,螺纹钢,Φ12-14,HRB500E,石横特钢,None,山东烟台,None,None
2024-06-18,螺纹钢,Φ14,HRB400E,莱钢,None,山东烟台,None,None
2024-06-18,螺纹钢,Φ14,HRB400E,莱钢永锋,None,山东烟台,None,None
2024-06-18,螺纹钢,Φ14,HRB400E,石横特钢,None,山东烟台,None,None
2024-06-18,螺纹钢,Φ14,HRB400E,日照,None,山东烟台,None,None
2024-06-18,螺纹钢,Φ14,HRB400E,江苏镔鑫,None,山东烟台,None,None
2024-06-18,螺纹钢,Φ16,HRB400E,莱钢,None,山东烟台,None,None
2024-06-18,螺纹钢,Φ16,HRB400E,莱钢永锋,None,山东烟台,None,None
2024-06-18,螺纹钢,Φ16,HRB400E,石横特钢,None,山东烟台,None,None
2024-06-18,螺纹钢,Φ16,HRB400E,日照,None,山东烟台,None,None
2024-06-18,螺纹钢,Φ16,HRB400E,江苏镔鑫,None,山东烟台,None,None
2024-06-18,螺纹钢,Φ18,HRB400E,莱钢,None,山东烟台,None,None
2024-06-18,螺纹钢,Φ18,HRB400E,莱钢永锋,None,山东烟台,None,None
2024-06-18,螺纹钢,Φ18,HRB400E,石横特钢,None,山东烟台,None,None
2024-06-18,螺纹钢,Φ18,HRB400E,日照,None,山东烟台,None,None
2024-06-18,螺纹钢,Φ18,HRB400E,江苏镔鑫,None,山东烟台,None,None
2024-06-18,螺纹钢,Φ20,HRB400E,莱钢,None,山东烟台,None,None
2024-06-18,螺纹钢,Φ20,HRB400E,莱钢永锋,None,山东烟台,None,None
2024-06-18,螺纹钢,Φ20,HRB400E,石横特钢,None,山东烟台,None,None
2024-06-18,螺纹钢,Φ20,HRB400E,日照,None,山东烟台,None,None
2024-06-18,螺纹钢,Φ20,HRB400E,江苏镔鑫,None,山东烟台,None,None
2024-06-18,螺纹钢,Φ22,HRB400E,莱钢,None,山东烟台,None,None
2024-06-18,螺纹钢,Φ22,HRB400E,莱钢永锋,None,山东烟台,None,None
2024-06-18,螺纹钢,Φ22,HRB400E,石横特钢,None,山东烟台,None,None
2024-06-18,螺纹钢,Φ22,HRB400E,日照,None,山东烟台,None,None
2024-06-18,螺纹钢,Φ22,HRB400E,江苏镔鑫,None,山东烟台,None,None
2024-06-18,螺纹钢,Φ25,HRB400E,莱钢,None,山东烟台,None,None
2024-06-18,螺纹钢,Φ25,HRB400E,莱钢永锋,None,山东烟台,None,None
2024-06-18,螺纹钢,Φ25,HRB400E,石横特钢,None,山东烟台,None,None
2024-06-18,螺纹钢,Φ25,HRB400E,日照,None,山东烟台,None,None
2024-06-18,螺纹钢,Φ25,HRB400E,江苏镔鑫,None,山东烟台,None,None
2024-06-18,螺纹钢,Φ28-32,HRB400E,莱钢,None,山东烟台,None,None
2024-06-18,螺纹钢,Φ28-32,HRB400E,莱钢永锋,None,山东烟台,None,None
2024-06-18,螺纹钢,Φ28-32,HRB400E,石横特钢,None,山东烟台,None,None
2024-06-18,螺纹钢,Φ28-32,HRB400E,日照,None,山东烟台,None,None
2024-06-18,螺纹钢,Φ28-32,HRB400E,江苏镔鑫,None,山东烟台,None,None
2024-06-18,高线,Φ10,HPB300,莱钢永锋,None,山东烟台,None,None
2024-06-18,高线,Φ10,HPB300,石横特钢,None,山东烟台,None,None
2024-06-18,高线,Φ10,HPB300,江苏镔鑫,None,山东烟台,None,None
2024-06-18,高线,Φ12,HPB300,莱钢永锋,None,山东烟台,None,None
2024-06-18,高线,Φ12,HPB300,石横特钢,None,山东烟台,None,None
2024-06-18,高线,Φ6,HPB300,莱钢永锋,None,山东烟台,None,None
2024-06-18,高线,Φ6,HPB300,石横特钢,None,山东烟台,None,None
2024-06-18,高线,Φ6,HPB300,江苏镔鑫,None,山东烟台,None,None
2024-06-18,高线,Φ8,HPB300,莱钢永锋,None,山东烟台,None,None
2024-06-18,高线,Φ8,HPB300,石横特钢,None,山东烟台,None,None
2024-06-18,高线,Φ8,HPB300,江苏镔鑫,None,山东烟台,None,None
2024-06-17,圆钢,Φ12-22,HPB300,莱钢永锋,None,山东烟台,None,None
2024-06-17,圆钢,Φ12-22,HPB300,石横特钢,None,山东烟台,None,None
2024-06-17,圆钢,Φ25-32,HPB300,莱钢永锋,None,山东烟台,None,None
2024-06-17,圆钢,Φ25-32,HPB300,石横特钢,None,山东烟台,None,None
2024-06-17,盘螺,Φ10,HRB400E,莱钢永锋,None,山东烟台,None,None
2024-06-17,盘螺,Φ10,HRB400E,石横特钢,None,山东烟台,None,None
2024-06-17,盘螺,Φ10,HRB400E,日照,None,山东烟台,None,None
2024-06-17,盘螺,Φ10,HRB400E,江苏镔鑫,None,山东烟台,None,None
2024-06-17,盘螺,Φ10,HRB400E,日钢营口,None,山东烟台,None,None
2024-06-17,盘螺,Φ12,HRB400E,莱钢永锋,None,山东烟台,None,None
2024-06-17,盘螺,Φ12,HRB400E,石横特钢,None,山东烟台,None,None
2024-06-17,盘螺,Φ6,HRB400E,莱钢永锋,None,山东烟台,None,None
2024-06-17,盘螺,Φ6,HRB400E,石横特钢,None,山东烟台,None,None
2024-06-17,盘螺,Φ8,HRB400E,莱钢永锋,None,山东烟台,None,None
2024-06-17,盘螺,Φ8,HRB400E,石横特钢,None,山东烟台,None,None
2024-06-17,盘螺,Φ8,HRB400E,日照,None,山东烟台,None,None
2024-06-17,盘螺,Φ8,HRB400E,江苏镔鑫,None,山东烟台,None,None
2024-06-17,盘螺,Φ8,HRB400E,日钢营口,None,山东烟台,None,None
2024-06-17,螺纹钢,Φ10,HRB400E,莱钢,None,山东烟台,None,None
2024-06-17,螺纹钢,Φ10,HRB400E,莱钢永锋,None,山东烟台,None,None
2024-06-17,螺纹钢,Φ10,HRB400E,石横特钢,None,山东烟台,None,None
2024-06-17,螺纹钢,Φ12,HRB400E,莱钢,None,山东烟台,None,None
2024-06-17,螺纹钢,Φ12,HRB400E,莱钢永锋,None,山东烟台,None,None
2024-06-17,螺纹钢,Φ12,HRB400E,石横特钢,None,山东烟台,None,None
2024-06-17,螺纹钢,Φ12,HRB400E,日照,None,山东烟台,None,None
2024-06-17,螺纹钢,Φ12,HRB400E,江苏镔鑫,None,山东烟台,None,None
2024-06-17,螺纹钢,Φ12-14,HRB500E,莱钢,None,山东烟台,None,None
2024-06-17,螺纹钢,Φ12-14,HRB500E,莱钢永锋,None,山东烟台,None,None
2024-06-17,螺纹钢,Φ12-14,HRB500E,石横特钢,None,山东烟台,None,None
2024-06-17,螺纹钢,Φ14,HRB400E,莱钢,None,山东烟台,None,None
2024-06-17,螺纹钢,Φ14,HRB400E,莱钢永锋,None,山东烟台,None,None
2024-06-17,螺纹钢,Φ14,HRB400E,石横特钢,None,山东烟台,None,None
2024-06-17,螺纹钢,Φ14,HRB400E,日照,None,山东烟台,None,None
2024-06-17,螺纹钢,Φ14,HRB400E,江苏镔鑫,None,山东烟台,None,None
2024-06-17,螺纹钢,Φ16,HRB400E,莱钢,None,山东烟台,None,None
2024-06-17,螺纹钢,Φ16,HRB400E,莱钢永锋,None,山东烟台,None,None
2024-06-17,螺纹钢,Φ16,HRB400E,石横特钢,None,山东烟台,None,None
2024-06-17,螺纹钢,Φ16,HRB400E,日照,None,山东烟台,None,None
2024-06-17,螺纹钢,Φ16,HRB400E,江苏镔鑫,None,山东烟台,None,None
2024-06-17,螺纹钢,Φ18,HRB400E,莱钢,None,山东烟台,None,None
2024-06-17,螺纹钢,Φ18,HRB400E,莱钢永锋,None,山东烟台,None,None
2024-06-17,螺纹钢,Φ18,HRB400E,石横特钢,None,山东烟台,None,None
2024-06-17,螺纹钢,Φ18,HRB400E,日照,None,山东烟台,None,None
2024-06-17,螺纹钢,Φ18,HRB400E,江苏镔鑫,None,山东烟台,None,None
2024-06-17,螺纹钢,Φ20,HRB400E,莱钢,None,山东烟台,None,None
2024-06-17,螺纹钢,Φ20,HRB400E,莱钢永锋,None,山东烟台,None,None
2024-06-17,螺纹钢,Φ20,HRB400E,石横特钢,None,山东烟台,None,None
2024-06-17,螺纹钢,Φ20,HRB400E,日照,None,山东烟台,None,None
2024-06-17,螺纹钢,Φ20,HRB400E,江苏镔鑫,None,山东烟台,None,None
2024-06-17,螺纹钢,Φ22,HRB400E,莱钢,None,山东烟台,None,None
2024-06-17,螺纹钢,Φ22,HRB400E,莱钢永锋,None,山东烟台,None,None
2024-06-17,螺纹钢,Φ22,HRB400E,石横特钢,None,山东烟台,None,None
2024-06-17,螺纹钢,Φ22,HRB400E,日照,None,山东烟台,None,None
2024-06-17,螺纹钢,Φ22,HRB400E,江苏镔鑫,None,山东烟台,None,None
2024-06-17,螺纹钢,Φ25,HRB400E,莱钢,None,山东烟台,None,None
2024-06-17,螺纹钢,Φ25,HRB400E,莱钢永锋,None,山东烟台,None,None
2024-06-17,螺纹钢,Φ25,HRB400E,石横特钢,None,山东烟台,None,None
2024-06-17,螺纹钢,Φ25,HRB400E,日照,None,山东烟台,None,None
2024-06-17,螺纹钢,Φ25,HRB400E,江苏镔鑫,None,山东烟台,None,None
2024-06-17,螺纹钢,Φ28-32,HRB400E,莱钢,None,山东烟台,None,None
2024-06-17,螺纹钢,Φ28-32,HRB400E,莱钢永锋,None,山东烟台,None,None
2024-06-17,螺纹钢,Φ28-32,HRB400E,石横特钢,None,山东烟台,None,None
2024-06-17,螺纹钢,Φ28-32,HRB400E,日照,None,山东烟台,None,None
2024-06-17,螺纹钢,Φ28-32,HRB400E,江苏镔鑫,None,山东烟台,None,None
2024-06-17,高线,Φ10,HPB300,莱钢永锋,None,山东烟台,None,None
2024-06-17,高线,Φ10,HPB300,石横特钢,None,山东烟台,None,None
2024-06-17,高线,Φ10,HPB300,江苏镔鑫,None,山东烟台,None,None
2024-06-17,高线,Φ12,HPB300,莱钢永锋,None,山东烟台,None,None
2024-06-17,高线,Φ12,HPB300,石横特钢,None,山东烟台,None,None
2024-06-17,高线,Φ6,HPB300,莱钢永锋,None,山东烟台,None,None
2024-06-17,高线,Φ6,HPB300,石横特钢,None,山东烟台,None,None
2024-06-17,高线,Φ6,HPB300,江苏镔鑫,None,山东烟台,None,None
2024-06-17,高线,Φ8,HPB300,莱钢永锋,None,山东烟台,None,None
2024-06-17,高线,Φ8,HPB300,石横特钢,None,山东烟台,None,None
2024-06-17,高线,Φ8,HPB300,江苏镔鑫,None,山东烟台,None,None
2024-06-14,圆钢,Φ12-22,HPB300,莱钢永锋,None,山东烟台,None,None
2024-06-14,圆钢,Φ12-22,HPB300,石横特钢,None,山东烟台,None,None
2024-06-14,圆钢,Φ25-32,HPB300,莱钢永锋,None,山东烟台,None,None
2024-06-14,圆钢,Φ25-32,HPB300,石横特钢,None,山东烟台,None,None
2024-06-14,盘螺,Φ10,HRB400E,莱钢永锋,None,山东烟台,None,None
2024-06-14,盘螺,Φ10,HRB400E,石横特钢,None,山东烟台,None,None
2024-06-14,盘螺,Φ10,HRB400E,日照,None,山东烟台,None,None
2024-06-14,盘螺,Φ10,HRB400E,江苏镔鑫,None,山东烟台,None,None
2024-06-14,盘螺,Φ10,HRB400E,日钢营口,None,山东烟台,None,None
2024-06-14,盘螺,Φ12,HRB400E,莱钢永锋,None,山东烟台,None,None
2024-06-14,盘螺,Φ12,HRB400E,石横特钢,None,山东烟台,None,None
2024-06-14,盘螺,Φ6,HRB400E,莱钢永锋,None,山东烟台,None,None
2024-06-14,盘螺,Φ6,HRB400E,石横特钢,None,山东烟台,None,None
2024-06-14,盘螺,Φ8,HRB400E,莱钢永锋,None,山东烟台,None,None
2024-06-14,盘螺,Φ8,HRB400E,石横特钢,None,山东烟台,None,None
2024-06-14,盘螺,Φ8,HRB400E,日照,None,山东烟台,None,None
2024-06-14,盘螺,Φ8,HRB400E,江苏镔鑫,None,山东烟台,None,None
2024-06-14,盘螺,Φ8,HRB400E,日钢营口,None,山东烟台,None,None
2024-06-14,螺纹钢,Φ10,HRB400E,莱钢,None,山东烟台,None,None
2024-06-14,螺纹钢,Φ10,HRB400E,莱钢永锋,None,山东烟台,None,None
2024-06-14,螺纹钢,Φ10,HRB400E,石横特钢,None,山东烟台,None,None
2024-06-14,螺纹钢,Φ12,HRB400E,莱钢,None,山东烟台,None,None
2024-06-14,螺纹钢,Φ12,HRB400E,莱钢永锋,None,山东烟台,None,None
2024-06-14,螺纹钢,Φ12,HRB400E,石横特钢,None,山东烟台,None,None
2024-06-14,螺纹钢,Φ12,HRB400E,日照,None,山东烟台,None,None
2024-06-14,螺纹钢,Φ12,HRB400E,江苏镔鑫,None,山东烟台,None,None
2024-06-14,螺纹钢,Φ12-14,HRB500E,莱钢,None,山东烟台,None,None
2024-06-14,螺纹钢,Φ12-14,HRB500E,莱钢永锋,None,山东烟台,None,None
2024-06-14,螺纹钢,Φ12-14,HRB500E,石横特钢,None,山东烟台,None,None
2024-06-14,螺纹钢,Φ14,HRB400E,莱钢,None,山东烟台,None,None
2024-06-14,螺纹钢,Φ14,HRB400E,莱钢永锋,None,山东烟台,None,None
2024-06-14,螺纹钢,Φ14,HRB400E,石横特钢,None,山东烟台,None,None
2024-06-14,螺纹钢,Φ14,HRB400E,日照,None,山东烟台,None,None
2024-06-14,螺纹钢,Φ14,HRB400E,江苏镔鑫,None,山东烟台,None,None
2024-06-14,螺纹钢,Φ16,HRB400E,莱钢,None,山东烟台,None,None
2024-06-14,螺纹钢,Φ16,HRB400E,莱钢永锋,None,山东烟台,None,None
2024-06-14,螺纹钢,Φ16,HRB400E,石横特钢,None,山东烟台,None,None
2024-06-14,螺纹钢,Φ16,HRB400E,日照,None,山东烟台,None,None
2024-06-14,螺纹钢,Φ16,HRB400E,江苏镔鑫,None,山东烟台,None,None
2024-06-14,螺纹钢,Φ18,HRB400E,莱钢,None,山东烟台,None,None
2024-06-14,螺纹钢,Φ18,HRB400E,莱钢永锋,None,山东烟台,None,None
2024-06-14,螺纹钢,Φ18,HRB400E,石横特钢,None,山东烟台,None,None
2024-06-14,螺纹钢,Φ18,HRB400E,日照,None,山东烟台,None,None
2024-06-14,螺纹钢,Φ18,HRB400E,江苏镔鑫,None,山东烟台,None,None
2024-06-14,螺纹钢,Φ20,HRB400E,莱钢,None,山东烟台,None,None
2024-06-14,螺纹钢,Φ20,HRB400E,莱钢永锋,None,山东烟台,None,None
2024-06-14,螺纹钢,Φ20,HRB400E,石横特钢,None,山东烟台,None,None
2024-06-14,螺纹钢,Φ20,HRB400E,日照,None,山东烟台,None,None
2024-06-14,螺纹钢,Φ20,HRB400E,江苏镔鑫,None,山东烟台,None,None
2024-06-14,螺纹钢,Φ22,HRB400E,莱钢,None,山东烟台,None,None
2024-06-14,螺纹钢,Φ22,HRB400E,莱钢永锋,None,山东烟台,None,None
2024-06-14,螺纹钢,Φ22,HRB400E,石横特钢,None,山东烟台,None,None
2024-06-14,螺纹钢,Φ22,HRB400E,日照,None,山东烟台,None,None
2024-06-14,螺纹钢,Φ22,HRB400E,江苏镔鑫,None,山东烟台,None,None
2024-06-14,螺纹钢,Φ25,HRB400E,莱钢,None,山东烟台,None,None
2024-06-14,螺纹钢,Φ25,HRB400E,莱钢永锋,None,山东烟台,None,None
2024-06-14,螺纹钢,Φ25,HRB400E,石横特钢,None,山东烟台,None,None
2024-06-14,螺纹钢,Φ25,HRB400E,日照,None,山东烟台,None,None
2024-06-14,螺纹钢,Φ25,HRB400E,江苏镔鑫,None,山东烟台,None,None
2024-06-14,螺纹钢,Φ28-32,HRB400E,莱钢,None,山东烟台,None,None
2024-06-14,螺纹钢,Φ28-32,HRB400E,莱钢永锋,None,山东烟台,None,None
2024-06-14,螺纹钢,Φ28-32,HRB400E,石横特钢,None,山东烟台,None,None
2024-06-14,螺纹钢,Φ28-32,HRB400E,日照,None,山东烟台,None,None
2024-06-14,螺纹钢,Φ28-32,HRB400E,江苏镔鑫,None,山东烟台,None,None
2024-06-14,高线,Φ10,HPB300,莱钢永锋,None,山东烟台,None,None
2024-06-14,高线,Φ10,HPB300,石横特钢,None,山东烟台,None,None
2024-06-14,高线,Φ10,HPB300,江苏镔鑫,None,山东烟台,None,None
2024-06-14,高线,Φ12,HPB300,莱钢永锋,None,山东烟台,None,None
2024-06-14,高线,Φ12,HPB300,石横特钢,None,山东烟台,None,None
2024-06-14,高线,Φ6,HPB300,莱钢永锋,None,山东烟台,None,None
2024-06-14,高线,Φ6,HPB300,石横特钢,None,山东烟台,None,None
2024-06-14,高线,Φ6,HPB300,江苏镔鑫,None,山东烟台,None,None
2024-06-14,高线,Φ8,HPB300,莱钢永锋,None,山东烟台,None,None
2024-06-14,高线,Φ8,HPB300,石横特钢,None,山东烟台,None,None
2024-06-14,高线,Φ8,HPB300,江苏镔鑫,None,山东烟台,None,None
2024-06-13,圆钢,Φ12-22,HPB300,莱钢永锋,None,山东烟台,None,None
2024-06-13,圆钢,Φ12-22,HPB300,石横特钢,None,山东烟台,None,None
2024-06-13,圆钢,Φ25-32,HPB300,莱钢永锋,None,山东烟台,None,None
2024-06-13,圆钢,Φ25-32,HPB300,石横特钢,None,山东烟台,None,None
2024-06-13,盘螺,Φ10,HRB400E,莱钢永锋,None,山东烟台,None,None
2024-06-13,盘螺,Φ10,HRB400E,石横特钢,None,山东烟台,None,None
2024-06-13,盘螺,Φ10,HRB400E,日照,None,山东烟台,None,None
2024-06-13,盘螺,Φ10,HRB400E,江苏镔鑫,None,山东烟台,None,None
2024-06-13,盘螺,Φ10,HRB400E,日钢营口,None,山东烟台,None,None
2024-06-13,盘螺,Φ12,HRB400E,莱钢永锋,None,山东烟台,None,None
2024-06-13,盘螺,Φ12,HRB400E,石横特钢,None,山东烟台,None,None
2024-06-13,盘螺,Φ6,HRB400E,莱钢永锋,None,山东烟台,None,None
2024-06-13,盘螺,Φ6,HRB400E,石横特钢,None,山东烟台,None,None
2024-06-13,盘螺,Φ8,HRB400E,莱钢永锋,None,山东烟台,None,None
2024-06-13,盘螺,Φ8,HRB400E,石横特钢,None,山东烟台,None,None
2024-06-13,盘螺,Φ8,HRB400E,日照,None,山东烟台,None,None
2024-06-13,盘螺,Φ8,HRB400E,江苏镔鑫,None,山东烟台,None,None
2024-06-13,盘螺,Φ8,HRB400E,日钢营口,None,山东烟台,None,None
2024-06-13,螺纹钢,Φ10,HRB400E,莱钢,None,山东烟台,None,None
2024-06-13,螺纹钢,Φ10,HRB400E,莱钢永锋,None,山东烟台,None,None
2024-06-13,螺纹钢,Φ10,HRB400E,石横特钢,None,山东烟台,None,None
2024-06-13,螺纹钢,Φ12,HRB400E,莱钢,None,山东烟台,None,None
2024-06-13,螺纹钢,Φ12,HRB400E,莱钢永锋,None,山东烟台,None,None
2024-06-13,螺纹钢,Φ12,HRB400E,石横特钢,None,山东烟台,None,None
2024-06-13,螺纹钢,Φ12,HRB400E,日照,None,山东烟台,None,None
2024-06-13,螺纹钢,Φ12,HRB400E,江苏镔鑫,None,山东烟台,None,None
2024-06-13,螺纹钢,Φ12-14,HRB500E,莱钢,None,山东烟台,None,None
2024-06-13,螺纹钢,Φ12-14,HRB500E,莱钢永锋,None,山东烟台,None,None
2024-06-13,螺纹钢,Φ12-14,HRB500E,石横特钢,None,山东烟台,None,None
2024-06-13,螺纹钢,Φ14,HRB400E,莱钢,None,山东烟台,None,None
2024-06-13,螺纹钢,Φ14,HRB400E,莱钢永锋,None,山东烟台,None,None
2024-06-13,螺纹钢,Φ14,HRB400E,石横特钢,None,山东烟台,None,None
2024-06-13,螺纹钢,Φ14,HRB400E,日照,None,山东烟台,None,None
2024-06-13,螺纹钢,Φ14,HRB400E,江苏镔鑫,None,山东烟台,None,None
2024-06-13,螺纹钢,Φ16,HRB400E,莱钢,None,山东烟台,None,None
2024-06-13,螺纹钢,Φ16,HRB400E,莱钢永锋,None,山东烟台,None,None
2024-06-13,螺纹钢,Φ16,HRB400E,石横特钢,None,山东烟台,None,None
2024-06-13,螺纹钢,Φ16,HRB400E,日照,None,山东烟台,None,None
2024-06-13,螺纹钢,Φ16,HRB400E,江苏镔鑫,None,山东烟台,None,None
2024-06-13,螺纹钢,Φ18,HRB400E,莱钢,None,山东烟台,None,None
2024-06-13,螺纹钢,Φ18,HRB400E,莱钢永锋,None,山东烟台,None,None
2024-06-13,螺纹钢,Φ18,HRB400E,石横特钢,None,山东烟台,None,None
2024-06-13,螺纹钢,Φ18,HRB400E,日照,None,山东烟台,None,None
2024-06-13,螺纹钢,Φ18,HRB400E,江苏镔鑫,None,山东烟台,None,None
2024-06-13,螺纹钢,Φ20,HRB400E,莱钢,None,山东烟台,None,None
2024-06-13,螺纹钢,Φ20,HRB400E,莱钢永锋,None,山东烟台,None,None
2024-06-13,螺纹钢,Φ20,HRB400E,石横特钢,None,山东烟台,None,None
2024-06-13,螺纹钢,Φ20,HRB400E,日照,None,山东烟台,None,None
2024-06-13,螺纹钢,Φ20,HRB400E,江苏镔鑫,None,山东烟台,None,None
2024-06-13,螺纹钢,Φ22,HRB400E,莱钢,None,山东烟台,None,None
2024-06-13,螺纹钢,Φ22,HRB400E,莱钢永锋,None,山东烟台,None,None
2024-06-13,螺纹钢,Φ22,HRB400E,石横特钢,None,山东烟台,None,None
2024-06-13,螺纹钢,Φ22,HRB400E,日照,None,山东烟台,None,None
2024-06-13,螺纹钢,Φ22,HRB400E,江苏镔鑫,None,山东烟台,None,None
2024-06-13,螺纹钢,Φ25,HRB400E,莱钢,None,山东烟台,None,None
2024-06-13,螺纹钢,Φ25,HRB400E,莱钢永锋,None,山东烟台,None,None
2024-06-13,螺纹钢,Φ25,HRB400E,石横特钢,None,山东烟台,None,None
2024-06-13,螺纹钢,Φ25,HRB400E,日照,None,山东烟台,None,None
2024-06-13,螺纹钢,Φ25,HRB400E,江苏镔鑫,None,山东烟台,None,None
2024-06-13,螺纹钢,Φ28-32,HRB400E,莱钢,None,山东烟台,None,None
2024-06-13,螺纹钢,Φ28-32,HRB400E,莱钢永锋,None,山东烟台,None,None
2024-06-13,螺纹钢,Φ28-32,HRB400E,石横特钢,None,山东烟台,None,None
2024-06-13,螺纹钢,Φ28-32,HRB400E,日照,None,山东烟台,None,None
2024-06-13,螺纹钢,Φ28-32,HRB400E,江苏镔鑫,None,山东烟台,None,None
2024-06-13,高线,Φ10,HPB300,莱钢永锋,None,山东烟台,None,None
2024-06-13,高线,Φ10,HPB300,石横特钢,None,山东烟台,None,None
2024-06-13,高线,Φ10,HPB300,江苏镔鑫,None,山东烟台,None,None
2024-06-13,高线,Φ12,HPB300,莱钢永锋,None,山东烟台,None,None
2024-06-13,高线,Φ12,HPB300,石横特钢,None,山东烟台,None,None
2024-06-13,高线,Φ6,HPB300,莱钢永锋,None,山东烟台,None,None
2024-06-13,高线,Φ6,HPB300,石横特钢,None,山东烟台,None,None
2024-06-13,高线,Φ6,HPB300,江苏镔鑫,None,山东烟台,None,None
2024-06-13,高线,Φ8,HPB300,莱钢永锋,None,山东烟台,None,None
2024-06-13,高线,Φ8,HPB300,石横特钢,None,山东烟台,None,None
2024-06-13,高线,Φ8,HPB300,江苏镔鑫,None,山东烟台,None,None
2024-06-12,圆钢,Φ12-22,HPB300,莱钢永锋,None,山东烟台,None,None
2024-06-12,圆钢,Φ12-22,HPB300,石横特钢,None,山东烟台,None,None
2024-06-12,圆钢,Φ25-32,HPB300,莱钢永锋,None,山东烟台,None,None
2024-06-12,圆钢,Φ25-32,HPB300,石横特钢,None,山东烟台,None,None
2024-06-12,盘螺,Φ10,HRB400E,莱钢永锋,None,山东烟台,None,None
2024-06-12,盘螺,Φ10,HRB400E,石横特钢,None,山东烟台,None,None
2024-06-12,盘螺,Φ10,HRB400E,日照,None,山东烟台,None,None
2024-06-12,盘螺,Φ10,HRB400E,江苏镔鑫,None,山东烟台,None,None
2024-06-12,盘螺,Φ10,HRB400E,日钢营口,None,山东烟台,None,None
2024-06-12,盘螺,Φ12,HRB400E,莱钢永锋,None,山东烟台,None,None
2024-06-12,盘螺,Φ12,HRB400E,石横特钢,None,山东烟台,None,None
2024-06-12,盘螺,Φ6,HRB400E,莱钢永锋,None,山东烟台,None,None
2024-06-12,盘螺,Φ6,HRB400E,石横特钢,None,山东烟台,None,None
2024-06-12,盘螺,Φ8,HRB400E,莱钢永锋,None,山东烟台,None,None
2024-06-12,盘螺,Φ8,HRB400E,石横特钢,None,山东烟台,None,None
2024-06-12,盘螺,Φ8,HRB400E,日照,None,山东烟台,None,None
2024-06-12,盘螺,Φ8,HRB400E,江苏镔鑫,None,山东烟台,None,None
2024-06-12,盘螺,Φ8,HRB400E,日钢营口,None,山东烟台,None,None
2024-06-12,螺纹钢,Φ10,HRB400E,莱钢,None,山东烟台,None,None
2024-06-12,螺纹钢,Φ10,HRB400E,莱钢永锋,None,山东烟台,None,None
2024-06-12,螺纹钢,Φ10,HRB400E,石横特钢,None,山东烟台,None,None
2024-06-12,螺纹钢,Φ12,HRB400E,莱钢,None,山东烟台,None,None
2024-06-12,螺纹钢,Φ12,HRB400E,莱钢永锋,None,山东烟台,None,None
2024-06-12,螺纹钢,Φ12,HRB400E,石横特钢,None,山东烟台,None,None
2024-06-12,螺纹钢,Φ12,HRB400E,日照,None,山东烟台,None,None
2024-06-12,螺纹钢,Φ12,HRB400E,江苏镔鑫,None,山东烟台,None,None
2024-06-12,螺纹钢,Φ12-14,HRB500E,莱钢,None,山东烟台,None,None
2024-06-12,螺纹钢,Φ12-14,HRB500E,莱钢永锋,None,山东烟台,None,None
2024-06-12,螺纹钢,Φ12-14,HRB500E,石横特钢,None,山东烟台,None,None
2024-06-12,螺纹钢,Φ14,HRB400E,莱钢,None,山东烟台,None,None
2024-06-12,螺纹钢,Φ14,HRB400E,莱钢永锋,None,山东烟台,None,None
2024-06-12,螺纹钢,Φ14,HRB400E,石横特钢,None,山东烟台,None,None
2024-06-12,螺纹钢,Φ14,HRB400E,日照,None,山东烟台,None,None
2024-06-12,螺纹钢,Φ14,HRB400E,江苏镔鑫,None,山东烟台,None,None
2024-06-12,螺纹钢,Φ16,HRB400E,莱钢,None,山东烟台,None,None
2024-06-12,螺纹钢,Φ16,HRB400E,莱钢永锋,None,山东烟台,None,None
2024-06-12,螺纹钢,Φ16,HRB400E,石横特钢,None,山东烟台,None,None
2024-06-12,螺纹钢,Φ16,HRB400E,日照,None,山东烟台,None,None
2024-06-12,螺纹钢,Φ16,HRB400E,江苏镔鑫,None,山东烟台,None,None
2024-06-12,螺纹钢,Φ18,HRB400E,莱钢,None,山东烟台,None,None
2024-06-12,螺纹钢,Φ18,HRB400E,莱钢永锋,None,山东烟台,None,None
2024-06-12,螺纹钢,Φ18,HRB400E,石横特钢,None,山东烟台,None,None
2024-06-12,螺纹钢,Φ18,HRB400E,日照,None,山东烟台,None,None
2024-06-12,螺纹钢,Φ18,HRB400E,江苏镔鑫,None,山东烟台,None,None
2024-06-12,螺纹钢,Φ20,HRB400E,莱钢,None,山东烟台,None,None
2024-06-12,螺纹钢,Φ20,HRB400E,莱钢永锋,None,山东烟台,None,None
2024-06-12,螺纹钢,Φ20,HRB400E,石横特钢,None,山东烟台,None,None
2024-06-12,螺纹钢,Φ20,HRB400E,日照,None,山东烟台,None,None
2024-06-12,螺纹钢,Φ20,HRB400E,江苏镔鑫,None,山东烟台,None,None
2024-06-12,螺纹钢,Φ22,HRB400E,莱钢,None,山东烟台,None,None
2024-06-12,螺纹钢,Φ22,HRB400E,莱钢永锋,None,山东烟台,None,None
2024-06-12,螺纹钢,Φ22,HRB400E,石横特钢,None,山东烟台,None,None
2024-06-12,螺纹钢,Φ22,HRB400E,日照,None,山东烟台,None,None
2024-06-12,螺纹钢,Φ22,HRB400E,江苏镔鑫,None,山东烟台,None,None
2024-06-12,螺纹钢,Φ25,HRB400E,莱钢,None,山东烟台,None,None
2024-06-12,螺纹钢,Φ25,HRB400E,莱钢永锋,None,山东烟台,None,None
2024-06-12,螺纹钢,Φ25,HRB400E,石横特钢,None,山东烟台,None,None
2024-06-12,螺纹钢,Φ25,HRB400E,日照,None,山东烟台,None,None
2024-06-12,螺纹钢,Φ25,HRB400E,江苏镔鑫,None,山东烟台,None,None
2024-06-12,螺纹钢,Φ28-32,HRB400E,莱钢,None,山东烟台,None,None
2024-06-12,螺纹钢,Φ28-32,HRB400E,莱钢永锋,None,山东烟台,None,None
2024-06-12,螺纹钢,Φ28-32,HRB400E,石横特钢,None,山东烟台,None,None
2024-06-12,螺纹钢,Φ28-32,HRB400E,日照,None,山东烟台,None,None
2024-06-12,螺纹钢,Φ28-32,HRB400E,江苏镔鑫,None,山东烟台,None,None
2024-06-12,高线,Φ10,HPB300,莱钢永锋,None,山东烟台,None,None
2024-06-12,高线,Φ10,HPB300,石横特钢,None,山东烟台,None,None
2024-06-12,高线,Φ10,HPB300,江苏镔鑫,None,山东烟台,None,None
2024-06-12,高线,Φ12,HPB300,莱钢永锋,None,山东烟台,None,None
2024-06-12,高线,Φ12,HPB300,石横特钢,None,山东烟台,None,None
2024-06-12,高线,Φ6,HPB300,莱钢永锋,None,山东烟台,None,None
2024-06-12,高线,Φ6,HPB300,石横特钢,None,山东烟台,None,None
2024-06-12,高线,Φ6,HPB300,江苏镔鑫,None,山东烟台,None,None
2024-06-12,高线,Φ8,HPB300,莱钢永锋,None,山东烟台,None,None
2024-06-12,高线,Φ8,HPB300,石横特钢,None,山东烟台,None,None
2024-06-12,高线,Φ8,HPB300,江苏镔鑫,None,山东烟台,None,None
2024-06-11,圆钢,Φ12-22,HPB300,莱钢永锋,None,山东烟台,None,None
2024-06-11,圆钢,Φ12-22,HPB300,石横特钢,None,山东烟台,None,None
2024-06-11,圆钢,Φ25-32,HPB300,莱钢永锋,None,山东烟台,None,None
2024-06-11,圆钢,Φ25-32,HPB300,石横特钢,None,山东烟台,None,None
2024-06-11,盘螺,Φ10,HRB400E,莱钢永锋,None,山东烟台,None,None
2024-06-11,盘螺,Φ10,HRB400E,石横特钢,None,山东烟台,None,None
2024-06-11,盘螺,Φ10,HRB400E,日照,None,山东烟台,None,None
2024-06-11,盘螺,Φ10,HRB400E,江苏镔鑫,None,山东烟台,None,None
2024-06-11,盘螺,Φ10,HRB400E,日钢营口,None,山东烟台,None,None
2024-06-11,盘螺,Φ12,HRB400E,莱钢永锋,None,山东烟台,None,None
2024-06-11,盘螺,Φ12,HRB400E,石横特钢,None,山东烟台,None,None
2024-06-11,盘螺,Φ6,HRB400E,莱钢永锋,None,山东烟台,None,None
2024-06-11,盘螺,Φ6,HRB400E,石横特钢,None,山东烟台,None,None
2024-06-11,盘螺,Φ8,HRB400E,莱钢永锋,None,山东烟台,None,None
2024-06-11,盘螺,Φ8,HRB400E,石横特钢,None,山东烟台,None,None
2024-06-11,盘螺,Φ8,HRB400E,日照,None,山东烟台,None,None
2024-06-11,盘螺,Φ8,HRB400E,江苏镔鑫,None,山东烟台,None,None
2024-06-11,盘螺,Φ8,HRB400E,日钢营口,None,山东烟台,None,None
2024-06-11,螺纹钢,Φ10,HRB400E,莱钢,None,山东烟台,None,None
2024-06-11,螺纹钢,Φ10,HRB400E,莱钢永锋,None,山东烟台,None,None
2024-06-11,螺纹钢,Φ10,HRB400E,石横特钢,None,山东烟台,None,None
2024-06-11,螺纹钢,Φ12,HRB400E,莱钢,None,山东烟台,None,None
2024-06-11,螺纹钢,Φ12,HRB400E,莱钢永锋,None,山东烟台,None,None
2024-06-11,螺纹钢,Φ12,HRB400E,石横特钢,None,山东烟台,None,None
2024-06-11,螺纹钢,Φ12,HRB400E,日照,None,山东烟台,None,None
2024-06-11,螺纹钢,Φ12,HRB400E,江苏镔鑫,None,山东烟台,None,None
2024-06-11,螺纹钢,Φ12-14,HRB500E,莱钢,None,山东烟台,None,None
2024-06-11,螺纹钢,Φ12-14,HRB500E,莱钢永锋,None,山东烟台,None,None
2024-06-11,螺纹钢,Φ12-14,HRB500E,石横特钢,None,山东烟台,None,None
2024-06-11,螺纹钢,Φ14,HRB400E,莱钢,None,山东烟台,None,None
2024-06-11,螺纹钢,Φ14,HRB400E,莱钢永锋,None,山东烟台,None,None
2024-06-11,螺纹钢,Φ14,HRB400E,石横特钢,None,山东烟台,None,None
2024-06-11,螺纹钢,Φ14,HRB400E,日照,None,山东烟台,None,None
2024-06-11,螺纹钢,Φ14,HRB400E,江苏镔鑫,None,山东烟台,None,None
2024-06-11,螺纹钢,Φ16,HRB400E,莱钢,None,山东烟台,None,None
2024-06-11,螺纹钢,Φ16,HRB400E,莱钢永锋,None,山东烟台,None,None
2024-06-11,螺纹钢,Φ16,HRB400E,石横特钢,None,山东烟台,None,None
2024-06-11,螺纹钢,Φ16,HRB400E,日照,None,山东烟台,None,None
2024-06-11,螺纹钢,Φ16,HRB400E,江苏镔鑫,None,山东烟台,None,None
2024-06-11,螺纹钢,Φ18,HRB400E,莱钢,None,山东烟台,None,None
2024-06-11,螺纹钢,Φ18,HRB400E,莱钢永锋,None,山东烟台,None,None
2024-06-11,螺纹钢,Φ18,HRB400E,石横特钢,None,山东烟台,None,None
2024-06-11,螺纹钢,Φ18,HRB400E,日照,None,山东烟台,None,None
2024-06-11,螺纹钢,Φ18,HRB400E,江苏镔鑫,None,山东烟台,None,None
2024-06-11,螺纹钢,Φ20,HRB400E,莱钢,None,山东烟台,None,None
2024-06-11,螺纹钢,Φ20,HRB400E,莱钢永锋,None,山东烟台,None,None
2024-06-11,螺纹钢,Φ20,HRB400E,石横特钢,None,山东烟台,None,None
2024-06-11,螺纹钢,Φ20,HRB400E,日照,None,山东烟台,None,None
2024-06-11,螺纹钢,Φ20,HRB400E,江苏镔鑫,None,山东烟台,None,None
2024-06-11,螺纹钢,Φ22,HRB400E,莱钢,None,山东烟台,None,None
2024-06-11,螺纹钢,Φ22,HRB400E,莱钢永锋,None,山东烟台,None,None
2024-06-11,螺纹钢,Φ22,HRB400E,石横特钢,None,山东烟台,None,None
2024-06-11,螺纹钢,Φ22,HRB400E,日照,None,山东烟台,None,None
2024-06-11,螺纹钢,Φ22,HRB400E,江苏镔鑫,None,山东烟台,None,None
2024-06-11,螺纹钢,Φ25,HRB400E,莱钢,None,山东烟台,None,None
2024-06-11,螺纹钢,Φ25,HRB400E,莱钢永锋,None,山东烟台,None,None
2024-06-11,螺纹钢,Φ25,HRB400E,石横特钢,None,山东烟台,None,None
2024-06-11,螺纹钢,Φ25,HRB400E,日照,None,山东烟台,None,None
2024-06-11,螺纹钢,Φ25,HRB400E,江苏镔鑫,None,山东烟台,None,None
2024-06-11,螺纹钢,Φ28-32,HRB400E,莱钢,None,山东烟台,None,None
2024-06-11,螺纹钢,Φ28-32,HRB400E,莱钢永锋,None,山东烟台,None,None
2024-06-11,螺纹钢,Φ28-32,HRB400E,石横特钢,None,山东烟台,None,None
2024-06-11,螺纹钢,Φ28-32,HRB400E,日照,None,山东烟台,None,None
2024-06-11,螺纹钢,Φ28-32,HRB400E,江苏镔鑫,None,山东烟台,None,None
2024-06-11,高线,Φ10,HPB300,莱钢永锋,None,山东烟台,None,None
2024-06-11,高线,Φ10,HPB300,石横特钢,None,山东烟台,None,None
2024-06-11,高线,Φ10,HPB300,江苏镔鑫,None,山东烟台,None,None
2024-06-11,高线,Φ12,HPB300,莱钢永锋,None,山东烟台,None,None
2024-06-11,高线,Φ12,HPB300,石横特钢,None,山东烟台,None,None
2024-06-11,高线,Φ6,HPB300,莱钢永锋,None,山东烟台,None,None
2024-06-11,高线,Φ6,HPB300,石横特钢,None,山东烟台,None,None
2024-06-11,高线,Φ6,HPB300,江苏镔鑫,None,山东烟台,None,None
2024-06-11,高线,Φ8,HPB300,莱钢永锋,None,山东烟台,None,None
2024-06-11,高线,Φ8,HPB300,石横特钢,None,山东烟台,None,None
2024-06-11,高线,Φ8,HPB300,江苏镔鑫,None,山东烟台,None,None
2024-06-07,圆钢,Φ12-22,HPB300,莱钢永锋,None,山东烟台,None,None
2024-06-07,圆钢,Φ12-22,HPB300,石横特钢,None,山东烟台,None,None
2024-06-07,圆钢,Φ25-32,HPB300,莱钢永锋,None,山东烟台,None,None
2024-06-07,圆钢,Φ25-32,HPB300,石横特钢,None,山东烟台,None,None
2024-06-07,盘螺,Φ10,HRB400E,莱钢永锋,None,山东烟台,None,None
2024-06-07,盘螺,Φ10,HRB400E,石横特钢,None,山东烟台,None,None
2024-06-07,盘螺,Φ10,HRB400E,日照,None,山东烟台,None,None
2024-06-07,盘螺,Φ10,HRB400E,江苏镔鑫,None,山东烟台,None,None
2024-06-07,盘螺,Φ10,HRB400E,日钢营口,None,山东烟台,None,None
2024-06-07,盘螺,Φ12,HRB400E,莱钢永锋,None,山东烟台,None,None
2024-06-07,盘螺,Φ12,HRB400E,石横特钢,None,山东烟台,None,None
2024-06-07,盘螺,Φ6,HRB400E,莱钢永锋,None,山东烟台,None,None
2024-06-07,盘螺,Φ6,HRB400E,石横特钢,None,山东烟台,None,None
2024-06-07,盘螺,Φ8,HRB400E,莱钢永锋,None,山东烟台,None,None
2024-06-07,盘螺,Φ8,HRB400E,石横特钢,None,山东烟台,None,None
2024-06-07,盘螺,Φ8,HRB400E,日照,None,山东烟台,None,None
2024-06-07,盘螺,Φ8,HRB400E,江苏镔鑫,None,山东烟台,None,None
2024-06-07,盘螺,Φ8,HRB400E,日钢营口,None,山东烟台,None,None
2024-06-07,螺纹钢,Φ10,HRB400E,莱钢,None,山东烟台,None,None
2024-06-07,螺纹钢,Φ10,HRB400E,莱钢永锋,None,山东烟台,None,None
2024-06-07,螺纹钢,Φ10,HRB400E,石横特钢,None,山东烟台,None,None
2024-06-07,螺纹钢,Φ12,HRB400E,莱钢,None,山东烟台,None,None
2024-06-07,螺纹钢,Φ12,HRB400E,莱钢永锋,None,山东烟台,None,None
2024-06-07,螺纹钢,Φ12,HRB400E,石横特钢,None,山东烟台,None,None
2024-06-07,螺纹钢,Φ12,HRB400E,日照,None,山东烟台,None,None
2024-06-07,螺纹钢,Φ12,HRB400E,江苏镔鑫,None,山东烟台,None,None
2024-06-07,螺纹钢,Φ12-14,HRB500E,莱钢,None,山东烟台,None,None
2024-06-07,螺纹钢,Φ12-14,HRB500E,莱钢永锋,None,山东烟台,None,None
2024-06-07,螺纹钢,Φ12-14,HRB500E,石横特钢,None,山东烟台,None,None
2024-06-07,螺纹钢,Φ14,HRB400E,莱钢,None,山东烟台,None,None
2024-06-07,螺纹钢,Φ14,HRB400E,莱钢永锋,None,山东烟台,None,None
2024-06-07,螺纹钢,Φ14,HRB400E,石横特钢,None,山东烟台,None,None
2024-06-07,螺纹钢,Φ14,HRB400E,日照,None,山东烟台,None,None
2024-06-07,螺纹钢,Φ14,HRB400E,江苏镔鑫,None,山东烟台,None,None
2024-06-07,螺纹钢,Φ16,HRB400E,莱钢,None,山东烟台,None,None
2024-06-07,螺纹钢,Φ16,HRB400E,莱钢永锋,None,山东烟台,None,None
2024-06-07,螺纹钢,Φ16,HRB400E,石横特钢,None,山东烟台,None,None
2024-06-07,螺纹钢,Φ16,HRB400E,日照,None,山东烟台,None,None
2024-06-07,螺纹钢,Φ16,HRB400E,江苏镔鑫,None,山东烟台,None,None
2024-06-07,螺纹钢,Φ18,HRB400E,莱钢,None,山东烟台,None,None
2024-06-07,螺纹钢,Φ18,HRB400E,莱钢永锋,None,山东烟台,None,None
2024-06-07,螺纹钢,Φ18,HRB400E,石横特钢,None,山东烟台,None,None
2024-06-07,螺纹钢,Φ18,HRB400E,日照,None,山东烟台,None,None
2024-06-07,螺纹钢,Φ18,HRB400E,江苏镔鑫,None,山东烟台,None,None
2024-06-07,螺纹钢,Φ20,HRB400E,莱钢,None,山东烟台,None,None
2024-06-07,螺纹钢,Φ20,HRB400E,莱钢永锋,None,山东烟台,None,None
2024-06-07,螺纹钢,Φ20,HRB400E,石横特钢,None,山东烟台,None,None
2024-06-07,螺纹钢,Φ20,HRB400E,日照,None,山东烟台,None,None
2024-06-07,螺纹钢,Φ20,HRB400E,江苏镔鑫,None,山东烟台,None,None
2024-06-07,螺纹钢,Φ22,HRB400E,莱钢,None,山东烟台,None,None
2024-06-07,螺纹钢,Φ22,HRB400E,莱钢永锋,None,山东烟台,None,None
2024-06-07,螺纹钢,Φ22,HRB400E,石横特钢,None,山东烟台,None,None
2024-06-07,螺纹钢,Φ22,HRB400E,日照,None,山东烟台,None,None
2024-06-07,螺纹钢,Φ22,HRB400E,江苏镔鑫,None,山东烟台,None,None
2024-06-07,螺纹钢,Φ25,HRB400E,莱钢,None,山东烟台,None,None
2024-06-07,螺纹钢,Φ25,HRB400E,莱钢永锋,None,山东烟台,None,None
2024-06-07,螺纹钢,Φ25,HRB400E,石横特钢,None,山东烟台,None,None
2024-06-07,螺纹钢,Φ25,HRB400E,日照,None,山东烟台,None,None
2024-06-07,螺纹钢,Φ25,HRB400E,江苏镔鑫,None,山东烟台,None,None
2024-06-07,螺纹钢,Φ28-32,HRB400E,莱钢,None,山东烟台,None,None
2024-06-07,螺纹钢,Φ28-32,HRB400E,莱钢永锋,None,山东烟台,None,None
2024-06-07,螺纹钢,Φ28-32,HRB400E,石横特钢,None,山东烟台,None,None
2024-06-07,螺纹钢,Φ28-32,HRB400E,日照,None,山东烟台,None,None
2024-06-07,螺纹钢,Φ28-32,HRB400E,江苏镔鑫,None,山东烟台,None,None
2024-06-07,高线,Φ10,HPB300,莱钢永锋,None,山东烟台,None,None
2024-06-07,高线,Φ10,HPB300,石横特钢,None,山东烟台,None,None
2024-06-07,高线,Φ10,HPB300,江苏镔鑫,None,山东烟台,None,None
2024-06-07,高线,Φ12,HPB300,莱钢永锋,None,山东烟台,None,None
2024-06-07,高线,Φ12,HPB300,石横特钢,None,山东烟台,None,None
2024-06-07,高线,Φ6,HPB300,莱钢永锋,None,山东烟台,None,None
2024-06-07,高线,Φ6,HPB300,石横特钢,None,山东烟台,None,None
2024-06-07,高线,Φ6,HPB300,江苏镔鑫,None,山东烟台,None,None
2024-06-07,高线,Φ8,HPB300,莱钢永锋,None,山东烟台,None,None
2024-06-07,高线,Φ8,HPB300,石横特钢,None,山东烟台,None,None
2024-06-07,高线,Φ8,HPB300,江苏镔鑫,None,山东烟台,None,None
2024-06-06,圆钢,Φ12-22,HPB300,莱钢永锋,None,山东烟台,None,None
2024-06-06,圆钢,Φ12-22,HPB300,石横特钢,None,山东烟台,None,None
2024-06-06,圆钢,Φ25-32,HPB300,莱钢永锋,None,山东烟台,None,None
2024-06-06,圆钢,Φ25-32,HPB300,石横特钢,None,山东烟台,None,None
2024-06-06,盘螺,Φ10,HRB400E,莱钢永锋,None,山东烟台,None,None
2024-06-06,盘螺,Φ10,HRB400E,石横特钢,None,山东烟台,None,None
2024-06-06,盘螺,Φ10,HRB400E,日照,None,山东烟台,None,None
2024-06-06,盘螺,Φ10,HRB400E,江苏镔鑫,None,山东烟台,None,None
2024-06-06,盘螺,Φ10,HRB400E,日钢营口,None,山东烟台,None,None
2024-06-06,盘螺,Φ12,HRB400E,莱钢永锋,None,山东烟台,None,None
2024-06-06,盘螺,Φ12,HRB400E,石横特钢,None,山东烟台,None,None
2024-06-06,盘螺,Φ6,HRB400E,莱钢永锋,None,山东烟台,None,None
2024-06-06,盘螺,Φ6,HRB400E,石横特钢,None,山东烟台,None,None
2024-06-06,盘螺,Φ8,HRB400E,莱钢永锋,None,山东烟台,None,None
2024-06-06,盘螺,Φ8,HRB400E,石横特钢,None,山东烟台,None,None
2024-06-06,盘螺,Φ8,HRB400E,日照,None,山东烟台,None,None
2024-06-06,盘螺,Φ8,HRB400E,江苏镔鑫,None,山东烟台,None,None
2024-06-06,盘螺,Φ8,HRB400E,日钢营口,None,山东烟台,None,None
2024-06-06,螺纹钢,Φ10,HRB400E,莱钢,None,山东烟台,None,None
2024-06-06,螺纹钢,Φ10,HRB400E,莱钢永锋,None,山东烟台,None,None
2024-06-06,螺纹钢,Φ10,HRB400E,石横特钢,None,山东烟台,None,None
2024-06-06,螺纹钢,Φ12,HRB400E,莱钢,None,山东烟台,None,None
2024-06-06,螺纹钢,Φ12,HRB400E,莱钢永锋,None,山东烟台,None,None
2024-06-06,螺纹钢,Φ12,HRB400E,石横特钢,None,山东烟台,None,None
2024-06-06,螺纹钢,Φ12,HRB400E,日照,None,山东烟台,None,None
2024-06-06,螺纹钢,Φ12,HRB400E,江苏镔鑫,None,山东烟台,None,None
2024-06-06,螺纹钢,Φ12-14,HRB500E,莱钢,None,山东烟台,None,None
2024-06-06,螺纹钢,Φ12-14,HRB500E,莱钢永锋,None,山东烟台,None,None
2024-06-06,螺纹钢,Φ12-14,HRB500E,石横特钢,None,山东烟台,None,None
2024-06-06,螺纹钢,Φ14,HRB400E,莱钢,None,山东烟台,None,None
2024-06-06,螺纹钢,Φ14,HRB400E,莱钢永锋,None,山东烟台,None,None
2024-06-06,螺纹钢,Φ14,HRB400E,石横特钢,None,山东烟台,None,None
2024-06-06,螺纹钢,Φ14,HRB400E,日照,None,山东烟台,None,None
2024-06-06,螺纹钢,Φ14,HRB400E,江苏镔鑫,None,山东烟台,None,None
2024-06-06,螺纹钢,Φ16,HRB400E,莱钢,None,山东烟台,None,None
2024-06-06,螺纹钢,Φ16,HRB400E,莱钢永锋,None,山东烟台,None,None
2024-06-06,螺纹钢,Φ16,HRB400E,石横特钢,None,山东烟台,None,None
2024-06-06,螺纹钢,Φ16,HRB400E,日照,None,山东烟台,None,None
2024-06-06,螺纹钢,Φ16,HRB400E,江苏镔鑫,None,山东烟台,None,None
2024-06-06,螺纹钢,Φ18,HRB400E,莱钢,None,山东烟台,None,None
2024-06-06,螺纹钢,Φ18,HRB400E,莱钢永锋,None,山东烟台,None,None
2024-06-06,螺纹钢,Φ18,HRB400E,石横特钢,None,山东烟台,None,None
2024-06-06,螺纹钢,Φ18,HRB400E,日照,None,山东烟台,None,None
2024-06-06,螺纹钢,Φ18,HRB400E,江苏镔鑫,None,山东烟台,None,None
2024-06-06,螺纹钢,Φ20,HRB400E,莱钢,None,山东烟台,None,None
2024-06-06,螺纹钢,Φ20,HRB400E,莱钢永锋,None,山东烟台,None,None
2024-06-06,螺纹钢,Φ20,HRB400E,石横特钢,None,山东烟台,None,None
2024-06-06,螺纹钢,Φ20,HRB400E,日照,None,山东烟台,None,None
2024-06-06,螺纹钢,Φ20,HRB400E,江苏镔鑫,None,山东烟台,None,None
2024-06-06,螺纹钢,Φ22,HRB400E,莱钢,None,山东烟台,None,None
2024-06-06,螺纹钢,Φ22,HRB400E,莱钢永锋,None,山东烟台,None,None
2024-06-06,螺纹钢,Φ22,HRB400E,石横特钢,None,山东烟台,None,None
2024-06-06,螺纹钢,Φ22,HRB400E,日照,None,山东烟台,None,None
2024-06-06,螺纹钢,Φ22,HRB400E,江苏镔鑫,None,山东烟台,None,None
2024-06-06,螺纹钢,Φ25,HRB400E,莱钢,None,山东烟台,None,None
2024-06-06,螺纹钢,Φ25,HRB400E,莱钢永锋,None,山东烟台,None,None
2024-06-06,螺纹钢,Φ25,HRB400E,石横特钢,None,山东烟台,None,None
2024-06-06,螺纹钢,Φ25,HRB400E,日照,None,山东烟台,None,None
2024-06-06,螺纹钢,Φ25,HRB400E,江苏镔鑫,None,山东烟台,None,None
2024-06-06,螺纹钢,Φ28-32,HRB400E,莱钢,None,山东烟台,None,None
2024-06-06,螺纹钢,Φ28-32,HRB400E,莱钢永锋,None,山东烟台,None,None
2024-06-06,螺纹钢,Φ28-32,HRB400E,石横特钢,None,山东烟台,None,None
2024-06-06,螺纹钢,Φ28-32,HRB400E,日照,None,山东烟台,None,None
2024-06-06,螺纹钢,Φ28-32,HRB400E,江苏镔鑫,None,山东烟台,None,None
2024-06-06,高线,Φ10,HPB300,莱钢永锋,None,山东烟台,None,None
2024-06-06,高线,Φ10,HPB300,石横特钢,None,山东烟台,None,None
2024-06-06,高线,Φ10,HPB300,江苏镔鑫,None,山东烟台,None,None
2024-06-06,高线,Φ12,HPB300,莱钢永锋,None,山东烟台,None,None
2024-06-06,高线,Φ12,HPB300,石横特钢,None,山东烟台,None,None
2024-06-06,高线,Φ6,HPB300,莱钢永锋,None,山东烟台,None,None
2024-06-06,高线,Φ6,HPB300,石横特钢,None,山东烟台,None,None
2024-06-06,高线,Φ6,HPB300,江苏镔鑫,None,山东烟台,None,None
2024-06-06,高线,Φ8,HPB300,莱钢永锋,None,山东烟台,None,None
2024-06-06,高线,Φ8,HPB300,石横特钢,None,山东烟台,None,None
2024-06-06,高线,Φ8,HPB300,江苏镔鑫,None,山东烟台,None,None
2024-06-05,圆钢,Φ12-22,HPB300,莱钢永锋,None,山东烟台,None,None
2024-06-05,圆钢,Φ12-22,HPB300,石横特钢,None,山东烟台,None,None
2024-06-05,圆钢,Φ25-32,HPB300,莱钢永锋,None,山东烟台,None,None
2024-06-05,圆钢,Φ25-32,HPB300,石横特钢,None,山东烟台,None,None
2024-06-05,盘螺,Φ10,HRB400E,莱钢永锋,None,山东烟台,None,None
2024-06-05,盘螺,Φ10,HRB400E,石横特钢,None,山东烟台,None,None
2024-06-05,盘螺,Φ10,HRB400E,日照,None,山东烟台,None,None
2024-06-05,盘螺,Φ10,HRB400E,江苏镔鑫,None,山东烟台,None,None
2024-06-05,盘螺,Φ10,HRB400E,日钢营口,None,山东烟台,None,None
2024-06-05,盘螺,Φ12,HRB400E,莱钢永锋,None,山东烟台,None,None
2024-06-05,盘螺,Φ12,HRB400E,石横特钢,None,山东烟台,None,None
2024-06-05,盘螺,Φ6,HRB400E,莱钢永锋,None,山东烟台,None,None
2024-06-05,盘螺,Φ6,HRB400E,石横特钢,None,山东烟台,None,None
2024-06-05,盘螺,Φ8,HRB400E,莱钢永锋,None,山东烟台,None,None
2024-06-05,盘螺,Φ8,HRB400E,石横特钢,None,山东烟台,None,None
2024-06-05,盘螺,Φ8,HRB400E,日照,None,山东烟台,None,None
2024-06-05,盘螺,Φ8,HRB400E,江苏镔鑫,None,山东烟台,None,None
2024-06-05,盘螺,Φ8,HRB400E,日钢营口,None,山东烟台,None,None
2024-06-05,螺纹钢,Φ10,HRB400E,莱钢,None,山东烟台,None,None
2024-06-05,螺纹钢,Φ10,HRB400E,莱钢永锋,None,山东烟台,None,None
2024-06-05,螺纹钢,Φ10,HRB400E,石横特钢,None,山东烟台,None,None
2024-06-05,螺纹钢,Φ12,HRB400E,莱钢,None,山东烟台,None,None
2024-06-05,螺纹钢,Φ12,HRB400E,莱钢永锋,None,山东烟台,None,None
2024-06-05,螺纹钢,Φ12,HRB400E,石横特钢,None,山东烟台,None,None
2024-06-05,螺纹钢,Φ12,HRB400E,日照,None,山东烟台,None,None
2024-06-05,螺纹钢,Φ12,HRB400E,江苏镔鑫,None,山东烟台,None,None
2024-06-05,螺纹钢,Φ12-14,HRB500E,莱钢,None,山东烟台,None,None
2024-06-05,螺纹钢,Φ12-14,HRB500E,莱钢永锋,None,山东烟台,None,None
2024-06-05,螺纹钢,Φ12-14,HRB500E,石横特钢,None,山东烟台,None,None
2024-06-05,螺纹钢,Φ14,HRB400E,莱钢,None,山东烟台,None,None
2024-06-05,螺纹钢,Φ14,HRB400E,莱钢永锋,None,山东烟台,None,None
2024-06-05,螺纹钢,Φ14,HRB400E,石横特钢,None,山东烟台,None,None
2024-06-05,螺纹钢,Φ14,HRB400E,日照,None,山东烟台,None,None
2024-06-05,螺纹钢,Φ14,HRB400E,江苏镔鑫,None,山东烟台,None,None
2024-06-05,螺纹钢,Φ16,HRB400E,莱钢,None,山东烟台,None,None
2024-06-05,螺纹钢,Φ16,HRB400E,莱钢永锋,None,山东烟台,None,None
2024-06-05,螺纹钢,Φ16,HRB400E,石横特钢,None,山东烟台,None,None
2024-06-05,螺纹钢,Φ16,HRB400E,日照,None,山东烟台,None,None
2024-06-05,螺纹钢,Φ16,HRB400E,江苏镔鑫,None,山东烟台,None,None
2024-06-05,螺纹钢,Φ18,HRB400E,莱钢,None,山东烟台,None,None
2024-06-05,螺纹钢,Φ18,HRB400E,莱钢永锋,None,山东烟台,None,None
2024-06-05,螺纹钢,Φ18,HRB400E,石横特钢,None,山东烟台,None,None
2024-06-05,螺纹钢,Φ18,HRB400E,日照,None,山东烟台,None,None
2024-06-05,螺纹钢,Φ18,HRB400E,江苏镔鑫,None,山东烟台,None,None
2024-06-05,螺纹钢,Φ20,HRB400E,莱钢,None,山东烟台,None,None
2024-06-05,螺纹钢,Φ20,HRB400E,莱钢永锋,None,山东烟台,None,None
2024-06-05,螺纹钢,Φ20,HRB400E,石横特钢,None,山东烟台,None,None
2024-06-05,螺纹钢,Φ20,HRB400E,日照,None,山东烟台,None,None
2024-06-05,螺纹钢,Φ20,HRB400E,江苏镔鑫,None,山东烟台,None,None
2024-06-05,螺纹钢,Φ22,HRB400E,莱钢,None,山东烟台,None,None
2024-06-05,螺纹钢,Φ22,HRB400E,莱钢永锋,None,山东烟台,None,None
2024-06-05,螺纹钢,Φ22,HRB400E,石横特钢,None,山东烟台,None,None
2024-06-05,螺纹钢,Φ22,HRB400E,日照,None,山东烟台,None,None
2024-06-05,螺纹钢,Φ22,HRB400E,江苏镔鑫,None,山东烟台,None,None
2024-06-05,螺纹钢,Φ25,HRB400E,莱钢,None,山东烟台,None,None
2024-06-05,螺纹钢,Φ25,HRB400E,莱钢永锋,None,山东烟台,None,None
2024-06-05,螺纹钢,Φ25,HRB400E,石横特钢,None,山东烟台,None,None
2024-06-05,螺纹钢,Φ25,HRB400E,日照,None,山东烟台,None,None
2024-06-05,螺纹钢,Φ25,HRB400E,江苏镔鑫,None,山东烟台,None,None
2024-06-05,螺纹钢,Φ28-32,HRB400E,莱钢,None,山东烟台,None,None
2024-06-05,螺纹钢,Φ28-32,HRB400E,莱钢永锋,None,山东烟台,None,None
2024-06-05,螺纹钢,Φ28-32,HRB400E,石横特钢,None,山东烟台,None,None
2024-06-05,螺纹钢,Φ28-32,HRB400E,日照,None,山东烟台,None,None
2024-06-05,螺纹钢,Φ28-32,HRB400E,江苏镔鑫,None,山东烟台,None,None
2024-06-05,高线,Φ10,HPB300,莱钢永锋,None,山东烟台,None,None
2024-06-05,高线,Φ10,HPB300,石横特钢,None,山东烟台,None,None
2024-06-05,高线,Φ10,HPB300,江苏镔鑫,None,山东烟台,None,None
2024-06-05,高线,Φ12,HPB300,莱钢永锋,None,山东烟台,None,None
2024-06-05,高线,Φ12,HPB300,石横特钢,None,山东烟台,None,None
2024-06-05,高线,Φ6,HPB300,莱钢永锋,None,山东烟台,None,None
2024-06-05,高线,Φ6,HPB300,石横特钢,None,山东烟台,None,None
2024-06-05,高线,Φ6,HPB300,江苏镔鑫,None,山东烟台,None,None
2024-06-05,高线,Φ8,HPB300,莱钢永锋,None,山东烟台,None,None
2024-06-05,高线,Φ8,HPB300,石横特钢,None,山东烟台,None,None
2024-06-05,高线,Φ8,HPB300,江苏镔鑫,None,山东烟台,None,None
2024-06-04,圆钢,Φ12-22,HPB300,莱钢永锋,None,山东烟台,None,None
2024-06-04,圆钢,Φ12-22,HPB300,石横特钢,None,山东烟台,None,None
2024-06-04,圆钢,Φ25-32,HPB300,莱钢永锋,None,山东烟台,None,None
2024-06-04,圆钢,Φ25-32,HPB300,石横特钢,None,山东烟台,None,None
2024-06-04,盘螺,Φ10,HRB400E,莱钢永锋,None,山东烟台,None,None
2024-06-04,盘螺,Φ10,HRB400E,石横特钢,None,山东烟台,None,None
2024-06-04,盘螺,Φ10,HRB400E,日照,None,山东烟台,None,None
2024-06-04,盘螺,Φ10,HRB400E,江苏镔鑫,None,山东烟台,None,None
2024-06-04,盘螺,Φ10,HRB400E,日钢营口,None,山东烟台,None,None
2024-06-04,盘螺,Φ12,HRB400E,莱钢永锋,None,山东烟台,None,None
2024-06-04,盘螺,Φ12,HRB400E,石横特钢,None,山东烟台,None,None
2024-06-04,盘螺,Φ6,HRB400E,莱钢永锋,None,山东烟台,None,None
2024-06-04,盘螺,Φ6,HRB400E,石横特钢,None,山东烟台,None,None
2024-06-04,盘螺,Φ8,HRB400E,莱钢永锋,None,山东烟台,None,None
2024-06-04,盘螺,Φ8,HRB400E,石横特钢,None,山东烟台,None,None
2024-06-04,盘螺,Φ8,HRB400E,日照,None,山东烟台,None,None
2024-06-04,盘螺,Φ8,HRB400E,江苏镔鑫,None,山东烟台,None,None
2024-06-04,盘螺,Φ8,HRB400E,日钢营口,None,山东烟台,None,None
2024-06-04,螺纹钢,Φ10,HRB400E,莱钢,None,山东烟台,None,None
2024-06-04,螺纹钢,Φ10,HRB400E,莱钢永锋,None,山东烟台,None,None
2024-06-04,螺纹钢,Φ10,HRB400E,石横特钢,None,山东烟台,None,None
2024-06-04,螺纹钢,Φ12,HRB400E,莱钢,None,山东烟台,None,None
2024-06-04,螺纹钢,Φ12,HRB400E,莱钢永锋,None,山东烟台,None,None
2024-06-04,螺纹钢,Φ12,HRB400E,石横特钢,None,山东烟台,None,None
2024-06-04,螺纹钢,Φ12,HRB400E,日照,None,山东烟台,None,None
2024-06-04,螺纹钢,Φ12,HRB400E,江苏镔鑫,None,山东烟台,None,None
2024-06-04,螺纹钢,Φ12-14,HRB500E,莱钢,None,山东烟台,None,None
2024-06-04,螺纹钢,Φ12-14,HRB500E,莱钢永锋,None,山东烟台,None,None
2024-06-04,螺纹钢,Φ12-14,HRB500E,石横特钢,None,山东烟台,None,None
2024-06-04,螺纹钢,Φ14,HRB400E,莱钢,None,山东烟台,None,None
2024-06-04,螺纹钢,Φ14,HRB400E,莱钢永锋,None,山东烟台,None,None
2024-06-04,螺纹钢,Φ14,HRB400E,石横特钢,None,山东烟台,None,None
2024-06-04,螺纹钢,Φ14,HRB400E,日照,None,山东烟台,None,None
2024-06-04,螺纹钢,Φ14,HRB400E,江苏镔鑫,None,山东烟台,None,None
2024-06-04,螺纹钢,Φ16,HRB400E,莱钢,None,山东烟台,None,None
2024-06-04,螺纹钢,Φ16,HRB400E,莱钢永锋,None,山东烟台,None,None
2024-06-04,螺纹钢,Φ16,HRB400E,石横特钢,None,山东烟台,None,None
2024-06-04,螺纹钢,Φ16,HRB400E,日照,None,山东烟台,None,None
2024-06-04,螺纹钢,Φ16,HRB400E,江苏镔鑫,None,山东烟台,None,None
2024-06-04,螺纹钢,Φ18,HRB400E,莱钢,None,山东烟台,None,None
2024-06-04,螺纹钢,Φ18,HRB400E,莱钢永锋,None,山东烟台,None,None
2024-06-04,螺纹钢,Φ18,HRB400E,石横特钢,None,山东烟台,None,None
2024-06-04,螺纹钢,Φ18,HRB400E,日照,None,山东烟台,None,None
2024-06-04,螺纹钢,Φ18,HRB400E,江苏镔鑫,None,山东烟台,None,None
2024-06-04,螺纹钢,Φ20,HRB400E,莱钢,None,山东烟台,None,None
2024-06-04,螺纹钢,Φ20,HRB400E,莱钢永锋,None,山东烟台,None,None
2024-06-04,螺纹钢,Φ20,HRB400E,石横特钢,None,山东烟台,None,None
2024-06-04,螺纹钢,Φ20,HRB400E,日照,None,山东烟台,None,None
2024-06-04,螺纹钢,Φ20,HRB400E,江苏镔鑫,None,山东烟台,None,None
2024-06-04,螺纹钢,Φ22,HRB400E,莱钢,None,山东烟台,None,None
2024-06-04,螺纹钢,Φ22,HRB400E,莱钢永锋,None,山东烟台,None,None
2024-06-04,螺纹钢,Φ22,HRB400E,石横特钢,None,山东烟台,None,None
2024-06-04,螺纹钢,Φ22,HRB400E,日照,None,山东烟台,None,None
2024-06-04,螺纹钢,Φ22,HRB400E,江苏镔鑫,None,山东烟台,None,None
2024-06-04,螺纹钢,Φ25,HRB400E,莱钢,None,山东烟台,None,None
2024-06-04,螺纹钢,Φ25,HRB400E,莱钢永锋,None,山东烟台,None,None
2024-06-04,螺纹钢,Φ25,HRB400E,石横特钢,None,山东烟台,None,None
2024-06-04,螺纹钢,Φ25,HRB400E,日照,None,山东烟台,None,None
2024-06-04,螺纹钢,Φ25,HRB400E,江苏镔鑫,None,山东烟台,None,None
2024-06-04,螺纹钢,Φ28-32,HRB400E,莱钢,None,山东烟台,None,None
2024-06-04,螺纹钢,Φ28-32,HRB400E,莱钢永锋,None,山东烟台,None,None
2024-06-04,螺纹钢,Φ28-32,HRB400E,石横特钢,None,山东烟台,None,None
2024-06-04,螺纹钢,Φ28-32,HRB400E,日照,None,山东烟台,None,None
2024-06-04,螺纹钢,Φ28-32,HRB400E,江苏镔鑫,None,山东烟台,None,None
2024-06-04,高线,Φ10,HPB300,莱钢永锋,None,山东烟台,None,None
2024-06-04,高线,Φ10,HPB300,石横特钢,None,山东烟台,None,None
2024-06-04,高线,Φ10,HPB300,江苏镔鑫,None,山东烟台,None,None
2024-06-04,高线,Φ12,HPB300,莱钢永锋,None,山东烟台,None,None
2024-06-04,高线,Φ12,HPB300,石横特钢,None,山东烟台,None,None
2024-06-04,高线,Φ6,HPB300,莱钢永锋,None,山东烟台,None,None
2024-06-04,高线,Φ6,HPB300,石横特钢,None,山东烟台,None,None
2024-06-04,高线,Φ6,HPB300,江苏镔鑫,None,山东烟台,None,None
2024-06-04,高线,Φ8,HPB300,莱钢永锋,None,山东烟台,None,None
2024-06-04,高线,Φ8,HPB300,石横特钢,None,山东烟台,None,None
2024-06-04,高线,Φ8,HPB300,江苏镔鑫,None,山东烟台,None,None
2024-06-03,圆钢,Φ12-22,HPB300,莱钢永锋,None,山东烟台,None,None
2024-06-03,圆钢,Φ12-22,HPB300,石横特钢,None,山东烟台,None,None
2024-06-03,圆钢,Φ25-32,HPB300,莱钢永锋,None,山东烟台,None,None
2024-06-03,圆钢,Φ25-32,HPB300,石横特钢,None,山东烟台,None,None
2024-06-03,盘螺,Φ10,HRB400E,莱钢永锋,None,山东烟台,None,None
2024-06-03,盘螺,Φ10,HRB400E,石横特钢,None,山东烟台,None,None
2024-06-03,盘螺,Φ10,HRB400E,日照,None,山东烟台,None,None
2024-06-03,盘螺,Φ10,HRB400E,江苏镔鑫,None,山东烟台,None,None
2024-06-03,盘螺,Φ10,HRB400E,日钢营口,None,山东烟台,None,None
2024-06-03,盘螺,Φ12,HRB400E,莱钢永锋,None,山东烟台,None,None
2024-06-03,盘螺,Φ12,HRB400E,石横特钢,None,山东烟台,None,None
2024-06-03,盘螺,Φ6,HRB400E,莱钢永锋,None,山东烟台,None,None
2024-06-03,盘螺,Φ6,HRB400E,石横特钢,None,山东烟台,None,None
2024-06-03,盘螺,Φ8,HRB400E,莱钢永锋,None,山东烟台,None,None
2024-06-03,盘螺,Φ8,HRB400E,石横特钢,None,山东烟台,None,None
2024-06-03,盘螺,Φ8,HRB400E,日照,None,山东烟台,None,None
2024-06-03,盘螺,Φ8,HRB400E,江苏镔鑫,None,山东烟台,None,None
2024-06-03,盘螺,Φ8,HRB400E,日钢营口,None,山东烟台,None,None
2024-06-03,螺纹钢,Φ10,HRB400E,莱钢,None,山东烟台,None,None
2024-06-03,螺纹钢,Φ10,HRB400E,莱钢永锋,None,山东烟台,None,None
2024-06-03,螺纹钢,Φ10,HRB400E,石横特钢,None,山东烟台,None,None
2024-06-03,螺纹钢,Φ12,HRB400E,莱钢,None,山东烟台,None,None
2024-06-03,螺纹钢,Φ12,HRB400E,莱钢永锋,None,山东烟台,None,None
2024-06-03,螺纹钢,Φ12,HRB400E,石横特钢,None,山东烟台,None,None
2024-06-03,螺纹钢,Φ12,HRB400E,日照,None,山东烟台,None,None
2024-06-03,螺纹钢,Φ12,HRB400E,江苏镔鑫,None,山东烟台,None,None
2024-06-03,螺纹钢,Φ12-14,HRB500E,莱钢,None,山东烟台,None,None
2024-06-03,螺纹钢,Φ12-14,HRB500E,莱钢永锋,None,山东烟台,None,None
2024-06-03,螺纹钢,Φ12-14,HRB500E,石横特钢,None,山东烟台,None,None
2024-06-03,螺纹钢,Φ14,HRB400E,莱钢,None,山东烟台,None,None
2024-06-03,螺纹钢,Φ14,HRB400E,莱钢永锋,None,山东烟台,None,None
2024-06-03,螺纹钢,Φ14,HRB400E,石横特钢,None,山东烟台,None,None
2024-06-03,螺纹钢,Φ14,HRB400E,日照,None,山东烟台,None,None
2024-06-03,螺纹钢,Φ14,HRB400E,江苏镔鑫,None,山东烟台,None,None
2024-06-03,螺纹钢,Φ16,HRB400E,莱钢,None,山东烟台,None,None
2024-06-03,螺纹钢,Φ16,HRB400E,莱钢永锋,None,山东烟台,None,None
2024-06-03,螺纹钢,Φ16,HRB400E,石横特钢,None,山东烟台,None,None
2024-06-03,螺纹钢,Φ16,HRB400E,日照,None,山东烟台,None,None
2024-06-03,螺纹钢,Φ16,HRB400E,江苏镔鑫,None,山东烟台,None,None
2024-06-03,螺纹钢,Φ18,HRB400E,莱钢,None,山东烟台,None,None
2024-06-03,螺纹钢,Φ18,HRB400E,莱钢永锋,None,山东烟台,None,None
2024-06-03,螺纹钢,Φ18,HRB400E,石横特钢,None,山东烟台,None,None
2024-06-03,螺纹钢,Φ18,HRB400E,日照,None,山东烟台,None,None
2024-06-03,螺纹钢,Φ18,HRB400E,江苏镔鑫,None,山东烟台,None,None
2024-06-03,螺纹钢,Φ20,HRB400E,莱钢,None,山东烟台,None,None
2024-06-03,螺纹钢,Φ20,HRB400E,莱钢永锋,None,山东烟台,None,None
2024-06-03,螺纹钢,Φ20,HRB400E,石横特钢,None,山东烟台,None,None
2024-06-03,螺纹钢,Φ20,HRB400E,日照,None,山东烟台,None,None
2024-06-03,螺纹钢,Φ20,HRB400E,江苏镔鑫,None,山东烟台,None,None
2024-06-03,螺纹钢,Φ22,HRB400E,莱钢,None,山东烟台,None,None
2024-06-03,螺纹钢,Φ22,HRB400E,莱钢永锋,None,山东烟台,None,None
2024-06-03,螺纹钢,Φ22,HRB400E,石横特钢,None,山东烟台,None,None
2024-06-03,螺纹钢,Φ22,HRB400E,日照,None,山东烟台,None,None
2024-06-03,螺纹钢,Φ22,HRB400E,江苏镔鑫,None,山东烟台,None,None
2024-06-03,螺纹钢,Φ25,HRB400E,莱钢,None,山东烟台,None,None
2024-06-03,螺纹钢,Φ25,HRB400E,莱钢永锋,None,山东烟台,None,None
2024-06-03,螺纹钢,Φ25,HRB400E,石横特钢,None,山东烟台,None,None
2024-06-03,螺纹钢,Φ25,HRB400E,日照,None,山东烟台,None,None
2024-06-03,螺纹钢,Φ25,HRB400E,江苏镔鑫,None,山东烟台,None,None
2024-06-03,螺纹钢,Φ28-32,HRB400E,莱钢,None,山东烟台,None,None
2024-06-03,螺纹钢,Φ28-32,HRB400E,莱钢永锋,None,山东烟台,None,None
2024-06-03,螺纹钢,Φ28-32,HRB400E,石横特钢,None,山东烟台,None,None
2024-06-03,螺纹钢,Φ28-32,HRB400E,日照,None,山东烟台,None,None
2024-06-03,螺纹钢,Φ28-32,HRB400E,江苏镔鑫,None,山东烟台,None,None
2024-06-03,高线,Φ10,HPB300,莱钢永锋,None,山东烟台,None,None
2024-06-03,高线,Φ10,HPB300,石横特钢,None,山东烟台,None,None
2024-06-03,高线,Φ10,HPB300,江苏镔鑫,None,山东烟台,None,None
2024-06-03,高线,Φ12,HPB300,莱钢永锋,None,山东烟台,None,None
2024-06-03,高线,Φ12,HPB300,石横特钢,None,山东烟台,None,None
2024-06-03,高线,Φ6,HPB300,莱钢永锋,None,山东烟台,None,None
2024-06-03,高线,Φ6,HPB300,石横特钢,None,山东烟台,None,None
2024-06-03,高线,Φ6,HPB300,江苏镔鑫,None,山东烟台,None,None
2024-06-03,高线,Φ8,HPB300,莱钢永锋,None,山东烟台,None,None
2024-06-03,高线,Φ8,HPB300,石横特钢,None,山东烟台,None,None
2024-06-03,高线,Φ8,HPB300,江苏镔鑫,None,山东烟台,None,None
2024-05-31,圆钢,Φ12-22,HPB300,莱钢永锋,None,山东烟台,None,None
2024-05-31,圆钢,Φ12-22,HPB300,石横特钢,None,山东烟台,None,None
2024-05-31,圆钢,Φ25-32,HPB300,莱钢永锋,None,山东烟台,None,None
2024-05-31,圆钢,Φ25-32,HPB300,石横特钢,None,山东烟台,None,None
2024-05-31,盘螺,Φ10,HRB400E,莱钢永锋,None,山东烟台,None,None
2024-05-31,盘螺,Φ10,HRB400E,石横特钢,None,山东烟台,None,None
2024-05-31,盘螺,Φ10,HRB400E,日照,None,山东烟台,None,None
2024-05-31,盘螺,Φ10,HRB400E,江苏镔鑫,None,山东烟台,None,None
2024-05-31,盘螺,Φ10,HRB400E,日钢营口,None,山东烟台,None,None
2024-05-31,盘螺,Φ12,HRB400E,莱钢永锋,None,山东烟台,None,None
2024-05-31,盘螺,Φ12,HRB400E,石横特钢,None,山东烟台,None,None
2024-05-31,盘螺,Φ6,HRB400E,莱钢永锋,None,山东烟台,None,None
2024-05-31,盘螺,Φ6,HRB400E,石横特钢,None,山东烟台,None,None
2024-05-31,盘螺,Φ8,HRB400E,莱钢永锋,None,山东烟台,None,None
2024-05-31,盘螺,Φ8,HRB400E,石横特钢,None,山东烟台,None,None
2024-05-31,盘螺,Φ8,HRB400E,日照,None,山东烟台,None,None
2024-05-31,盘螺,Φ8,HRB400E,江苏镔鑫,None,山东烟台,None,None
2024-05-31,盘螺,Φ8,HRB400E,日钢营口,None,山东烟台,None,None
2024-05-31,螺纹钢,Φ10,HRB400E,莱钢,None,山东烟台,None,None
2024-05-31,螺纹钢,Φ10,HRB400E,莱钢永锋,None,山东烟台,None,None
2024-05-31,螺纹钢,Φ10,HRB400E,石横特钢,None,山东烟台,None,None
2024-05-31,螺纹钢,Φ12,HRB400E,莱钢,None,山东烟台,None,None
2024-05-31,螺纹钢,Φ12,HRB400E,莱钢永锋,None,山东烟台,None,None
2024-05-31,螺纹钢,Φ12,HRB400E,石横特钢,None,山东烟台,None,None
2024-05-31,螺纹钢,Φ12,HRB400E,日照,None,山东烟台,None,None
2024-05-31,螺纹钢,Φ12,HRB400E,江苏镔鑫,None,山东烟台,None,None
2024-05-31,螺纹钢,Φ12-14,HRB500E,莱钢,None,山东烟台,None,None
2024-05-31,螺纹钢,Φ12-14,HRB500E,莱钢永锋,None,山东烟台,None,None
2024-05-31,螺纹钢,Φ12-14,HRB500E,石横特钢,None,山东烟台,None,None
2024-05-31,螺纹钢,Φ14,HRB400E,莱钢,None,山东烟台,None,None
2024-05-31,螺纹钢,Φ14,HRB400E,莱钢永锋,None,山东烟台,None,None
2024-05-31,螺纹钢,Φ14,HRB400E,石横特钢,None,山东烟台,None,None
2024-05-31,螺纹钢,Φ14,HRB400E,日照,None,山东烟台,None,None
2024-05-31,螺纹钢,Φ14,HRB400E,江苏镔鑫,None,山东烟台,None,None
2024-05-31,螺纹钢,Φ16,HRB400E,莱钢,None,山东烟台,None,None
2024-05-31,螺纹钢,Φ16,HRB400E,莱钢永锋,None,山东烟台,None,None
2024-05-31,螺纹钢,Φ16,HRB400E,石横特钢,None,山东烟台,None,None
2024-05-31,螺纹钢,Φ16,HRB400E,日照,None,山东烟台,None,None
2024-05-31,螺纹钢,Φ16,HRB400E,江苏镔鑫,None,山东烟台,None,None
2024-05-31,螺纹钢,Φ18,HRB400E,莱钢,None,山东烟台,None,None
2024-05-31,螺纹钢,Φ18,HRB400E,莱钢永锋,None,山东烟台,None,None
2024-05-31,螺纹钢,Φ18,HRB400E,石横特钢,None,山东烟台,None,None
2024-05-31,螺纹钢,Φ18,HRB400E,日照,None,山东烟台,None,None
2024-05-31,螺纹钢,Φ18,HRB400E,江苏镔鑫,None,山东烟台,None,None
2024-05-31,螺纹钢,Φ20,HRB400E,莱钢,None,山东烟台,None,None
2024-05-31,螺纹钢,Φ20,HRB400E,莱钢永锋,None,山东烟台,None,None
2024-05-31,螺纹钢,Φ20,HRB400E,石横特钢,None,山东烟台,None,None
2024-05-31,螺纹钢,Φ20,HRB400E,日照,None,山东烟台,None,None
2024-05-31,螺纹钢,Φ20,HRB400E,江苏镔鑫,None,山东烟台,None,None
2024-05-31,螺纹钢,Φ22,HRB400E,莱钢,None,山东烟台,None,None
2024-05-31,螺纹钢,Φ22,HRB400E,莱钢永锋,None,山东烟台,None,None
2024-05-31,螺纹钢,Φ22,HRB400E,石横特钢,None,山东烟台,None,None
2024-05-31,螺纹钢,Φ22,HRB400E,日照,None,山东烟台,None,None
2024-05-31,螺纹钢,Φ22,HRB400E,江苏镔鑫,None,山东烟台,None,None
2024-05-31,螺纹钢,Φ25,HRB400E,莱钢,None,山东烟台,None,None
2024-05-31,螺纹钢,Φ25,HRB400E,莱钢永锋,None,山东烟台,None,None
2024-05-31,螺纹钢,Φ25,HRB400E,石横特钢,None,山东烟台,None,None
2024-05-31,螺纹钢,Φ25,HRB400E,日照,None,山东烟台,None,None
2024-05-31,螺纹钢,Φ25,HRB400E,江苏镔鑫,None,山东烟台,None,None
2024-05-31,螺纹钢,Φ28-32,HRB400E,莱钢,None,山东烟台,None,None
2024-05-31,螺纹钢,Φ28-32,HRB400E,莱钢永锋,None,山东烟台,None,None
2024-05-31,螺纹钢,Φ28-32,HRB400E,石横特钢,None,山东烟台,None,None
2024-05-31,螺纹钢,Φ28-32,HRB400E,日照,None,山东烟台,None,None
2024-05-31,螺纹钢,Φ28-32,HRB400E,江苏镔鑫,None,山东烟台,None,None
2024-05-31,高线,Φ10,HPB300,莱钢永锋,None,山东烟台,None,None
2024-05-31,高线,Φ10,HPB300,石横特钢,None,山东烟台,None,None
2024-05-31,高线,Φ10,HPB300,江苏镔鑫,None,山东烟台,None,None
2024-05-31,高线,Φ12,HPB300,莱钢永锋,None,山东烟台,None,None
2024-05-31,高线,Φ12,HPB300,石横特钢,None,山东烟台,None,None
2024-05-31,高线,Φ6,HPB300,莱钢永锋,None,山东烟台,None,None
2024-05-31,高线,Φ6,HPB300,石横特钢,None,山东烟台,None,None
2024-05-31,高线,Φ6,HPB300,江苏镔鑫,None,山东烟台,None,None
2024-05-31,高线,Φ8,HPB300,莱钢永锋,None,山东烟台,None,None
2024-05-31,高线,Φ8,HPB300,石横特钢,None,山东烟台,None,None
2024-05-31,高线,Φ8,HPB300,江苏镔鑫,None,山东烟台,None,None
2024-05-30,圆钢,Φ12-22,HPB300,莱钢永锋,None,山东烟台,None,None
2024-05-30,圆钢,Φ12-22,HPB300,石横特钢,None,山东烟台,None,None
2024-05-30,圆钢,Φ25-32,HPB300,莱钢永锋,None,山东烟台,None,None
2024-05-30,圆钢,Φ25-32,HPB300,石横特钢,None,山东烟台,None,None
2024-05-30,盘螺,Φ10,HRB400E,莱钢永锋,None,山东烟台,None,None
2024-05-30,盘螺,Φ10,HRB400E,石横特钢,None,山东烟台,None,None
2024-05-30,盘螺,Φ10,HRB400E,日照,None,山东烟台,None,None
2024-05-30,盘螺,Φ10,HRB400E,江苏镔鑫,None,山东烟台,None,None
2024-05-30,盘螺,Φ10,HRB400E,日钢营口,None,山东烟台,None,None
2024-05-30,盘螺,Φ12,HRB400E,莱钢永锋,None,山东烟台,None,None
2024-05-30,盘螺,Φ12,HRB400E,石横特钢,None,山东烟台,None,None
2024-05-30,盘螺,Φ6,HRB400E,莱钢永锋,None,山东烟台,None,None
2024-05-30,盘螺,Φ6,HRB400E,石横特钢,None,山东烟台,None,None
2024-05-30,盘螺,Φ8,HRB400E,莱钢永锋,None,山东烟台,None,None
2024-05-30,盘螺,Φ8,HRB400E,石横特钢,None,山东烟台,None,None
2024-05-30,盘螺,Φ8,HRB400E,日照,None,山东烟台,None,None
2024-05-30,盘螺,Φ8,HRB400E,江苏镔鑫,None,山东烟台,None,None
2024-05-30,盘螺,Φ8,HRB400E,日钢营口,None,山东烟台,None,None
2024-05-30,螺纹钢,Φ10,HRB400E,莱钢,None,山东烟台,None,None
2024-05-30,螺纹钢,Φ10,HRB400E,莱钢永锋,None,山东烟台,None,None
2024-05-30,螺纹钢,Φ10,HRB400E,石横特钢,None,山东烟台,None,None
2024-05-30,螺纹钢,Φ12,HRB400E,莱钢,None,山东烟台,None,None
2024-05-30,螺纹钢,Φ12,HRB400E,莱钢永锋,None,山东烟台,None,None
2024-05-30,螺纹钢,Φ12,HRB400E,石横特钢,None,山东烟台,None,None
2024-05-30,螺纹钢,Φ12,HRB400E,日照,None,山东烟台,None,None
2024-05-30,螺纹钢,Φ12,HRB400E,江苏镔鑫,None,山东烟台,None,None
2024-05-30,螺纹钢,Φ12-14,HRB500E,莱钢,None,山东烟台,None,None
2024-05-30,螺纹钢,Φ12-14,HRB500E,莱钢永锋,None,山东烟台,None,None
2024-05-30,螺纹钢,Φ12-14,HRB500E,石横特钢,None,山东烟台,None,None
2024-05-30,螺纹钢,Φ14,HRB400E,莱钢,None,山东烟台,None,None
2024-05-30,螺纹钢,Φ14,HRB400E,莱钢永锋,None,山东烟台,None,None
2024-05-30,螺纹钢,Φ14,HRB400E,石横特钢,None,山东烟台,None,None
2024-05-30,螺纹钢,Φ14,HRB400E,日照,None,山东烟台,None,None
2024-05-30,螺纹钢,Φ14,HRB400E,江苏镔鑫,None,山东烟台,None,None
2024-05-30,螺纹钢,Φ16,HRB400E,莱钢,None,山东烟台,None,None
2024-05-30,螺纹钢,Φ16,HRB400E,莱钢永锋,None,山东烟台,None,None
2024-05-30,螺纹钢,Φ16,HRB400E,石横特钢,None,山东烟台,None,None
2024-05-30,螺纹钢,Φ16,HRB400E,日照,None,山东烟台,None,None
2024-05-30,螺纹钢,Φ16,HRB400E,江苏镔鑫,None,山东烟台,None,None
2024-05-30,螺纹钢,Φ18,HRB400E,莱钢,None,山东烟台,None,None
2024-05-30,螺纹钢,Φ18,HRB400E,莱钢永锋,None,山东烟台,None,None
2024-05-30,螺纹钢,Φ18,HRB400E,石横特钢,None,山东烟台,None,None
2024-05-30,螺纹钢,Φ18,HRB400E,日照,None,山东烟台,None,None
2024-05-30,螺纹钢,Φ18,HRB400E,江苏镔鑫,None,山东烟台,None,None
2024-05-30,螺纹钢,Φ20,HRB400E,莱钢,None,山东烟台,None,None
2024-05-30,螺纹钢,Φ20,HRB400E,莱钢永锋,None,山东烟台,None,None
2024-05-30,螺纹钢,Φ20,HRB400E,石横特钢,None,山东烟台,None,None
2024-05-30,螺纹钢,Φ20,HRB400E,日照,None,山东烟台,None,None
2024-05-30,螺纹钢,Φ20,HRB400E,江苏镔鑫,None,山东烟台,None,None
2024-05-30,螺纹钢,Φ22,HRB400E,莱钢,None,山东烟台,None,None
2024-05-30,螺纹钢,Φ22,HRB400E,莱钢永锋,None,山东烟台,None,None
2024-05-30,螺纹钢,Φ22,HRB400E,石横特钢,None,山东烟台,None,None
2024-05-30,螺纹钢,Φ22,HRB400E,日照,None,山东烟台,None,None
2024-05-30,螺纹钢,Φ22,HRB400E,江苏镔鑫,None,山东烟台,None,None
2024-05-30,螺纹钢,Φ25,HRB400E,莱钢,None,山东烟台,None,None
2024-05-30,螺纹钢,Φ25,HRB400E,莱钢永锋,None,山东烟台,None,None
2024-05-30,螺纹钢,Φ25,HRB400E,石横特钢,None,山东烟台,None,None
2024-05-30,螺纹钢,Φ25,HRB400E,日照,None,山东烟台,None,None
2024-05-30,螺纹钢,Φ25,HRB400E,江苏镔鑫,None,山东烟台,None,None
2024-05-30,螺纹钢,Φ28-32,HRB400E,莱钢,None,山东烟台,None,None
2024-05-30,螺纹钢,Φ28-32,HRB400E,莱钢永锋,None,山东烟台,None,None
2024-05-30,螺纹钢,Φ28-32,HRB400E,石横特钢,None,山东烟台,None,None
2024-05-30,螺纹钢,Φ28-32,HRB400E,日照,None,山东烟台,None,None
2024-05-30,螺纹钢,Φ28-32,HRB400E,江苏镔鑫,None,山东烟台,None,None
2024-05-30,高线,Φ10,HPB300,莱钢永锋,None,山东烟台,None,None
2024-05-30,高线,Φ10,HPB300,石横特钢,None,山东烟台,None,None
2024-05-30,高线,Φ10,HPB300,江苏镔鑫,None,山东烟台,None,None
2024-05-30,高线,Φ12,HPB300,莱钢永锋,None,山东烟台,None,None
2024-05-30,高线,Φ12,HPB300,石横特钢,None,山东烟台,None,None
2024-05-30,高线,Φ6,HPB300,莱钢永锋,None,山东烟台,None,None
2024-05-30,高线,Φ6,HPB300,石横特钢,None,山东烟台,None,None
2024-05-30,高线,Φ6,HPB300,江苏镔鑫,None,山东烟台,None,None
2024-05-30,高线,Φ8,HPB300,莱钢永锋,None,山东烟台,None,None
2024-05-30,高线,Φ8,HPB300,石横特钢,None,山东烟台,None,None
2024-05-30,高线,Φ8,HPB300,江苏镔鑫,None,山东烟台,None,None
2024-05-29,圆钢,Φ12-22,HPB300,莱钢永锋,None,山东烟台,None,None
2024-05-29,圆钢,Φ12-22,HPB300,石横特钢,None,山东烟台,None,None
2024-05-29,圆钢,Φ25-32,HPB300,莱钢永锋,None,山东烟台,None,None
2024-05-29,圆钢,Φ25-32,HPB300,石横特钢,None,山东烟台,None,None
2024-05-29,盘螺,Φ10,HRB400E,莱钢永锋,None,山东烟台,None,None
2024-05-29,盘螺,Φ10,HRB400E,石横特钢,None,山东烟台,None,None
2024-05-29,盘螺,Φ10,HRB400E,日照,None,山东烟台,None,None
2024-05-29,盘螺,Φ10,HRB400E,江苏镔鑫,None,山东烟台,None,None
2024-05-29,盘螺,Φ10,HRB400E,日钢营口,None,山东烟台,None,None
2024-05-29,盘螺,Φ12,HRB400E,莱钢永锋,None,山东烟台,None,None
2024-05-29,盘螺,Φ12,HRB400E,石横特钢,None,山东烟台,None,None
2024-05-29,盘螺,Φ6,HRB400E,莱钢永锋,None,山东烟台,None,None
2024-05-29,盘螺,Φ6,HRB400E,石横特钢,None,山东烟台,None,None
2024-05-29,盘螺,Φ8,HRB400E,莱钢永锋,None,山东烟台,None,None
2024-05-29,盘螺,Φ8,HRB400E,石横特钢,None,山东烟台,None,None
2024-05-29,盘螺,Φ8,HRB400E,日照,None,山东烟台,None,None
2024-05-29,盘螺,Φ8,HRB400E,江苏镔鑫,None,山东烟台,None,None
2024-05-29,盘螺,Φ8,HRB400E,日钢营口,None,山东烟台,None,None
2024-05-29,螺纹钢,Φ10,HRB400E,莱钢,None,山东烟台,None,None
2024-05-29,螺纹钢,Φ10,HRB400E,莱钢永锋,None,山东烟台,None,None
2024-05-29,螺纹钢,Φ10,HRB400E,石横特钢,None,山东烟台,None,None
2024-05-29,螺纹钢,Φ12,HRB400E,莱钢,None,山东烟台,None,None
2024-05-29,螺纹钢,Φ12,HRB400E,莱钢永锋,None,山东烟台,None,None
2024-05-29,螺纹钢,Φ12,HRB400E,石横特钢,None,山东烟台,None,None
2024-05-29,螺纹钢,Φ12,HRB400E,日照,None,山东烟台,None,None
2024-05-29,螺纹钢,Φ12,HRB400E,江苏镔鑫,None,山东烟台,None,None
2024-05-29,螺纹钢,Φ12-14,HRB500E,莱钢,None,山东烟台,None,None
2024-05-29,螺纹钢,Φ12-14,HRB500E,莱钢永锋,None,山东烟台,None,None
2024-05-29,螺纹钢,Φ12-14,HRB500E,石横特钢,None,山东烟台,None,None
2024-05-29,螺纹钢,Φ14,HRB400E,莱钢,None,山东烟台,None,None
2024-05-29,螺纹钢,Φ14,HRB400E,莱钢永锋,None,山东烟台,None,None
2024-05-29,螺纹钢,Φ14,HRB400E,石横特钢,None,山东烟台,None,None
2024-05-29,螺纹钢,Φ14,HRB400E,日照,None,山东烟台,None,None
2024-05-29,螺纹钢,Φ14,HRB400E,江苏镔鑫,None,山东烟台,None,None
2024-05-29,螺纹钢,Φ16,HRB400E,莱钢,None,山东烟台,None,None
2024-05-29,螺纹钢,Φ16,HRB400E,莱钢永锋,None,山东烟台,None,None
2024-05-29,螺纹钢,Φ16,HRB400E,石横特钢,None,山东烟台,None,None
2024-05-29,螺纹钢,Φ16,HRB400E,日照,None,山东烟台,None,None
2024-05-29,螺纹钢,Φ16,HRB400E,江苏镔鑫,None,山东烟台,None,None
2024-05-29,螺纹钢,Φ18,HRB400E,莱钢,None,山东烟台,None,None
2024-05-29,螺纹钢,Φ18,HRB400E,莱钢永锋,None,山东烟台,None,None
2024-05-29,螺纹钢,Φ18,HRB400E,石横特钢,None,山东烟台,None,None
2024-05-29,螺纹钢,Φ18,HRB400E,日照,None,山东烟台,None,None
2024-05-29,螺纹钢,Φ18,HRB400E,江苏镔鑫,None,山东烟台,None,None
2024-05-29,螺纹钢,Φ20,HRB400E,莱钢,None,山东烟台,None,None
2024-05-29,螺纹钢,Φ20,HRB400E,莱钢永锋,None,山东烟台,None,None
2024-05-29,螺纹钢,Φ20,HRB400E,石横特钢,None,山东烟台,None,None
2024-05-29,螺纹钢,Φ20,HRB400E,日照,None,山东烟台,None,None
2024-05-29,螺纹钢,Φ20,HRB400E,江苏镔鑫,None,山东烟台,None,None
2024-05-29,螺纹钢,Φ22,HRB400E,莱钢,None,山东烟台,None,None
2024-05-29,螺纹钢,Φ22,HRB400E,莱钢永锋,None,山东烟台,None,None
2024-05-29,螺纹钢,Φ22,HRB400E,石横特钢,None,山东烟台,None,None
2024-05-29,螺纹钢,Φ22,HRB400E,日照,None,山东烟台,None,None
2024-05-29,螺纹钢,Φ22,HRB400E,江苏镔鑫,None,山东烟台,None,None
2024-05-29,螺纹钢,Φ25,HRB400E,莱钢,None,山东烟台,None,None
2024-05-29,螺纹钢,Φ25,HRB400E,莱钢永锋,None,山东烟台,None,None
2024-05-29,螺纹钢,Φ25,HRB400E,石横特钢,None,山东烟台,None,None
2024-05-29,螺纹钢,Φ25,HRB400E,日照,None,山东烟台,None,None
2024-05-29,螺纹钢,Φ25,HRB400E,江苏镔鑫,None,山东烟台,None,None
2024-05-29,螺纹钢,Φ28-32,HRB400E,莱钢,None,山东烟台,None,None
2024-05-29,螺纹钢,Φ28-32,HRB400E,莱钢永锋,None,山东烟台,None,None
2024-05-29,螺纹钢,Φ28-32,HRB400E,石横特钢,None,山东烟台,None,None
2024-05-29,螺纹钢,Φ28-32,HRB400E,日照,None,山东烟台,None,None
2024-05-29,螺纹钢,Φ28-32,HRB400E,江苏镔鑫,None,山东烟台,None,None
2024-05-29,高线,Φ10,HPB300,莱钢永锋,None,山东烟台,None,None
2024-05-29,高线,Φ10,HPB300,石横特钢,None,山东烟台,None,None
2024-05-29,高线,Φ10,HPB300,江苏镔鑫,None,山东烟台,None,None
2024-05-29,高线,Φ12,HPB300,莱钢永锋,None,山东烟台,None,None
2024-05-29,高线,Φ12,HPB300,石横特钢,None,山东烟台,None,None
2024-05-29,高线,Φ6,HPB300,莱钢永锋,None,山东烟台,None,None
2024-05-29,高线,Φ6,HPB300,石横特钢,None,山东烟台,None,None
2024-05-29,高线,Φ6,HPB300,江苏镔鑫,None,山东烟台,None,None
2024-05-29,高线,Φ8,HPB300,莱钢永锋,None,山东烟台,None,None
2024-05-29,高线,Φ8,HPB300,石横特钢,None,山东烟台,None,None
2024-05-29,高线,Φ8,HPB300,江苏镔鑫,None,山东烟台,None,None
2024-05-28,圆钢,Φ12-22,HPB300,莱钢永锋,None,山东烟台,None,None
2024-05-28,圆钢,Φ12-22,HPB300,石横特钢,None,山东烟台,None,None
2024-05-28,圆钢,Φ25-32,HPB300,莱钢永锋,None,山东烟台,None,None
2024-05-28,圆钢,Φ25-32,HPB300,石横特钢,None,山东烟台,None,None
2024-05-28,盘螺,Φ10,HRB400E,莱钢永锋,None,山东烟台,None,None
2024-05-28,盘螺,Φ10,HRB400E,石横特钢,None,山东烟台,None,None
2024-05-28,盘螺,Φ10,HRB400E,日照,None,山东烟台,None,None
2024-05-28,盘螺,Φ10,HRB400E,江苏镔鑫,None,山东烟台,None,None
2024-05-28,盘螺,Φ10,HRB400E,日钢营口,None,山东烟台,None,None
2024-05-28,盘螺,Φ12,HRB400E,莱钢永锋,None,山东烟台,None,None
2024-05-28,盘螺,Φ12,HRB400E,石横特钢,None,山东烟台,None,None
2024-05-28,盘螺,Φ6,HRB400E,莱钢永锋,None,山东烟台,None,None
2024-05-28,盘螺,Φ6,HRB400E,石横特钢,None,山东烟台,None,None
2024-05-28,盘螺,Φ8,HRB400E,莱钢永锋,None,山东烟台,None,None
2024-05-28,盘螺,Φ8,HRB400E,石横特钢,None,山东烟台,None,None
2024-05-28,盘螺,Φ8,HRB400E,日照,None,山东烟台,None,None
2024-05-28,盘螺,Φ8,HRB400E,江苏镔鑫,None,山东烟台,None,None
2024-05-28,盘螺,Φ8,HRB400E,日钢营口,None,山东烟台,None,None
2024-05-28,螺纹钢,Φ10,HRB400E,莱钢,None,山东烟台,None,None
2024-05-28,螺纹钢,Φ10,HRB400E,莱钢永锋,None,山东烟台,None,None
2024-05-28,螺纹钢,Φ10,HRB400E,石横特钢,None,山东烟台,None,None
2024-05-28,螺纹钢,Φ12,HRB400E,莱钢,None,山东烟台,None,None
2024-05-28,螺纹钢,Φ12,HRB400E,莱钢永锋,None,山东烟台,None,None
2024-05-28,螺纹钢,Φ12,HRB400E,石横特钢,None,山东烟台,None,None
2024-05-28,螺纹钢,Φ12,HRB400E,日照,None,山东烟台,None,None
2024-05-28,螺纹钢,Φ12,HRB400E,江苏镔鑫,None,山东烟台,None,None
2024-05-28,螺纹钢,Φ12-14,HRB500E,莱钢,None,山东烟台,None,None
2024-05-28,螺纹钢,Φ12-14,HRB500E,莱钢永锋,None,山东烟台,None,None
2024-05-28,螺纹钢,Φ12-14,HRB500E,石横特钢,None,山东烟台,None,None
2024-05-28,螺纹钢,Φ14,HRB400E,莱钢,None,山东烟台,None,None
2024-05-28,螺纹钢,Φ14,HRB400E,莱钢永锋,None,山东烟台,None,None
2024-05-28,螺纹钢,Φ14,HRB400E,石横特钢,None,山东烟台,None,None
2024-05-28,螺纹钢,Φ14,HRB400E,日照,None,山东烟台,None,None
2024-05-28,螺纹钢,Φ14,HRB400E,江苏镔鑫,None,山东烟台,None,None
2024-05-28,螺纹钢,Φ16,HRB400E,莱钢,None,山东烟台,None,None
2024-05-28,螺纹钢,Φ16,HRB400E,莱钢永锋,None,山东烟台,None,None
2024-05-28,螺纹钢,Φ16,HRB400E,石横特钢,None,山东烟台,None,None
2024-05-28,螺纹钢,Φ16,HRB400E,日照,None,山东烟台,None,None
2024-05-28,螺纹钢,Φ16,HRB400E,江苏镔鑫,None,山东烟台,None,None
2024-05-28,螺纹钢,Φ18,HRB400E,莱钢,None,山东烟台,None,None
2024-05-28,螺纹钢,Φ18,HRB400E,莱钢永锋,None,山东烟台,None,None
2024-05-28,螺纹钢,Φ18,HRB400E,石横特钢,None,山东烟台,None,None
2024-05-28,螺纹钢,Φ18,HRB400E,日照,None,山东烟台,None,None
2024-05-28,螺纹钢,Φ18,HRB400E,江苏镔鑫,None,山东烟台,None,None
2024-05-28,螺纹钢,Φ20,HRB400E,莱钢,None,山东烟台,None,None
2024-05-28,螺纹钢,Φ20,HRB400E,莱钢永锋,None,山东烟台,None,None
2024-05-28,螺纹钢,Φ20,HRB400E,石横特钢,None,山东烟台,None,None
2024-05-28,螺纹钢,Φ20,HRB400E,日照,None,山东烟台,None,None
2024-05-28,螺纹钢,Φ20,HRB400E,江苏镔鑫,None,山东烟台,None,None
2024-05-28,螺纹钢,Φ22,HRB400E,莱钢,None,山东烟台,None,None
2024-05-28,螺纹钢,Φ22,HRB400E,莱钢永锋,None,山东烟台,None,None
2024-05-28,螺纹钢,Φ22,HRB400E,石横特钢,None,山东烟台,None,None
2024-05-28,螺纹钢,Φ22,HRB400E,日照,None,山东烟台,None,None
2024-05-28,螺纹钢,Φ22,HRB400E,江苏镔鑫,None,山东烟台,None,None
2024-05-28,螺纹钢,Φ25,HRB400E,莱钢,None,山东烟台,None,None
2024-05-28,螺纹钢,Φ25,HRB400E,莱钢永锋,None,山东烟台,None,None
2024-05-28,螺纹钢,Φ25,HRB400E,石横特钢,None,山东烟台,None,None
2024-05-28,螺纹钢,Φ25,HRB400E,日照,None,山东烟台,None,None
2024-05-28,螺纹钢,Φ25,HRB400E,江苏镔鑫,None,山东烟台,None,None
2024-05-28,螺纹钢,Φ28-32,HRB400E,莱钢,None,山东烟台,None,None
2024-05-28,螺纹钢,Φ28-32,HRB400E,莱钢永锋,None,山东烟台,None,None
2024-05-28,螺纹钢,Φ28-32,HRB400E,石横特钢,None,山东烟台,None,None
2024-05-28,螺纹钢,Φ28-32,HRB400E,日照,None,山东烟台,None,None
2024-05-28,螺纹钢,Φ28-32,HRB400E,江苏镔鑫,None,山东烟台,None,None
2024-05-28,高线,Φ10,HPB300,莱钢永锋,None,山东烟台,None,None
2024-05-28,高线,Φ10,HPB300,石横特钢,None,山东烟台,None,None
2024-05-28,高线,Φ10,HPB300,江苏镔鑫,None,山东烟台,None,None
2024-05-28,高线,Φ12,HPB300,莱钢永锋,None,山东烟台,None,None
2024-05-28,高线,Φ12,HPB300,石横特钢,None,山东烟台,None,None
2024-05-28,高线,Φ6,HPB300,莱钢永锋,None,山东烟台,None,None
2024-05-28,高线,Φ6,HPB300,石横特钢,None,山东烟台,None,None
2024-05-28,高线,Φ6,HPB300,江苏镔鑫,None,山东烟台,None,None
2024-05-28,高线,Φ8,HPB300,莱钢永锋,None,山东烟台,None,None
2024-05-28,高线,Φ8,HPB300,石横特钢,None,山东烟台,None,None
2024-05-28,高线,Φ8,HPB300,江苏镔鑫,None,山东烟台,None,None
2024-05-27,圆钢,Φ12-22,HPB300,莱钢永锋,None,山东烟台,None,None
2024-05-27,圆钢,Φ12-22,HPB300,石横特钢,None,山东烟台,None,None
2024-05-27,圆钢,Φ25-32,HPB300,莱钢永锋,None,山东烟台,None,None
2024-05-27,圆钢,Φ25-32,HPB300,石横特钢,None,山东烟台,None,None
2024-05-27,盘螺,Φ10,HRB400E,莱钢永锋,None,山东烟台,None,None
2024-05-27,盘螺,Φ10,HRB400E,石横特钢,None,山东烟台,None,None
2024-05-27,盘螺,Φ10,HRB400E,日照,None,山东烟台,None,None
2024-05-27,盘螺,Φ10,HRB400E,江苏镔鑫,None,山东烟台,None,None
2024-05-27,盘螺,Φ10,HRB400E,日钢营口,None,山东烟台,None,None
2024-05-27,盘螺,Φ12,HRB400E,莱钢永锋,None,山东烟台,None,None
2024-05-27,盘螺,Φ12,HRB400E,石横特钢,None,山东烟台,None,None
2024-05-27,盘螺,Φ6,HRB400E,莱钢永锋,None,山东烟台,None,None
2024-05-27,盘螺,Φ6,HRB400E,石横特钢,None,山东烟台,None,None
2024-05-27,盘螺,Φ8,HRB400E,莱钢永锋,None,山东烟台,None,None
2024-05-27,盘螺,Φ8,HRB400E,石横特钢,None,山东烟台,None,None
2024-05-27,盘螺,Φ8,HRB400E,日照,None,山东烟台,None,None
2024-05-27,盘螺,Φ8,HRB400E,江苏镔鑫,None,山东烟台,None,None
2024-05-27,盘螺,Φ8,HRB400E,日钢营口,None,山东烟台,None,None
2024-05-27,螺纹钢,Φ10,HRB400E,莱钢,None,山东烟台,None,None
2024-05-27,螺纹钢,Φ10,HRB400E,莱钢永锋,None,山东烟台,None,None
2024-05-27,螺纹钢,Φ10,HRB400E,石横特钢,None,山东烟台,None,None
2024-05-27,螺纹钢,Φ12,HRB400E,莱钢,None,山东烟台,None,None
2024-05-27,螺纹钢,Φ12,HRB400E,莱钢永锋,None,山东烟台,None,None
2024-05-27,螺纹钢,Φ12,HRB400E,石横特钢,None,山东烟台,None,None
2024-05-27,螺纹钢,Φ12,HRB400E,日照,None,山东烟台,None,None
2024-05-27,螺纹钢,Φ12,HRB400E,江苏镔鑫,None,山东烟台,None,None
2024-05-27,螺纹钢,Φ12-14,HRB500E,莱钢,None,山东烟台,None,None
2024-05-27,螺纹钢,Φ12-14,HRB500E,莱钢永锋,None,山东烟台,None,None
2024-05-27,螺纹钢,Φ12-14,HRB500E,石横特钢,None,山东烟台,None,None
2024-05-27,螺纹钢,Φ14,HRB400E,莱钢,None,山东烟台,None,None
2024-05-27,螺纹钢,Φ14,HRB400E,莱钢永锋,None,山东烟台,None,None
2024-05-27,螺纹钢,Φ14,HRB400E,石横特钢,None,山东烟台,None,None
2024-05-27,螺纹钢,Φ14,HRB400E,日照,None,山东烟台,None,None
2024-05-27,螺纹钢,Φ14,HRB400E,江苏镔鑫,None,山东烟台,None,None
2024-05-27,螺纹钢,Φ16,HRB400E,莱钢,None,山东烟台,None,None
2024-05-27,螺纹钢,Φ16,HRB400E,莱钢永锋,None,山东烟台,None,None
2024-05-27,螺纹钢,Φ16,HRB400E,石横特钢,None,山东烟台,None,None
2024-05-27,螺纹钢,Φ16,HRB400E,日照,None,山东烟台,None,None
2024-05-27,螺纹钢,Φ16,HRB400E,江苏镔鑫,None,山东烟台,None,None
2024-05-27,螺纹钢,Φ18,HRB400E,莱钢,None,山东烟台,None,None
2024-05-27,螺纹钢,Φ18,HRB400E,莱钢永锋,None,山东烟台,None,None
2024-05-27,螺纹钢,Φ18,HRB400E,石横特钢,None,山东烟台,None,None
2024-05-27,螺纹钢,Φ18,HRB400E,日照,None,山东烟台,None,None
2024-05-27,螺纹钢,Φ18,HRB400E,江苏镔鑫,None,山东烟台,None,None
2024-05-27,螺纹钢,Φ20,HRB400E,莱钢,None,山东烟台,None,None
2024-05-27,螺纹钢,Φ20,HRB400E,莱钢永锋,None,山东烟台,None,None
2024-05-27,螺纹钢,Φ20,HRB400E,石横特钢,None,山东烟台,None,None
2024-05-27,螺纹钢,Φ20,HRB400E,日照,None,山东烟台,None,None
2024-05-27,螺纹钢,Φ20,HRB400E,江苏镔鑫,None,山东烟台,None,None
2024-05-27,螺纹钢,Φ22,HRB400E,莱钢,None,山东烟台,None,None
2024-05-27,螺纹钢,Φ22,HRB400E,莱钢永锋,None,山东烟台,None,None
2024-05-27,螺纹钢,Φ22,HRB400E,石横特钢,None,山东烟台,None,None
2024-05-27,螺纹钢,Φ22,HRB400E,日照,None,山东烟台,None,None
2024-05-27,螺纹钢,Φ22,HRB400E,江苏镔鑫,None,山东烟台,None,None
2024-05-27,螺纹钢,Φ25,HRB400E,莱钢,None,山东烟台,None,None
2024-05-27,螺纹钢,Φ25,HRB400E,莱钢永锋,None,山东烟台,None,None
2024-05-27,螺纹钢,Φ25,HRB400E,石横特钢,None,山东烟台,None,None
2024-05-27,螺纹钢,Φ25,HRB400E,日照,None,山东烟台,None,None
2024-05-27,螺纹钢,Φ25,HRB400E,江苏镔鑫,None,山东烟台,None,None
2024-05-27,螺纹钢,Φ28-32,HRB400E,莱钢,None,山东烟台,None,None
2024-05-27,螺纹钢,Φ28-32,HRB400E,莱钢永锋,None,山东烟台,None,None
2024-05-27,螺纹钢,Φ28-32,HRB400E,石横特钢,None,山东烟台,None,None
2024-05-27,螺纹钢,Φ28-32,HRB400E,日照,None,山东烟台,None,None
2024-05-27,螺纹钢,Φ28-32,HRB400E,江苏镔鑫,None,山东烟台,None,None
2024-05-27,高线,Φ10,HPB300,莱钢永锋,None,山东烟台,None,None
2024-05-27,高线,Φ10,HPB300,石横特钢,None,山东烟台,None,None
2024-05-27,高线,Φ10,HPB300,江苏镔鑫,None,山东烟台,None,None
2024-05-27,高线,Φ12,HPB300,莱钢永锋,None,山东烟台,None,None
2024-05-27,高线,Φ12,HPB300,石横特钢,None,山东烟台,None,None
2024-05-27,高线,Φ6,HPB300,莱钢永锋,None,山东烟台,None,None
2024-05-27,高线,Φ6,HPB300,石横特钢,None,山东烟台,None,None
2024-05-27,高线,Φ6,HPB300,江苏镔鑫,None,山东烟台,None,None
2024-05-27,高线,Φ8,HPB300,莱钢永锋,None,山东烟台,None,None
2024-05-27,高线,Φ8,HPB300,石横特钢,None,山东烟台,None,None
2024-05-27,高线,Φ8,HPB300,江苏镔鑫,None,山东烟台,None,None
2024-05-24,圆钢,Φ12-22,HPB300,莱钢永锋,None,山东烟台,None,None
2024-05-24,圆钢,Φ12-22,HPB300,石横特钢,None,山东烟台,None,None
2024-05-24,圆钢,Φ25-32,HPB300,莱钢永锋,None,山东烟台,None,None
2024-05-24,圆钢,Φ25-32,HPB300,石横特钢,None,山东烟台,None,None
2024-05-24,盘螺,Φ10,HRB400E,莱钢永锋,None,山东烟台,None,None
2024-05-24,盘螺,Φ10,HRB400E,石横特钢,None,山东烟台,None,None
2024-05-24,盘螺,Φ10,HRB400E,日照,None,山东烟台,None,None
2024-05-24,盘螺,Φ10,HRB400E,江苏镔鑫,None,山东烟台,None,None
2024-05-24,盘螺,Φ10,HRB400E,日钢营口,None,山东烟台,None,None
2024-05-24,盘螺,Φ12,HRB400E,莱钢永锋,None,山东烟台,None,None
2024-05-24,盘螺,Φ12,HRB400E,石横特钢,None,山东烟台,None,None
2024-05-24,盘螺,Φ6,HRB400E,莱钢永锋,None,山东烟台,None,None
2024-05-24,盘螺,Φ6,HRB400E,石横特钢,None,山东烟台,None,None
2024-05-24,盘螺,Φ8,HRB400E,莱钢永锋,None,山东烟台,None,None
2024-05-24,盘螺,Φ8,HRB400E,石横特钢,None,山东烟台,None,None
2024-05-24,盘螺,Φ8,HRB400E,日照,None,山东烟台,None,None
2024-05-24,盘螺,Φ8,HRB400E,江苏镔鑫,None,山东烟台,None,None
2024-05-24,盘螺,Φ8,HRB400E,日钢营口,None,山东烟台,None,None
2024-05-24,螺纹钢,Φ10,HRB400E,莱钢,None,山东烟台,None,None
2024-05-24,螺纹钢,Φ10,HRB400E,莱钢永锋,None,山东烟台,None,None
2024-05-24,螺纹钢,Φ10,HRB400E,石横特钢,None,山东烟台,None,None
2024-05-24,螺纹钢,Φ12,HRB400E,莱钢,None,山东烟台,None,None
2024-05-24,螺纹钢,Φ12,HRB400E,莱钢永锋,None,山东烟台,None,None
2024-05-24,螺纹钢,Φ12,HRB400E,石横特钢,None,山东烟台,None,None
2024-05-24,螺纹钢,Φ12,HRB400E,日照,None,山东烟台,None,None
2024-05-24,螺纹钢,Φ12,HRB400E,江苏镔鑫,None,山东烟台,None,None
2024-05-24,螺纹钢,Φ12-14,HRB500E,莱钢,None,山东烟台,None,None
2024-05-24,螺纹钢,Φ12-14,HRB500E,莱钢永锋,None,山东烟台,None,None
2024-05-24,螺纹钢,Φ12-14,HRB500E,石横特钢,None,山东烟台,None,None
2024-05-24,螺纹钢,Φ14,HRB400E,莱钢,None,山东烟台,None,None
2024-05-24,螺纹钢,Φ14,HRB400E,莱钢永锋,None,山东烟台,None,None
2024-05-24,螺纹钢,Φ14,HRB400E,石横特钢,None,山东烟台,None,None
2024-05-24,螺纹钢,Φ14,HRB400E,日照,None,山东烟台,None,None
2024-05-24,螺纹钢,Φ14,HRB400E,江苏镔鑫,None,山东烟台,None,None
2024-05-24,螺纹钢,Φ16,HRB400E,莱钢,None,山东烟台,None,None
2024-05-24,螺纹钢,Φ16,HRB400E,莱钢永锋,None,山东烟台,None,None
2024-05-24,螺纹钢,Φ16,HRB400E,石横特钢,None,山东烟台,None,None
2024-05-24,螺纹钢,Φ16,HRB400E,日照,None,山东烟台,None,None
2024-05-24,螺纹钢,Φ16,HRB400E,江苏镔鑫,None,山东烟台,None,None
2024-05-24,螺纹钢,Φ18,HRB400E,莱钢,None,山东烟台,None,None
2024-05-24,螺纹钢,Φ18,HRB400E,莱钢永锋,None,山东烟台,None,None
2024-05-24,螺纹钢,Φ18,HRB400E,石横特钢,None,山东烟台,None,None
2024-05-24,螺纹钢,Φ18,HRB400E,日照,None,山东烟台,None,None
2024-05-24,螺纹钢,Φ18,HRB400E,江苏镔鑫,None,山东烟台,None,None
2024-05-24,螺纹钢,Φ20,HRB400E,莱钢,None,山东烟台,None,None
2024-05-24,螺纹钢,Φ20,HRB400E,莱钢永锋,None,山东烟台,None,None
2024-05-24,螺纹钢,Φ20,HRB400E,石横特钢,None,山东烟台,None,None
2024-05-24,螺纹钢,Φ20,HRB400E,日照,None,山东烟台,None,None
2024-05-24,螺纹钢,Φ20,HRB400E,江苏镔鑫,None,山东烟台,None,None
2024-05-24,螺纹钢,Φ22,HRB400E,莱钢,None,山东烟台,None,None
2024-05-24,螺纹钢,Φ22,HRB400E,莱钢永锋,None,山东烟台,None,None
2024-05-24,螺纹钢,Φ22,HRB400E,石横特钢,None,山东烟台,None,None
2024-05-24,螺纹钢,Φ22,HRB400E,日照,None,山东烟台,None,None
2024-05-24,螺纹钢,Φ22,HRB400E,江苏镔鑫,None,山东烟台,None,None
2024-05-24,螺纹钢,Φ25,HRB400E,莱钢,None,山东烟台,None,None
2024-05-24,螺纹钢,Φ25,HRB400E,莱钢永锋,None,山东烟台,None,None
2024-05-24,螺纹钢,Φ25,HRB400E,石横特钢,None,山东烟台,None,None
2024-05-24,螺纹钢,Φ25,HRB400E,日照,None,山东烟台,None,None
2024-05-24,螺纹钢,Φ25,HRB400E,江苏镔鑫,None,山东烟台,None,None
2024-05-24,螺纹钢,Φ28-32,HRB400E,莱钢,None,山东烟台,None,None
2024-05-24,螺纹钢,Φ28-32,HRB400E,莱钢永锋,None,山东烟台,None,None
2024-05-24,螺纹钢,Φ28-32,HRB400E,石横特钢,None,山东烟台,None,None
2024-05-24,螺纹钢,Φ28-32,HRB400E,日照,None,山东烟台,None,None
2024-05-24,螺纹钢,Φ28-32,HRB400E,江苏镔鑫,None,山东烟台,None,None
2024-05-24,高线,Φ10,HPB300,莱钢永锋,None,山东烟台,None,None
2024-05-24,高线,Φ10,HPB300,石横特钢,None,山东烟台,None,None
2024-05-24,高线,Φ10,HPB300,江苏镔鑫,None,山东烟台,None,None
2024-05-24,高线,Φ12,HPB300,莱钢永锋,None,山东烟台,None,None
2024-05-24,高线,Φ12,HPB300,石横特钢,None,山东烟台,None,None
2024-05-24,高线,Φ6,HPB300,莱钢永锋,None,山东烟台,None,None
2024-05-24,高线,Φ6,HPB300,石横特钢,None,山东烟台,None,None
2024-05-24,高线,Φ6,HPB300,江苏镔鑫,None,山东烟台,None,None
2024-05-24,高线,Φ8,HPB300,莱钢永锋,None,山东烟台,None,None
2024-05-24,高线,Φ8,HPB300,石横特钢,None,山东烟台,None,None
2024-05-24,高线,Φ8,HPB300,江苏镔鑫,None,山东烟台,None,None
2024-05-23,圆钢,Φ12-22,HPB300,莱钢永锋,None,山东烟台,None,None
2024-05-23,圆钢,Φ12-22,HPB300,石横特钢,None,山东烟台,None,None
2024-05-23,圆钢,Φ25-32,HPB300,莱钢永锋,None,山东烟台,None,None
2024-05-23,圆钢,Φ25-32,HPB300,石横特钢,None,山东烟台,None,None
2024-05-23,盘螺,Φ10,HRB400E,莱钢永锋,None,山东烟台,None,None
2024-05-23,盘螺,Φ10,HRB400E,石横特钢,None,山东烟台,None,None
2024-05-23,盘螺,Φ10,HRB400E,日照,None,山东烟台,None,None
2024-05-23,盘螺,Φ10,HRB400E,江苏镔鑫,None,山东烟台,None,None
2024-05-23,盘螺,Φ10,HRB400E,日钢营口,None,山东烟台,None,None
2024-05-23,盘螺,Φ12,HRB400E,莱钢永锋,None,山东烟台,None,None
2024-05-23,盘螺,Φ12,HRB400E,石横特钢,None,山东烟台,None,None
2024-05-23,盘螺,Φ6,HRB400E,莱钢永锋,None,山东烟台,None,None
2024-05-23,盘螺,Φ6,HRB400E,石横特钢,None,山东烟台,None,None
2024-05-23,盘螺,Φ8,HRB400E,莱钢永锋,None,山东烟台,None,None
2024-05-23,盘螺,Φ8,HRB400E,石横特钢,None,山东烟台,None,None
2024-05-23,盘螺,Φ8,HRB400E,日照,None,山东烟台,None,None
2024-05-23,盘螺,Φ8,HRB400E,江苏镔鑫,None,山东烟台,None,None
2024-05-23,盘螺,Φ8,HRB400E,日钢营口,None,山东烟台,None,None
2024-05-23,螺纹钢,Φ10,HRB400E,莱钢,None,山东烟台,None,None
2024-05-23,螺纹钢,Φ10,HRB400E,莱钢永锋,None,山东烟台,None,None
2024-05-23,螺纹钢,Φ10,HRB400E,石横特钢,None,山东烟台,None,None
2024-05-23,螺纹钢,Φ12,HRB400E,莱钢,None,山东烟台,None,None
2024-05-23,螺纹钢,Φ12,HRB400E,莱钢永锋,None,山东烟台,None,None
2024-05-23,螺纹钢,Φ12,HRB400E,石横特钢,None,山东烟台,None,None
2024-05-23,螺纹钢,Φ12,HRB400E,日照,None,山东烟台,None,None
2024-05-23,螺纹钢,Φ12,HRB400E,江苏镔鑫,None,山东烟台,None,None
2024-05-23,螺纹钢,Φ12-14,HRB500E,莱钢,None,山东烟台,None,None
2024-05-23,螺纹钢,Φ12-14,HRB500E,莱钢永锋,None,山东烟台,None,None
2024-05-23,螺纹钢,Φ12-14,HRB500E,石横特钢,None,山东烟台,None,None
2024-05-23,螺纹钢,Φ14,HRB400E,莱钢,None,山东烟台,None,None
2024-05-23,螺纹钢,Φ14,HRB400E,莱钢永锋,None,山东烟台,None,None
2024-05-23,螺纹钢,Φ14,HRB400E,石横特钢,None,山东烟台,None,None
2024-05-23,螺纹钢,Φ14,HRB400E,日照,None,山东烟台,None,None
2024-05-23,螺纹钢,Φ14,HRB400E,江苏镔鑫,None,山东烟台,None,None
2024-05-23,螺纹钢,Φ16,HRB400E,莱钢,None,山东烟台,None,None
2024-05-23,螺纹钢,Φ16,HRB400E,莱钢永锋,None,山东烟台,None,None
2024-05-23,螺纹钢,Φ16,HRB400E,石横特钢,None,山东烟台,None,None
2024-05-23,螺纹钢,Φ16,HRB400E,日照,None,山东烟台,None,None
2024-05-23,螺纹钢,Φ16,HRB400E,江苏镔鑫,None,山东烟台,None,None
2024-05-23,螺纹钢,Φ18,HRB400E,莱钢,None,山东烟台,None,None
2024-05-23,螺纹钢,Φ18,HRB400E,莱钢永锋,None,山东烟台,None,None
2024-05-23,螺纹钢,Φ18,HRB400E,石横特钢,None,山东烟台,None,None
2024-05-23,螺纹钢,Φ18,HRB400E,日照,None,山东烟台,None,None
2024-05-23,螺纹钢,Φ18,HRB400E,江苏镔鑫,None,山东烟台,None,None
2024-05-23,螺纹钢,Φ20,HRB400E,莱钢,None,山东烟台,None,None
2024-05-23,螺纹钢,Φ20,HRB400E,莱钢永锋,None,山东烟台,None,None
2024-05-23,螺纹钢,Φ20,HRB400E,石横特钢,None,山东烟台,None,None
2024-05-23,螺纹钢,Φ20,HRB400E,日照,None,山东烟台,None,None
2024-05-23,螺纹钢,Φ20,HRB400E,江苏镔鑫,None,山东烟台,None,None
2024-05-23,螺纹钢,Φ22,HRB400E,莱钢,None,山东烟台,None,None
2024-05-23,螺纹钢,Φ22,HRB400E,莱钢永锋,None,山东烟台,None,None
2024-05-23,螺纹钢,Φ22,HRB400E,石横特钢,None,山东烟台,None,None
2024-05-23,螺纹钢,Φ22,HRB400E,日照,None,山东烟台,None,None
2024-05-23,螺纹钢,Φ22,HRB400E,江苏镔鑫,None,山东烟台,None,None
2024-05-23,螺纹钢,Φ25,HRB400E,莱钢,None,山东烟台,None,None
2024-05-23,螺纹钢,Φ25,HRB400E,莱钢永锋,None,山东烟台,None,None
2024-05-23,螺纹钢,Φ25,HRB400E,石横特钢,None,山东烟台,None,None
2024-05-23,螺纹钢,Φ25,HRB400E,日照,None,山东烟台,None,None
2024-05-23,螺纹钢,Φ25,HRB400E,江苏镔鑫,None,山东烟台,None,None
2024-05-23,螺纹钢,Φ28-32,HRB400E,莱钢,None,山东烟台,None,None
2024-05-23,螺纹钢,Φ28-32,HRB400E,莱钢永锋,None,山东烟台,None,None
2024-05-23,螺纹钢,Φ28-32,HRB400E,石横特钢,None,山东烟台,None,None
2024-05-23,螺纹钢,Φ28-32,HRB400E,日照,None,山东烟台,None,None
2024-05-23,螺纹钢,Φ28-32,HRB400E,江苏镔鑫,None,山东烟台,None,None
2024-05-23,高线,Φ10,HPB300,莱钢永锋,None,山东烟台,None,None
2024-05-23,高线,Φ10,HPB300,石横特钢,None,山东烟台,None,None
2024-05-23,高线,Φ10,HPB300,江苏镔鑫,None,山东烟台,None,None
2024-05-23,高线,Φ12,HPB300,莱钢永锋,None,山东烟台,None,None
2024-05-23,高线,Φ12,HPB300,石横特钢,None,山东烟台,None,None
2024-05-23,高线,Φ6,HPB300,莱钢永锋,None,山东烟台,None,None
2024-05-23,高线,Φ6,HPB300,石横特钢,None,山东烟台,None,None
2024-05-23,高线,Φ6,HPB300,江苏镔鑫,None,山东烟台,None,None
2024-05-23,高线,Φ8,HPB300,莱钢永锋,None,山东烟台,None,None
2024-05-23,高线,Φ8,HPB300,石横特钢,None,山东烟台,None,None
2024-05-23,高线,Φ8,HPB300,江苏镔鑫,None,山东烟台,None,None
2024-05-22,圆钢,Φ12-22,HPB300,莱钢永锋,None,山东烟台,None,None
2024-05-22,圆钢,Φ12-22,HPB300,石横特钢,None,山东烟台,None,None
2024-05-22,圆钢,Φ25-32,HPB300,莱钢永锋,None,山东烟台,None,None
2024-05-22,圆钢,Φ25-32,HPB300,石横特钢,None,山东烟台,None,None
2024-05-22,盘螺,Φ10,HRB400E,莱钢永锋,None,山东烟台,None,None
2024-05-22,盘螺,Φ10,HRB400E,石横特钢,None,山东烟台,None,None
2024-05-22,盘螺,Φ10,HRB400E,日照,None,山东烟台,None,None
2024-05-22,盘螺,Φ10,HRB400E,江苏镔鑫,None,山东烟台,None,None
2024-05-22,盘螺,Φ10,HRB400E,日钢营口,None,山东烟台,None,None
2024-05-22,盘螺,Φ12,HRB400E,莱钢永锋,None,山东烟台,None,None
2024-05-22,盘螺,Φ12,HRB400E,石横特钢,None,山东烟台,None,None
2024-05-22,盘螺,Φ6,HRB400E,莱钢永锋,None,山东烟台,None,None
2024-05-22,盘螺,Φ6,HRB400E,石横特钢,None,山东烟台,None,None
2024-05-22,盘螺,Φ8,HRB400E,莱钢永锋,None,山东烟台,None,None
2024-05-22,盘螺,Φ8,HRB400E,石横特钢,None,山东烟台,None,None
2024-05-22,盘螺,Φ8,HRB400E,日照,None,山东烟台,None,None
2024-05-22,盘螺,Φ8,HRB400E,江苏镔鑫,None,山东烟台,None,None
2024-05-22,盘螺,Φ8,HRB400E,日钢营口,None,山东烟台,None,None
2024-05-22,螺纹钢,Φ10,HRB400E,莱钢,None,山东烟台,None,None
2024-05-22,螺纹钢,Φ10,HRB400E,莱钢永锋,None,山东烟台,None,None
2024-05-22,螺纹钢,Φ10,HRB400E,石横特钢,None,山东烟台,None,None
2024-05-22,螺纹钢,Φ12,HRB400E,莱钢,None,山东烟台,None,None
2024-05-22,螺纹钢,Φ12,HRB400E,莱钢永锋,None,山东烟台,None,None
2024-05-22,螺纹钢,Φ12,HRB400E,石横特钢,None,山东烟台,None,None
2024-05-22,螺纹钢,Φ12,HRB400E,日照,None,山东烟台,None,None
2024-05-22,螺纹钢,Φ12,HRB400E,江苏镔鑫,None,山东烟台,None,None
2024-05-22,螺纹钢,Φ12-14,HRB500E,莱钢,None,山东烟台,None,None
2024-05-22,螺纹钢,Φ12-14,HRB500E,莱钢永锋,None,山东烟台,None,None
2024-05-22,螺纹钢,Φ12-14,HRB500E,石横特钢,None,山东烟台,None,None
2024-05-22,螺纹钢,Φ14,HRB400E,莱钢,None,山东烟台,None,None
2024-05-22,螺纹钢,Φ14,HRB400E,莱钢永锋,None,山东烟台,None,None
2024-05-22,螺纹钢,Φ14,HRB400E,石横特钢,None,山东烟台,None,None
2024-05-22,螺纹钢,Φ14,HRB400E,日照,None,山东烟台,None,None
2024-05-22,螺纹钢,Φ14,HRB400E,江苏镔鑫,None,山东烟台,None,None
2024-05-22,螺纹钢,Φ16,HRB400E,莱钢,None,山东烟台,None,None
2024-05-22,螺纹钢,Φ16,HRB400E,莱钢永锋,None,山东烟台,None,None
2024-05-22,螺纹钢,Φ16,HRB400E,石横特钢,None,山东烟台,None,None
2024-05-22,螺纹钢,Φ16,HRB400E,日照,None,山东烟台,None,None
2024-05-22,螺纹钢,Φ16,HRB400E,江苏镔鑫,None,山东烟台,None,None
2024-05-22,螺纹钢,Φ18,HRB400E,莱钢,None,山东烟台,None,None
2024-05-22,螺纹钢,Φ18,HRB400E,莱钢永锋,None,山东烟台,None,None
2024-05-22,螺纹钢,Φ18,HRB400E,石横特钢,None,山东烟台,None,None
2024-05-22,螺纹钢,Φ18,HRB400E,日照,None,山东烟台,None,None
2024-05-22,螺纹钢,Φ18,HRB400E,江苏镔鑫,None,山东烟台,None,None
2024-05-22,螺纹钢,Φ20,HRB400E,莱钢,None,山东烟台,None,None
2024-05-22,螺纹钢,Φ20,HRB400E,莱钢永锋,None,山东烟台,None,None
2024-05-22,螺纹钢,Φ20,HRB400E,石横特钢,None,山东烟台,None,None
2024-05-22,螺纹钢,Φ20,HRB400E,日照,None,山东烟台,None,None
2024-05-22,螺纹钢,Φ20,HRB400E,江苏镔鑫,None,山东烟台,None,None
2024-05-22,螺纹钢,Φ22,HRB400E,莱钢,None,山东烟台,None,None
2024-05-22,螺纹钢,Φ22,HRB400E,莱钢永锋,None,山东烟台,None,None
2024-05-22,螺纹钢,Φ22,HRB400E,石横特钢,None,山东烟台,None,None
2024-05-22,螺纹钢,Φ22,HRB400E,日照,None,山东烟台,None,None
2024-05-22,螺纹钢,Φ22,HRB400E,江苏镔鑫,None,山东烟台,None,None
2024-05-22,螺纹钢,Φ25,HRB400E,莱钢,None,山东烟台,None,None
2024-05-22,螺纹钢,Φ25,HRB400E,莱钢永锋,None,山东烟台,None,None
2024-05-22,螺纹钢,Φ25,HRB400E,石横特钢,None,山东烟台,None,None
2024-05-22,螺纹钢,Φ25,HRB400E,日照,None,山东烟台,None,None
2024-05-22,螺纹钢,Φ25,HRB400E,江苏镔鑫,None,山东烟台,None,None
2024-05-22,螺纹钢,Φ28-32,HRB400E,莱钢,None,山东烟台,None,None
2024-05-22,螺纹钢,Φ28-32,HRB400E,莱钢永锋,None,山东烟台,None,None
2024-05-22,螺纹钢,Φ28-32,HRB400E,石横特钢,None,山东烟台,None,None
2024-05-22,螺纹钢,Φ28-32,HRB400E,日照,None,山东烟台,None,None
2024-05-22,螺纹钢,Φ28-32,HRB400E,江苏镔鑫,None,山东烟台,None,None
2024-05-22,高线,Φ10,HPB300,莱钢永锋,None,山东烟台,None,None
2024-05-22,高线,Φ10,HPB300,石横特钢,None,山东烟台,None,None
2024-05-22,高线,Φ10,HPB300,江苏镔鑫,None,山东烟台,None,None
2024-05-22,高线,Φ12,HPB300,莱钢永锋,None,山东烟台,None,None
2024-05-22,高线,Φ12,HPB300,石横特钢,None,山东烟台,None,None
2024-05-22,高线,Φ6,HPB300,莱钢永锋,None,山东烟台,None,None
2024-05-22,高线,Φ6,HPB300,石横特钢,None,山东烟台,None,None
2024-05-22,高线,Φ6,HPB300,江苏镔鑫,None,山东烟台,None,None
2024-05-22,高线,Φ8,HPB300,莱钢永锋,None,山东烟台,None,None
2024-05-22,高线,Φ8,HPB300,石横特钢,None,山东烟台,None,None
2024-05-22,高线,Φ8,HPB300,江苏镔鑫,None,山东烟台,None,None
2024-05-21,圆钢,Φ12-22,HPB300,莱钢永锋,None,山东烟台,None,None
2024-05-21,圆钢,Φ12-22,HPB300,石横特钢,None,山东烟台,None,None
2024-05-21,圆钢,Φ25-32,HPB300,莱钢永锋,None,山东烟台,None,None
2024-05-21,圆钢,Φ25-32,HPB300,石横特钢,None,山东烟台,None,None
2024-05-21,盘螺,Φ10,HRB400E,莱钢永锋,None,山东烟台,None,None
2024-05-21,盘螺,Φ10,HRB400E,石横特钢,None,山东烟台,None,None
2024-05-21,盘螺,Φ10,HRB400E,日照,None,山东烟台,None,None
2024-05-21,盘螺,Φ10,HRB400E,江苏镔鑫,None,山东烟台,None,None
2024-05-21,盘螺,Φ10,HRB400E,日钢营口,None,山东烟台,None,None
2024-05-21,盘螺,Φ12,HRB400E,莱钢永锋,None,山东烟台,None,None
2024-05-21,盘螺,Φ12,HRB400E,石横特钢,None,山东烟台,None,None
2024-05-21,盘螺,Φ6,HRB400E,莱钢永锋,None,山东烟台,None,None
2024-05-21,盘螺,Φ6,HRB400E,石横特钢,None,山东烟台,None,None
2024-05-21,盘螺,Φ8,HRB400E,莱钢永锋,None,山东烟台,None,None
2024-05-21,盘螺,Φ8,HRB400E,石横特钢,None,山东烟台,None,None
2024-05-21,盘螺,Φ8,HRB400E,日照,None,山东烟台,None,None
2024-05-21,盘螺,Φ8,HRB400E,江苏镔鑫,None,山东烟台,None,None
2024-05-21,盘螺,Φ8,HRB400E,日钢营口,None,山东烟台,None,None
2024-05-21,螺纹钢,Φ10,HRB400E,莱钢,None,山东烟台,None,None
2024-05-21,螺纹钢,Φ10,HRB400E,莱钢永锋,None,山东烟台,None,None
2024-05-21,螺纹钢,Φ10,HRB400E,石横特钢,None,山东烟台,None,None
2024-05-21,螺纹钢,Φ12,HRB400E,莱钢,None,山东烟台,None,None
2024-05-21,螺纹钢,Φ12,HRB400E,莱钢永锋,None,山东烟台,None,None
2024-05-21,螺纹钢,Φ12,HRB400E,石横特钢,None,山东烟台,None,None
2024-05-21,螺纹钢,Φ12,HRB400E,日照,None,山东烟台,None,None
2024-05-21,螺纹钢,Φ12,HRB400E,江苏镔鑫,None,山东烟台,None,None
2024-05-21,螺纹钢,Φ12-14,HRB500E,莱钢,None,山东烟台,None,None
2024-05-21,螺纹钢,Φ12-14,HRB500E,莱钢永锋,None,山东烟台,None,None
2024-05-21,螺纹钢,Φ12-14,HRB500E,石横特钢,None,山东烟台,None,None
2024-05-21,螺纹钢,Φ14,HRB400E,莱钢,None,山东烟台,None,None
2024-05-21,螺纹钢,Φ14,HRB400E,莱钢永锋,None,山东烟台,None,None
2024-05-21,螺纹钢,Φ14,HRB400E,石横特钢,None,山东烟台,None,None
2024-05-21,螺纹钢,Φ14,HRB400E,日照,None,山东烟台,None,None
2024-05-21,螺纹钢,Φ14,HRB400E,江苏镔鑫,None,山东烟台,None,None
2024-05-21,螺纹钢,Φ16,HRB400E,莱钢,None,山东烟台,None,None
2024-05-21,螺纹钢,Φ16,HRB400E,莱钢永锋,None,山东烟台,None,None
2024-05-21,螺纹钢,Φ16,HRB400E,石横特钢,None,山东烟台,None,None
2024-05-21,螺纹钢,Φ16,HRB400E,日照,None,山东烟台,None,None
2024-05-21,螺纹钢,Φ16,HRB400E,江苏镔鑫,None,山东烟台,None,None
2024-05-21,螺纹钢,Φ18,HRB400E,莱钢,None,山东烟台,None,None
2024-05-21,螺纹钢,Φ18,HRB400E,莱钢永锋,None,山东烟台,None,None
2024-05-21,螺纹钢,Φ18,HRB400E,石横特钢,None,山东烟台,None,None
2024-05-21,螺纹钢,Φ18,HRB400E,日照,None,山东烟台,None,None
2024-05-21,螺纹钢,Φ18,HRB400E,江苏镔鑫,None,山东烟台,None,None
2024-05-21,螺纹钢,Φ20,HRB400E,莱钢,None,山东烟台,None,None
2024-05-21,螺纹钢,Φ20,HRB400E,莱钢永锋,None,山东烟台,None,None
2024-05-21,螺纹钢,Φ20,HRB400E,石横特钢,None,山东烟台,None,None
2024-05-21,螺纹钢,Φ20,HRB400E,日照,None,山东烟台,None,None
2024-05-21,螺纹钢,Φ20,HRB400E,江苏镔鑫,None,山东烟台,None,None
2024-05-21,螺纹钢,Φ22,HRB400E,莱钢,None,山东烟台,None,None
2024-05-21,螺纹钢,Φ22,HRB400E,莱钢永锋,None,山东烟台,None,None
2024-05-21,螺纹钢,Φ22,HRB400E,石横特钢,None,山东烟台,None,None
2024-05-21,螺纹钢,Φ22,HRB400E,日照,None,山东烟台,None,None
2024-05-21,螺纹钢,Φ22,HRB400E,江苏镔鑫,None,山东烟台,None,None
2024-05-21,螺纹钢,Φ25,HRB400E,莱钢,None,山东烟台,None,None
2024-05-21,螺纹钢,Φ25,HRB400E,莱钢永锋,None,山东烟台,None,None
2024-05-21,螺纹钢,Φ25,HRB400E,石横特钢,None,山东烟台,None,None
2024-05-21,螺纹钢,Φ25,HRB400E,日照,None,山东烟台,None,None
2024-05-21,螺纹钢,Φ25,HRB400E,江苏镔鑫,None,山东烟台,None,None
2024-05-21,螺纹钢,Φ28-32,HRB400E,莱钢,None,山东烟台,None,None
2024-05-21,螺纹钢,Φ28-32,HRB400E,莱钢永锋,None,山东烟台,None,None
2024-05-21,螺纹钢,Φ28-32,HRB400E,石横特钢,None,山东烟台,None,None
2024-05-21,螺纹钢,Φ28-32,HRB400E,日照,None,山东烟台,None,None
2024-05-21,螺纹钢,Φ28-32,HRB400E,江苏镔鑫,None,山东烟台,None,None
2024-05-21,高线,Φ10,HPB300,莱钢永锋,None,山东烟台,None,None
2024-05-21,高线,Φ10,HPB300,石横特钢,None,山东烟台,None,None
2024-05-21,高线,Φ10,HPB300,江苏镔鑫,None,山东烟台,None,None
2024-05-21,高线,Φ12,HPB300,莱钢永锋,None,山东烟台,None,None
2024-05-21,高线,Φ12,HPB300,石横特钢,None,山东烟台,None,None
2024-05-21,高线,Φ6,HPB300,莱钢永锋,None,山东烟台,None,None
2024-05-21,高线,Φ6,HPB300,石横特钢,None,山东烟台,None,None
2024-05-21,高线,Φ6,HPB300,江苏镔鑫,None,山东烟台,None,None
2024-05-21,高线,Φ8,HPB300,莱钢永锋,None,山东烟台,None,None
2024-05-21,高线,Φ8,HPB300,石横特钢,None,山东烟台,None,None
2024-05-21,高线,Φ8,HPB300,江苏镔鑫,None,山东烟台,None,None
2024-05-20,圆钢,Φ12-22,HPB300,莱钢永锋,None,山东烟台,None,None
2024-05-20,圆钢,Φ12-22,HPB300,石横特钢,None,山东烟台,None,None
2024-05-20,圆钢,Φ25-32,HPB300,莱钢永锋,None,山东烟台,None,None
2024-05-20,圆钢,Φ25-32,HPB300,石横特钢,None,山东烟台,None,None
2024-05-20,盘螺,Φ10,HRB400E,莱钢永锋,None,山东烟台,None,None
2024-05-20,盘螺,Φ10,HRB400E,石横特钢,None,山东烟台,None,None
2024-05-20,盘螺,Φ10,HRB400E,日照,None,山东烟台,None,None
2024-05-20,盘螺,Φ10,HRB400E,江苏镔鑫,None,山东烟台,None,None
2024-05-20,盘螺,Φ10,HRB400E,日钢营口,None,山东烟台,None,None
2024-05-20,盘螺,Φ12,HRB400E,莱钢永锋,None,山东烟台,None,None
2024-05-20,盘螺,Φ12,HRB400E,石横特钢,None,山东烟台,None,None
2024-05-20,盘螺,Φ6,HRB400E,莱钢永锋,None,山东烟台,None,None
2024-05-20,盘螺,Φ6,HRB400E,石横特钢,None,山东烟台,None,None
2024-05-20,盘螺,Φ8,HRB400E,莱钢永锋,None,山东烟台,None,None
2024-05-20,盘螺,Φ8,HRB400E,石横特钢,None,山东烟台,None,None
2024-05-20,盘螺,Φ8,HRB400E,日照,None,山东烟台,None,None
2024-05-20,盘螺,Φ8,HRB400E,江苏镔鑫,None,山东烟台,None,None
2024-05-20,盘螺,Φ8,HRB400E,日钢营口,None,山东烟台,None,None
2024-05-20,螺纹钢,Φ10,HRB400E,莱钢,None,山东烟台,None,None
2024-05-20,螺纹钢,Φ10,HRB400E,莱钢永锋,None,山东烟台,None,None
2024-05-20,螺纹钢,Φ10,HRB400E,石横特钢,None,山东烟台,None,None
2024-05-20,螺纹钢,Φ12,HRB400E,莱钢,None,山东烟台,None,None
2024-05-20,螺纹钢,Φ12,HRB400E,莱钢永锋,None,山东烟台,None,None
2024-05-20,螺纹钢,Φ12,HRB400E,石横特钢,None,山东烟台,None,None
2024-05-20,螺纹钢,Φ12,HRB400E,日照,None,山东烟台,None,None
2024-05-20,螺纹钢,Φ12,HRB400E,江苏镔鑫,None,山东烟台,None,None
2024-05-20,螺纹钢,Φ12-14,HRB500E,莱钢,None,山东烟台,None,None
2024-05-20,螺纹钢,Φ12-14,HRB500E,莱钢永锋,None,山东烟台,None,None
2024-05-20,螺纹钢,Φ12-14,HRB500E,石横特钢,None,山东烟台,None,None
2024-05-20,螺纹钢,Φ14,HRB400E,莱钢,None,山东烟台,None,None
2024-05-20,螺纹钢,Φ14,HRB400E,莱钢永锋,None,山东烟台,None,None
2024-05-20,螺纹钢,Φ14,HRB400E,石横特钢,None,山东烟台,None,None
2024-05-20,螺纹钢,Φ14,HRB400E,日照,None,山东烟台,None,None
2024-05-20,螺纹钢,Φ14,HRB400E,江苏镔鑫,None,山东烟台,None,None
2024-05-20,螺纹钢,Φ16,HRB400E,莱钢,None,山东烟台,None,None
2024-05-20,螺纹钢,Φ16,HRB400E,莱钢永锋,None,山东烟台,None,None
2024-05-20,螺纹钢,Φ16,HRB400E,石横特钢,None,山东烟台,None,None
2024-05-20,螺纹钢,Φ16,HRB400E,日照,None,山东烟台,None,None
2024-05-20,螺纹钢,Φ16,HRB400E,江苏镔鑫,None,山东烟台,None,None
2024-05-20,螺纹钢,Φ18,HRB400E,莱钢,None,山东烟台,None,None
2024-05-20,螺纹钢,Φ18,HRB400E,莱钢永锋,None,山东烟台,None,None
2024-05-20,螺纹钢,Φ18,HRB400E,石横特钢,None,山东烟台,None,None
2024-05-20,螺纹钢,Φ18,HRB400E,日照,None,山东烟台,None,None
2024-05-20,螺纹钢,Φ18,HRB400E,江苏镔鑫,None,山东烟台,None,None
2024-05-20,螺纹钢,Φ20,HRB400E,莱钢,None,山东烟台,None,None
2024-05-20,螺纹钢,Φ20,HRB400E,莱钢永锋,None,山东烟台,None,None
2024-05-20,螺纹钢,Φ20,HRB400E,石横特钢,None,山东烟台,None,None
2024-05-20,螺纹钢,Φ20,HRB400E,日照,None,山东烟台,None,None
2024-05-20,螺纹钢,Φ20,HRB400E,江苏镔鑫,None,山东烟台,None,None
2024-05-20,螺纹钢,Φ22,HRB400E,莱钢,None,山东烟台,None,None
2024-05-20,螺纹钢,Φ22,HRB400E,莱钢永锋,None,山东烟台,None,None
2024-05-20,螺纹钢,Φ22,HRB400E,石横特钢,None,山东烟台,None,None
2024-05-20,螺纹钢,Φ22,HRB400E,日照,None,山东烟台,None,None
2024-05-20,螺纹钢,Φ22,HRB400E,江苏镔鑫,None,山东烟台,None,None
2024-05-20,螺纹钢,Φ25,HRB400E,莱钢,None,山东烟台,None,None
2024-05-20,螺纹钢,Φ25,HRB400E,莱钢永锋,None,山东烟台,None,None
2024-05-20,螺纹钢,Φ25,HRB400E,石横特钢,None,山东烟台,None,None
2024-05-20,螺纹钢,Φ25,HRB400E,日照,None,山东烟台,None,None
2024-05-20,螺纹钢,Φ25,HRB400E,江苏镔鑫,None,山东烟台,None,None
2024-05-20,螺纹钢,Φ28-32,HRB400E,莱钢,None,山东烟台,None,None
2024-05-20,螺纹钢,Φ28-32,HRB400E,莱钢永锋,None,山东烟台,None,None
2024-05-20,螺纹钢,Φ28-32,HRB400E,石横特钢,None,山东烟台,None,None
2024-05-20,螺纹钢,Φ28-32,HRB400E,日照,None,山东烟台,None,None
2024-05-20,螺纹钢,Φ28-32,HRB400E,江苏镔鑫,None,山东烟台,None,None
2024-05-20,高线,Φ10,HPB300,莱钢永锋,None,山东烟台,None,None
2024-05-20,高线,Φ10,HPB300,石横特钢,None,山东烟台,None,None
2024-05-20,高线,Φ10,HPB300,江苏镔鑫,None,山东烟台,None,None
2024-05-20,高线,Φ12,HPB300,莱钢永锋,None,山东烟台,None,None
2024-05-20,高线,Φ12,HPB300,石横特钢,None,山东烟台,None,None
2024-05-20,高线,Φ6,HPB300,莱钢永锋,None,山东烟台,None,None
2024-05-20,高线,Φ6,HPB300,石横特钢,None,山东烟台,None,None
2024-05-20,高线,Φ6,HPB300,江苏镔鑫,None,山东烟台,None,None
2024-05-20,高线,Φ8,HPB300,莱钢永锋,None,山东烟台,None,None
2024-05-20,高线,Φ8,HPB300,石横特钢,None,山东烟台,None,None
2024-05-20,高线,Φ8,HPB300,江苏镔鑫,None,山东烟台,None,None
2024-05-17,圆钢,Φ12-22,HPB300,莱钢永锋,None,山东烟台,None,None
2024-05-17,圆钢,Φ12-22,HPB300,石横特钢,None,山东烟台,None,None
2024-05-17,圆钢,Φ25-32,HPB300,莱钢永锋,None,山东烟台,None,None
2024-05-17,圆钢,Φ25-32,HPB300,石横特钢,None,山东烟台,None,None
2024-05-17,盘螺,Φ10,HRB400E,莱钢永锋,None,山东烟台,None,None
2024-05-17,盘螺,Φ10,HRB400E,石横特钢,None,山东烟台,None,None
2024-05-17,盘螺,Φ10,HRB400E,日照,None,山东烟台,None,None
2024-05-17,盘螺,Φ10,HRB400E,江苏镔鑫,None,山东烟台,None,None
2024-05-17,盘螺,Φ10,HRB400E,日钢营口,None,山东烟台,None,None
2024-05-17,盘螺,Φ12,HRB400E,莱钢永锋,None,山东烟台,None,None
2024-05-17,盘螺,Φ12,HRB400E,石横特钢,None,山东烟台,None,None
2024-05-17,盘螺,Φ6,HRB400E,莱钢永锋,None,山东烟台,None,None
2024-05-17,盘螺,Φ6,HRB400E,石横特钢,None,山东烟台,None,None
2024-05-17,盘螺,Φ8,HRB400E,莱钢永锋,None,山东烟台,None,None
2024-05-17,盘螺,Φ8,HRB400E,石横特钢,None,山东烟台,None,None
2024-05-17,盘螺,Φ8,HRB400E,日照,None,山东烟台,None,None
2024-05-17,盘螺,Φ8,HRB400E,江苏镔鑫,None,山东烟台,None,None
2024-05-17,盘螺,Φ8,HRB400E,日钢营口,None,山东烟台,None,None
2024-05-17,螺纹钢,Φ10,HRB400E,莱钢,None,山东烟台,None,None
2024-05-17,螺纹钢,Φ10,HRB400E,莱钢永锋,None,山东烟台,None,None
2024-05-17,螺纹钢,Φ10,HRB400E,石横特钢,None,山东烟台,None,None
2024-05-17,螺纹钢,Φ12,HRB400E,莱钢,None,山东烟台,None,None
2024-05-17,螺纹钢,Φ12,HRB400E,莱钢永锋,None,山东烟台,None,None
2024-05-17,螺纹钢,Φ12,HRB400E,石横特钢,None,山东烟台,None,None
2024-05-17,螺纹钢,Φ12,HRB400E,日照,None,山东烟台,None,None
2024-05-17,螺纹钢,Φ12,HRB400E,江苏镔鑫,None,山东烟台,None,None
2024-05-17,螺纹钢,Φ12-14,HRB500E,莱钢,None,山东烟台,None,None
2024-05-17,螺纹钢,Φ12-14,HRB500E,莱钢永锋,None,山东烟台,None,None
2024-05-17,螺纹钢,Φ12-14,HRB500E,石横特钢,None,山东烟台,None,None
2024-05-17,螺纹钢,Φ14,HRB400E,莱钢,None,山东烟台,None,None
2024-05-17,螺纹钢,Φ14,HRB400E,莱钢永锋,None,山东烟台,None,None
2024-05-17,螺纹钢,Φ14,HRB400E,石横特钢,None,山东烟台,None,None
2024-05-17,螺纹钢,Φ14,HRB400E,日照,None,山东烟台,None,None
2024-05-17,螺纹钢,Φ14,HRB400E,江苏镔鑫,None,山东烟台,None,None
2024-05-17,螺纹钢,Φ16,HRB400E,莱钢,None,山东烟台,None,None
2024-05-17,螺纹钢,Φ16,HRB400E,莱钢永锋,None,山东烟台,None,None
2024-05-17,螺纹钢,Φ16,HRB400E,石横特钢,None,山东烟台,None,None
2024-05-17,螺纹钢,Φ16,HRB400E,日照,None,山东烟台,None,None
2024-05-17,螺纹钢,Φ16,HRB400E,江苏镔鑫,None,山东烟台,None,None
2024-05-17,螺纹钢,Φ18,HRB400E,莱钢,None,山东烟台,None,None
2024-05-17,螺纹钢,Φ18,HRB400E,莱钢永锋,None,山东烟台,None,None
2024-05-17,螺纹钢,Φ18,HRB400E,石横特钢,None,山东烟台,None,None
2024-05-17,螺纹钢,Φ18,HRB400E,日照,None,山东烟台,None,None
2024-05-17,螺纹钢,Φ18,HRB400E,江苏镔鑫,None,山东烟台,None,None
2024-05-17,螺纹钢,Φ20,HRB400E,莱钢,None,山东烟台,None,None
2024-05-17,螺纹钢,Φ20,HRB400E,莱钢永锋,None,山东烟台,None,None
2024-05-17,螺纹钢,Φ20,HRB400E,石横特钢,None,山东烟台,None,None
2024-05-17,螺纹钢,Φ20,HRB400E,日照,None,山东烟台,None,None
2024-05-17,螺纹钢,Φ20,HRB400E,江苏镔鑫,None,山东烟台,None,None
2024-05-17,螺纹钢,Φ22,HRB400E,莱钢,None,山东烟台,None,None
2024-05-17,螺纹钢,Φ22,HRB400E,莱钢永锋,None,山东烟台,None,None
2024-05-17,螺纹钢,Φ22,HRB400E,石横特钢,None,山东烟台,None,None
2024-05-17,螺纹钢,Φ22,HRB400E,日照,None,山东烟台,None,None
2024-05-17,螺纹钢,Φ22,HRB400E,江苏镔鑫,None,山东烟台,None,None
2024-05-17,螺纹钢,Φ25,HRB400E,莱钢,None,山东烟台,None,None
2024-05-17,螺纹钢,Φ25,HRB400E,莱钢永锋,None,山东烟台,None,None
2024-05-17,螺纹钢,Φ25,HRB400E,石横特钢,None,山东烟台,None,None
2024-05-17,螺纹钢,Φ25,HRB400E,日照,None,山东烟台,None,None
2024-05-17,螺纹钢,Φ25,HRB400E,江苏镔鑫,None,山东烟台,None,None
2024-05-17,螺纹钢,Φ28-32,HRB400E,莱钢,None,山东烟台,None,None
2024-05-17,螺纹钢,Φ28-32,HRB400E,莱钢永锋,None,山东烟台,None,None
2024-05-17,螺纹钢,Φ28-32,HRB400E,石横特钢,None,山东烟台,None,None
2024-05-17,螺纹钢,Φ28-32,HRB400E,日照,None,山东烟台,None,None
2024-05-17,螺纹钢,Φ28-32,HRB400E,江苏镔鑫,None,山东烟台,None,None
2024-05-17,高线,Φ10,HPB300,莱钢永锋,None,山东烟台,None,None
2024-05-17,高线,Φ10,HPB300,石横特钢,None,山东烟台,None,None
2024-05-17,高线,Φ10,HPB300,江苏镔鑫,None,山东烟台,None,None
2024-05-17,高线,Φ12,HPB300,莱钢永锋,None,山东烟台,None,None
2024-05-17,高线,Φ12,HPB300,石横特钢,None,山东烟台,None,None
2024-05-17,高线,Φ6,HPB300,莱钢永锋,None,山东烟台,None,None
2024-05-17,高线,Φ6,HPB300,石横特钢,None,山东烟台,None,None
2024-05-17,高线,Φ6,HPB300,江苏镔鑫,None,山东烟台,None,None
2024-05-17,高线,Φ8,HPB300,莱钢永锋,None,山东烟台,None,None
2024-05-17,高线,Φ8,HPB300,石横特钢,None,山东烟台,None,None
2024-05-17,高线,Φ8,HPB300,江苏镔鑫,None,山东烟台,None,None
2024-05-16,圆钢,Φ12-22,HPB300,莱钢永锋,None,山东烟台,None,None
2024-05-16,圆钢,Φ12-22,HPB300,石横特钢,None,山东烟台,None,None
2024-05-16,圆钢,Φ25-32,HPB300,莱钢永锋,None,山东烟台,None,None
2024-05-16,圆钢,Φ25-32,HPB300,石横特钢,None,山东烟台,None,None
2024-05-16,盘螺,Φ10,HRB400E,莱钢永锋,None,山东烟台,None,None
2024-05-16,盘螺,Φ10,HRB400E,石横特钢,None,山东烟台,None,None
2024-05-16,盘螺,Φ10,HRB400E,日照,None,山东烟台,None,None
2024-05-16,盘螺,Φ10,HRB400E,江苏镔鑫,None,山东烟台,None,None
2024-05-16,盘螺,Φ10,HRB400E,日钢营口,None,山东烟台,None,None
2024-05-16,盘螺,Φ12,HRB400E,莱钢永锋,None,山东烟台,None,None
2024-05-16,盘螺,Φ12,HRB400E,石横特钢,None,山东烟台,None,None
2024-05-16,盘螺,Φ6,HRB400E,莱钢永锋,None,山东烟台,None,None
2024-05-16,盘螺,Φ6,HRB400E,石横特钢,None,山东烟台,None,None
2024-05-16,盘螺,Φ8,HRB400E,莱钢永锋,None,山东烟台,None,None
2024-05-16,盘螺,Φ8,HRB400E,石横特钢,None,山东烟台,None,None
2024-05-16,盘螺,Φ8,HRB400E,日照,None,山东烟台,None,None
2024-05-16,盘螺,Φ8,HRB400E,江苏镔鑫,None,山东烟台,None,None
2024-05-16,盘螺,Φ8,HRB400E,日钢营口,None,山东烟台,None,None
2024-05-16,螺纹钢,Φ10,HRB400E,莱钢,None,山东烟台,None,None
2024-05-16,螺纹钢,Φ10,HRB400E,莱钢永锋,None,山东烟台,None,None
2024-05-16,螺纹钢,Φ10,HRB400E,石横特钢,None,山东烟台,None,None
2024-05-16,螺纹钢,Φ12,HRB400E,莱钢,None,山东烟台,None,None
2024-05-16,螺纹钢,Φ12,HRB400E,莱钢永锋,None,山东烟台,None,None
2024-05-16,螺纹钢,Φ12,HRB400E,石横特钢,None,山东烟台,None,None
2024-05-16,螺纹钢,Φ12,HRB400E,日照,None,山东烟台,None,None
2024-05-16,螺纹钢,Φ12,HRB400E,江苏镔鑫,None,山东烟台,None,None
2024-05-16,螺纹钢,Φ12-14,HRB500E,莱钢,None,山东烟台,None,None
2024-05-16,螺纹钢,Φ12-14,HRB500E,莱钢永锋,None,山东烟台,None,None
2024-05-16,螺纹钢,Φ12-14,HRB500E,石横特钢,None,山东烟台,None,None
2024-05-16,螺纹钢,Φ14,HRB400E,莱钢,None,山东烟台,None,None
2024-05-16,螺纹钢,Φ14,HRB400E,莱钢永锋,None,山东烟台,None,None
2024-05-16,螺纹钢,Φ14,HRB400E,石横特钢,None,山东烟台,None,None
2024-05-16,螺纹钢,Φ14,HRB400E,日照,None,山东烟台,None,None
2024-05-16,螺纹钢,Φ14,HRB400E,江苏镔鑫,None,山东烟台,None,None
2024-05-16,螺纹钢,Φ16,HRB400E,莱钢,None,山东烟台,None,None
2024-05-16,螺纹钢,Φ16,HRB400E,莱钢永锋,None,山东烟台,None,None
2024-05-16,螺纹钢,Φ16,HRB400E,石横特钢,None,山东烟台,None,None
2024-05-16,螺纹钢,Φ16,HRB400E,日照,None,山东烟台,None,None
2024-05-16,螺纹钢,Φ16,HRB400E,江苏镔鑫,None,山东烟台,None,None
2024-05-16,螺纹钢,Φ18,HRB400E,莱钢,None,山东烟台,None,None
2024-05-16,螺纹钢,Φ18,HRB400E,莱钢永锋,None,山东烟台,None,None
2024-05-16,螺纹钢,Φ18,HRB400E,石横特钢,None,山东烟台,None,None
2024-05-16,螺纹钢,Φ18,HRB400E,日照,None,山东烟台,None,None
2024-05-16,螺纹钢,Φ18,HRB400E,江苏镔鑫,None,山东烟台,None,None
2024-05-16,螺纹钢,Φ20,HRB400E,莱钢,None,山东烟台,None,None
2024-05-16,螺纹钢,Φ20,HRB400E,莱钢永锋,None,山东烟台,None,None
2024-05-16,螺纹钢,Φ20,HRB400E,石横特钢,None,山东烟台,None,None
2024-05-16,螺纹钢,Φ20,HRB400E,日照,None,山东烟台,None,None
2024-05-16,螺纹钢,Φ20,HRB400E,江苏镔鑫,None,山东烟台,None,None
2024-05-16,螺纹钢,Φ22,HRB400E,莱钢,None,山东烟台,None,None
2024-05-16,螺纹钢,Φ22,HRB400E,莱钢永锋,None,山东烟台,None,None
2024-05-16,螺纹钢,Φ22,HRB400E,石横特钢,None,山东烟台,None,None
2024-05-16,螺纹钢,Φ22,HRB400E,日照,None,山东烟台,None,None
2024-05-16,螺纹钢,Φ22,HRB400E,江苏镔鑫,None,山东烟台,None,None
2024-05-16,螺纹钢,Φ25,HRB400E,莱钢,None,山东烟台,None,None
2024-05-16,螺纹钢,Φ25,HRB400E,莱钢永锋,None,山东烟台,None,None
2024-05-16,螺纹钢,Φ25,HRB400E,石横特钢,None,山东烟台,None,None
2024-05-16,螺纹钢,Φ25,HRB400E,日照,None,山东烟台,None,None
2024-05-16,螺纹钢,Φ25,HRB400E,江苏镔鑫,None,山东烟台,None,None
2024-05-16,螺纹钢,Φ28-32,HRB400E,莱钢,None,山东烟台,None,None
2024-05-16,螺纹钢,Φ28-32,HRB400E,莱钢永锋,None,山东烟台,None,None
2024-05-16,螺纹钢,Φ28-32,HRB400E,石横特钢,None,山东烟台,None,None
2024-05-16,螺纹钢,Φ28-32,HRB400E,日照,None,山东烟台,None,None
2024-05-16,螺纹钢,Φ28-32,HRB400E,江苏镔鑫,None,山东烟台,None,None
2024-05-16,高线,Φ10,HPB300,莱钢永锋,None,山东烟台,None,None
2024-05-16,高线,Φ10,HPB300,石横特钢,None,山东烟台,None,None
2024-05-16,高线,Φ10,HPB300,江苏镔鑫,None,山东烟台,None,None
2024-05-16,高线,Φ12,HPB300,莱钢永锋,None,山东烟台,None,None
2024-05-16,高线,Φ12,HPB300,石横特钢,None,山东烟台,None,None
2024-05-16,高线,Φ6,HPB300,莱钢永锋,None,山东烟台,None,None
2024-05-16,高线,Φ6,HPB300,石横特钢,None,山东烟台,None,None
2024-05-16,高线,Φ6,HPB300,江苏镔鑫,None,山东烟台,None,None
2024-05-16,高线,Φ8,HPB300,莱钢永锋,None,山东烟台,None,None
2024-05-16,高线,Φ8,HPB300,石横特钢,None,山东烟台,None,None
2024-05-16,高线,Φ8,HPB300,江苏镔鑫,None,山东烟台,None,None
2024-05-15,圆钢,Φ12-22,HPB300,莱钢永锋,None,山东烟台,None,None
2024-05-15,圆钢,Φ12-22,HPB300,石横特钢,None,山东烟台,None,None
2024-05-15,圆钢,Φ25-32,HPB300,莱钢永锋,None,山东烟台,None,None
2024-05-15,圆钢,Φ25-32,HPB300,石横特钢,None,山东烟台,None,None
2024-05-15,盘螺,Φ10,HRB400E,莱钢永锋,None,山东烟台,None,None
2024-05-15,盘螺,Φ10,HRB400E,石横特钢,None,山东烟台,None,None
2024-05-15,盘螺,Φ10,HRB400E,日照,None,山东烟台,None,None
2024-05-15,盘螺,Φ10,HRB400E,江苏镔鑫,None,山东烟台,None,None
2024-05-15,盘螺,Φ10,HRB400E,日钢营口,None,山东烟台,None,None
2024-05-15,盘螺,Φ12,HRB400E,莱钢永锋,None,山东烟台,None,None
2024-05-15,盘螺,Φ12,HRB400E,石横特钢,None,山东烟台,None,None
2024-05-15,盘螺,Φ6,HRB400E,莱钢永锋,None,山东烟台,None,None
2024-05-15,盘螺,Φ6,HRB400E,石横特钢,None,山东烟台,None,None
2024-05-15,盘螺,Φ8,HRB400E,莱钢永锋,None,山东烟台,None,None
2024-05-15,盘螺,Φ8,HRB400E,石横特钢,None,山东烟台,None,None
2024-05-15,盘螺,Φ8,HRB400E,日照,None,山东烟台,None,None
2024-05-15,盘螺,Φ8,HRB400E,江苏镔鑫,None,山东烟台,None,None
2024-05-15,盘螺,Φ8,HRB400E,日钢营口,None,山东烟台,None,None
2024-05-15,螺纹钢,Φ10,HRB400E,莱钢,None,山东烟台,None,None
2024-05-15,螺纹钢,Φ10,HRB400E,莱钢永锋,None,山东烟台,None,None
2024-05-15,螺纹钢,Φ10,HRB400E,石横特钢,None,山东烟台,None,None
2024-05-15,螺纹钢,Φ12,HRB400E,莱钢,None,山东烟台,None,None
2024-05-15,螺纹钢,Φ12,HRB400E,莱钢永锋,None,山东烟台,None,None
2024-05-15,螺纹钢,Φ12,HRB400E,石横特钢,None,山东烟台,None,None
2024-05-15,螺纹钢,Φ12,HRB400E,日照,None,山东烟台,None,None
2024-05-15,螺纹钢,Φ12,HRB400E,江苏镔鑫,None,山东烟台,None,None
2024-05-15,螺纹钢,Φ12-14,HRB500E,莱钢,None,山东烟台,None,None
2024-05-15,螺纹钢,Φ12-14,HRB500E,莱钢永锋,None,山东烟台,None,None
2024-05-15,螺纹钢,Φ12-14,HRB500E,石横特钢,None,山东烟台,None,None
2024-05-15,螺纹钢,Φ14,HRB400E,莱钢,None,山东烟台,None,None
2024-05-15,螺纹钢,Φ14,HRB400E,莱钢永锋,None,山东烟台,None,None
2024-05-15,螺纹钢,Φ14,HRB400E,石横特钢,None,山东烟台,None,None
2024-05-15,螺纹钢,Φ14,HRB400E,日照,None,山东烟台,None,None
2024-05-15,螺纹钢,Φ14,HRB400E,江苏镔鑫,None,山东烟台,None,None
2024-05-15,螺纹钢,Φ16,HRB400E,莱钢,None,山东烟台,None,None
2024-05-15,螺纹钢,Φ16,HRB400E,莱钢永锋,None,山东烟台,None,None
2024-05-15,螺纹钢,Φ16,HRB400E,石横特钢,None,山东烟台,None,None
2024-05-15,螺纹钢,Φ16,HRB400E,日照,None,山东烟台,None,None
2024-05-15,螺纹钢,Φ16,HRB400E,江苏镔鑫,None,山东烟台,None,None
2024-05-15,螺纹钢,Φ18,HRB400E,莱钢,None,山东烟台,None,None
2024-05-15,螺纹钢,Φ18,HRB400E,莱钢永锋,None,山东烟台,None,None
2024-05-15,螺纹钢,Φ18,HRB400E,石横特钢,None,山东烟台,None,None
2024-05-15,螺纹钢,Φ18,HRB400E,日照,None,山东烟台,None,None
2024-05-15,螺纹钢,Φ18,HRB400E,江苏镔鑫,None,山东烟台,None,None
2024-05-15,螺纹钢,Φ20,HRB400E,莱钢,None,山东烟台,None,None
2024-05-15,螺纹钢,Φ20,HRB400E,莱钢永锋,None,山东烟台,None,None
2024-05-15,螺纹钢,Φ20,HRB400E,石横特钢,None,山东烟台,None,None
2024-05-15,螺纹钢,Φ20,HRB400E,日照,None,山东烟台,None,None
2024-05-15,螺纹钢,Φ20,HRB400E,江苏镔鑫,None,山东烟台,None,None
2024-05-15,螺纹钢,Φ22,HRB400E,莱钢,None,山东烟台,None,None
2024-05-15,螺纹钢,Φ22,HRB400E,莱钢永锋,None,山东烟台,None,None
2024-05-15,螺纹钢,Φ22,HRB400E,石横特钢,None,山东烟台,None,None
2024-05-15,螺纹钢,Φ22,HRB400E,日照,None,山东烟台,None,None
2024-05-15,螺纹钢,Φ22,HRB400E,江苏镔鑫,None,山东烟台,None,None
2024-05-15,螺纹钢,Φ25,HRB400E,莱钢,None,山东烟台,None,None
2024-05-15,螺纹钢,Φ25,HRB400E,莱钢永锋,None,山东烟台,None,None
2024-05-15,螺纹钢,Φ25,HRB400E,石横特钢,None,山东烟台,None,None
2024-05-15,螺纹钢,Φ25,HRB400E,日照,None,山东烟台,None,None
2024-05-15,螺纹钢,Φ25,HRB400E,江苏镔鑫,None,山东烟台,None,None
2024-05-15,螺纹钢,Φ28-32,HRB400E,莱钢,None,山东烟台,None,None
2024-05-15,螺纹钢,Φ28-32,HRB400E,莱钢永锋,None,山东烟台,None,None
2024-05-15,螺纹钢,Φ28-32,HRB400E,石横特钢,None,山东烟台,None,None
2024-05-15,螺纹钢,Φ28-32,HRB400E,日照,None,山东烟台,None,None
2024-05-15,螺纹钢,Φ28-32,HRB400E,江苏镔鑫,None,山东烟台,None,None
2024-05-15,高线,Φ10,HPB300,莱钢永锋,None,山东烟台,None,None
2024-05-15,高线,Φ10,HPB300,石横特钢,None,山东烟台,None,None
2024-05-15,高线,Φ10,HPB300,江苏镔鑫,None,山东烟台,None,None
2024-05-15,高线,Φ12,HPB300,莱钢永锋,None,山东烟台,None,None
2024-05-15,高线,Φ12,HPB300,石横特钢,None,山东烟台,None,None
2024-05-15,高线,Φ6,HPB300,莱钢永锋,None,山东烟台,None,None
2024-05-15,高线,Φ6,HPB300,石横特钢,None,山东烟台,None,None
2024-05-15,高线,Φ6,HPB300,江苏镔鑫,None,山东烟台,None,None
2024-05-15,高线,Φ8,HPB300,莱钢永锋,None,山东烟台,None,None
2024-05-15,高线,Φ8,HPB300,石横特钢,None,山东烟台,None,None
2024-05-15,高线,Φ8,HPB300,江苏镔鑫,None,山东烟台,None,None
2024-05-14,圆钢,Φ12-22,HPB300,莱钢永锋,None,山东烟台,None,None
2024-05-14,圆钢,Φ12-22,HPB300,石横特钢,None,山东烟台,None,None
2024-05-14,圆钢,Φ25-32,HPB300,莱钢永锋,None,山东烟台,None,None
2024-05-14,圆钢,Φ25-32,HPB300,石横特钢,None,山东烟台,None,None
2024-05-14,盘螺,Φ10,HRB400E,莱钢永锋,None,山东烟台,None,None
2024-05-14,盘螺,Φ10,HRB400E,石横特钢,None,山东烟台,None,None
2024-05-14,盘螺,Φ10,HRB400E,日照,None,山东烟台,None,None
2024-05-14,盘螺,Φ10,HRB400E,江苏镔鑫,None,山东烟台,None,None
2024-05-14,盘螺,Φ10,HRB400E,日钢营口,None,山东烟台,None,None
2024-05-14,盘螺,Φ12,HRB400E,莱钢永锋,None,山东烟台,None,None
2024-05-14,盘螺,Φ12,HRB400E,石横特钢,None,山东烟台,None,None
2024-05-14,盘螺,Φ6,HRB400E,莱钢永锋,None,山东烟台,None,None
2024-05-14,盘螺,Φ6,HRB400E,石横特钢,None,山东烟台,None,None
2024-05-14,盘螺,Φ8,HRB400E,莱钢永锋,None,山东烟台,None,None
2024-05-14,盘螺,Φ8,HRB400E,石横特钢,None,山东烟台,None,None
2024-05-14,盘螺,Φ8,HRB400E,日照,None,山东烟台,None,None
2024-05-14,盘螺,Φ8,HRB400E,江苏镔鑫,None,山东烟台,None,None
2024-05-14,盘螺,Φ8,HRB400E,日钢营口,None,山东烟台,None,None
2024-05-14,螺纹钢,Φ10,HRB400E,莱钢,None,山东烟台,None,None
2024-05-14,螺纹钢,Φ10,HRB400E,莱钢永锋,None,山东烟台,None,None
2024-05-14,螺纹钢,Φ10,HRB400E,石横特钢,None,山东烟台,None,None
2024-05-14,螺纹钢,Φ12,HRB400E,莱钢,None,山东烟台,None,None
2024-05-14,螺纹钢,Φ12,HRB400E,莱钢永锋,None,山东烟台,None,None
2024-05-14,螺纹钢,Φ12,HRB400E,石横特钢,None,山东烟台,None,None
2024-05-14,螺纹钢,Φ12,HRB400E,日照,None,山东烟台,None,None
2024-05-14,螺纹钢,Φ12,HRB400E,江苏镔鑫,None,山东烟台,None,None
2024-05-14,螺纹钢,Φ12-14,HRB500E,莱钢,None,山东烟台,None,None
2024-05-14,螺纹钢,Φ12-14,HRB500E,莱钢永锋,None,山东烟台,None,None
2024-05-14,螺纹钢,Φ12-14,HRB500E,石横特钢,None,山东烟台,None,None
2024-05-14,螺纹钢,Φ14,HRB400E,莱钢,None,山东烟台,None,None
2024-05-14,螺纹钢,Φ14,HRB400E,莱钢永锋,None,山东烟台,None,None
2024-05-14,螺纹钢,Φ14,HRB400E,石横特钢,None,山东烟台,None,None
2024-05-14,螺纹钢,Φ14,HRB400E,日照,None,山东烟台,None,None
2024-05-14,螺纹钢,Φ14,HRB400E,江苏镔鑫,None,山东烟台,None,None
2024-05-14,螺纹钢,Φ16,HRB400E,莱钢,None,山东烟台,None,None
2024-05-14,螺纹钢,Φ16,HRB400E,莱钢永锋,None,山东烟台,None,None
2024-05-14,螺纹钢,Φ16,HRB400E,石横特钢,None,山东烟台,None,None
2024-05-14,螺纹钢,Φ16,HRB400E,日照,None,山东烟台,None,None
2024-05-14,螺纹钢,Φ16,HRB400E,江苏镔鑫,None,山东烟台,None,None
2024-05-14,螺纹钢,Φ18,HRB400E,莱钢,None,山东烟台,None,None
2024-05-14,螺纹钢,Φ18,HRB400E,莱钢永锋,None,山东烟台,None,None
2024-05-14,螺纹钢,Φ18,HRB400E,石横特钢,None,山东烟台,None,None
2024-05-14,螺纹钢,Φ18,HRB400E,日照,None,山东烟台,None,None
2024-05-14,螺纹钢,Φ18,HRB400E,江苏镔鑫,None,山东烟台,None,None
2024-05-14,螺纹钢,Φ20,HRB400E,莱钢,None,山东烟台,None,None
2024-05-14,螺纹钢,Φ20,HRB400E,莱钢永锋,None,山东烟台,None,None
2024-05-14,螺纹钢,Φ20,HRB400E,石横特钢,None,山东烟台,None,None
2024-05-14,螺纹钢,Φ20,HRB400E,日照,None,山东烟台,None,None
2024-05-14,螺纹钢,Φ20,HRB400E,江苏镔鑫,None,山东烟台,None,None
2024-05-14,螺纹钢,Φ22,HRB400E,莱钢,None,山东烟台,None,None
2024-05-14,螺纹钢,Φ22,HRB400E,莱钢永锋,None,山东烟台,None,None
2024-05-14,螺纹钢,Φ22,HRB400E,石横特钢,None,山东烟台,None,None
2024-05-14,螺纹钢,Φ22,HRB400E,日照,None,山东烟台,None,None
2024-05-14,螺纹钢,Φ22,HRB400E,江苏镔鑫,None,山东烟台,None,None
2024-05-14,螺纹钢,Φ25,HRB400E,莱钢,None,山东烟台,None,None
2024-05-14,螺纹钢,Φ25,HRB400E,莱钢永锋,None,山东烟台,None,None
2024-05-14,螺纹钢,Φ25,HRB400E,石横特钢,None,山东烟台,None,None
2024-05-14,螺纹钢,Φ25,HRB400E,日照,None,山东烟台,None,None
2024-05-14,螺纹钢,Φ25,HRB400E,江苏镔鑫,None,山东烟台,None,None
2024-05-14,螺纹钢,Φ28-32,HRB400E,莱钢,None,山东烟台,None,None
2024-05-14,螺纹钢,Φ28-32,HRB400E,莱钢永锋,None,山东烟台,None,None
2024-05-14,螺纹钢,Φ28-32,HRB400E,石横特钢,None,山东烟台,None,None
2024-05-14,螺纹钢,Φ28-32,HRB400E,日照,None,山东烟台,None,None
2024-05-14,螺纹钢,Φ28-32,HRB400E,江苏镔鑫,None,山东烟台,None,None
2024-05-14,高线,Φ10,HPB300,莱钢永锋,None,山东烟台,None,None
2024-05-14,高线,Φ10,HPB300,石横特钢,None,山东烟台,None,None
2024-05-14,高线,Φ10,HPB300,江苏镔鑫,None,山东烟台,None,None
2024-05-14,高线,Φ12,HPB300,莱钢永锋,None,山东烟台,None,None
2024-05-14,高线,Φ12,HPB300,石横特钢,None,山东烟台,None,None
2024-05-14,高线,Φ6,HPB300,莱钢永锋,None,山东烟台,None,None
2024-05-14,高线,Φ6,HPB300,石横特钢,None,山东烟台,None,None
2024-05-14,高线,Φ6,HPB300,江苏镔鑫,None,山东烟台,None,None
2024-05-14,高线,Φ8,HPB300,莱钢永锋,None,山东烟台,None,None
2024-05-14,高线,Φ8,HPB300,石横特钢,None,山东烟台,None,None
2024-05-14,高线,Φ8,HPB300,江苏镔鑫,None,山东烟台,None,None
2024-05-13,圆钢,Φ12-22,HPB300,莱钢永锋,None,山东烟台,None,None
2024-05-13,圆钢,Φ12-22,HPB300,石横特钢,None,山东烟台,None,None
2024-05-13,圆钢,Φ25-32,HPB300,莱钢永锋,None,山东烟台,None,None
2024-05-13,圆钢,Φ25-32,HPB300,石横特钢,None,山东烟台,None,None
2024-05-13,盘螺,Φ10,HRB400E,莱钢永锋,None,山东烟台,None,None
2024-05-13,盘螺,Φ10,HRB400E,石横特钢,None,山东烟台,None,None
2024-05-13,盘螺,Φ10,HRB400E,日照,None,山东烟台,None,None
2024-05-13,盘螺,Φ10,HRB400E,江苏镔鑫,None,山东烟台,None,None
2024-05-13,盘螺,Φ10,HRB400E,日钢营口,None,山东烟台,None,None
2024-05-13,盘螺,Φ12,HRB400E,莱钢永锋,None,山东烟台,None,None
2024-05-13,盘螺,Φ12,HRB400E,石横特钢,None,山东烟台,None,None
2024-05-13,盘螺,Φ6,HRB400E,莱钢永锋,None,山东烟台,None,None
2024-05-13,盘螺,Φ6,HRB400E,石横特钢,None,山东烟台,None,None
2024-05-13,盘螺,Φ8,HRB400E,莱钢永锋,None,山东烟台,None,None
2024-05-13,盘螺,Φ8,HRB400E,石横特钢,None,山东烟台,None,None
2024-05-13,盘螺,Φ8,HRB400E,日照,None,山东烟台,None,None
2024-05-13,盘螺,Φ8,HRB400E,江苏镔鑫,None,山东烟台,None,None
2024-05-13,盘螺,Φ8,HRB400E,日钢营口,None,山东烟台,None,None
2024-05-13,螺纹钢,Φ10,HRB400E,莱钢,None,山东烟台,None,None
2024-05-13,螺纹钢,Φ10,HRB400E,莱钢永锋,None,山东烟台,None,None
2024-05-13,螺纹钢,Φ10,HRB400E,石横特钢,None,山东烟台,None,None
2024-05-13,螺纹钢,Φ12,HRB400E,莱钢,None,山东烟台,None,None
2024-05-13,螺纹钢,Φ12,HRB400E,莱钢永锋,None,山东烟台,None,None
2024-05-13,螺纹钢,Φ12,HRB400E,石横特钢,None,山东烟台,None,None
2024-05-13,螺纹钢,Φ12,HRB400E,日照,None,山东烟台,None,None
2024-05-13,螺纹钢,Φ12,HRB400E,江苏镔鑫,None,山东烟台,None,None
2024-05-13,螺纹钢,Φ12-14,HRB500E,莱钢,None,山东烟台,None,None
2024-05-13,螺纹钢,Φ12-14,HRB500E,莱钢永锋,None,山东烟台,None,None
2024-05-13,螺纹钢,Φ12-14,HRB500E,石横特钢,None,山东烟台,None,None
2024-05-13,螺纹钢,Φ14,HRB400E,莱钢,None,山东烟台,None,None
2024-05-13,螺纹钢,Φ14,HRB400E,莱钢永锋,None,山东烟台,None,None
2024-05-13,螺纹钢,Φ14,HRB400E,石横特钢,None,山东烟台,None,None
2024-05-13,螺纹钢,Φ14,HRB400E,日照,None,山东烟台,None,None
2024-05-13,螺纹钢,Φ14,HRB400E,江苏镔鑫,None,山东烟台,None,None
2024-05-13,螺纹钢,Φ16,HRB400E,莱钢,None,山东烟台,None,None
2024-05-13,螺纹钢,Φ16,HRB400E,莱钢永锋,None,山东烟台,None,None
2024-05-13,螺纹钢,Φ16,HRB400E,石横特钢,None,山东烟台,None,None
2024-05-13,螺纹钢,Φ16,HRB400E,日照,None,山东烟台,None,None
2024-05-13,螺纹钢,Φ16,HRB400E,江苏镔鑫,None,山东烟台,None,None
2024-05-13,螺纹钢,Φ18,HRB400E,莱钢,None,山东烟台,None,None
2024-05-13,螺纹钢,Φ18,HRB400E,莱钢永锋,None,山东烟台,None,None
2024-05-13,螺纹钢,Φ18,HRB400E,石横特钢,None,山东烟台,None,None
2024-05-13,螺纹钢,Φ18,HRB400E,日照,None,山东烟台,None,None
2024-05-13,螺纹钢,Φ18,HRB400E,江苏镔鑫,None,山东烟台,None,None
2024-05-13,螺纹钢,Φ20,HRB400E,莱钢,None,山东烟台,None,None
2024-05-13,螺纹钢,Φ20,HRB400E,莱钢永锋,None,山东烟台,None,None
2024-05-13,螺纹钢,Φ20,HRB400E,石横特钢,None,山东烟台,None,None
2024-05-13,螺纹钢,Φ20,HRB400E,日照,None,山东烟台,None,None
2024-05-13,螺纹钢,Φ20,HRB400E,江苏镔鑫,None,山东烟台,None,None
2024-05-13,螺纹钢,Φ22,HRB400E,莱钢,None,山东烟台,None,None
2024-05-13,螺纹钢,Φ22,HRB400E,莱钢永锋,None,山东烟台,None,None
2024-05-13,螺纹钢,Φ22,HRB400E,石横特钢,None,山东烟台,None,None
2024-05-13,螺纹钢,Φ22,HRB400E,日照,None,山东烟台,None,None
2024-05-13,螺纹钢,Φ22,HRB400E,江苏镔鑫,None,山东烟台,None,None
2024-05-13,螺纹钢,Φ25,HRB400E,莱钢,None,山东烟台,None,None
2024-05-13,螺纹钢,Φ25,HRB400E,莱钢永锋,None,山东烟台,None,None
2024-05-13,螺纹钢,Φ25,HRB400E,石横特钢,None,山东烟台,None,None
2024-05-13,螺纹钢,Φ25,HRB400E,日照,None,山东烟台,None,None
2024-05-13,螺纹钢,Φ25,HRB400E,江苏镔鑫,None,山东烟台,None,None
2024-05-13,螺纹钢,Φ28-32,HRB400E,莱钢,None,山东烟台,None,None
2024-05-13,螺纹钢,Φ28-32,HRB400E,莱钢永锋,None,山东烟台,None,None
2024-05-13,螺纹钢,Φ28-32,HRB400E,石横特钢,None,山东烟台,None,None
2024-05-13,螺纹钢,Φ28-32,HRB400E,日照,None,山东烟台,None,None
2024-05-13,螺纹钢,Φ28-32,HRB400E,江苏镔鑫,None,山东烟台,None,None
2024-05-13,高线,Φ10,HPB300,莱钢永锋,None,山东烟台,None,None
2024-05-13,高线,Φ10,HPB300,石横特钢,None,山东烟台,None,None
2024-05-13,高线,Φ10,HPB300,江苏镔鑫,None,山东烟台,None,None
2024-05-13,高线,Φ12,HPB300,莱钢永锋,None,山东烟台,None,None
2024-05-13,高线,Φ12,HPB300,石横特钢,None,山东烟台,None,None
2024-05-13,高线,Φ6,HPB300,莱钢永锋,None,山东烟台,None,None
2024-05-13,高线,Φ6,HPB300,石横特钢,None,山东烟台,None,None
2024-05-13,高线,Φ6,HPB300,江苏镔鑫,None,山东烟台,None,None
2024-05-13,高线,Φ8,HPB300,莱钢永锋,None,山东烟台,None,None
2024-05-13,高线,Φ8,HPB300,石横特钢,None,山东烟台,None,None
2024-05-13,高线,Φ8,HPB300,江苏镔鑫,None,山东烟台,None,None
2024-05-11,圆钢,Φ12-22,HPB300,莱钢永锋,None,山东烟台,None,None
2024-05-11,圆钢,Φ12-22,HPB300,石横特钢,None,山东烟台,None,None
2024-05-11,圆钢,Φ25-32,HPB300,莱钢永锋,None,山东烟台,None,None
2024-05-11,圆钢,Φ25-32,HPB300,石横特钢,None,山东烟台,None,None
2024-05-11,盘螺,Φ10,HRB400E,莱钢永锋,None,山东烟台,None,None
2024-05-11,盘螺,Φ10,HRB400E,石横特钢,None,山东烟台,None,None
2024-05-11,盘螺,Φ10,HRB400E,日照,None,山东烟台,None,None
2024-05-11,盘螺,Φ10,HRB400E,江苏镔鑫,None,山东烟台,None,None
2024-05-11,盘螺,Φ10,HRB400E,日钢营口,None,山东烟台,None,None
2024-05-11,盘螺,Φ12,HRB400E,莱钢永锋,None,山东烟台,None,None
2024-05-11,盘螺,Φ12,HRB400E,石横特钢,None,山东烟台,None,None
2024-05-11,盘螺,Φ6,HRB400E,莱钢永锋,None,山东烟台,None,None
2024-05-11,盘螺,Φ6,HRB400E,石横特钢,None,山东烟台,None,None
2024-05-11,盘螺,Φ8,HRB400E,莱钢永锋,None,山东烟台,None,None
2024-05-11,盘螺,Φ8,HRB400E,石横特钢,None,山东烟台,None,None
2024-05-11,盘螺,Φ8,HRB400E,日照,None,山东烟台,None,None
2024-05-11,盘螺,Φ8,HRB400E,江苏镔鑫,None,山东烟台,None,None
2024-05-11,盘螺,Φ8,HRB400E,日钢营口,None,山东烟台,None,None
2024-05-11,螺纹钢,Φ10,HRB400E,莱钢,None,山东烟台,None,None
2024-05-11,螺纹钢,Φ10,HRB400E,莱钢永锋,None,山东烟台,None,None
2024-05-11,螺纹钢,Φ10,HRB400E,石横特钢,None,山东烟台,None,None
2024-05-11,螺纹钢,Φ12,HRB400E,莱钢,None,山东烟台,None,None
2024-05-11,螺纹钢,Φ12,HRB400E,莱钢永锋,None,山东烟台,None,None
2024-05-11,螺纹钢,Φ12,HRB400E,石横特钢,None,山东烟台,None,None
2024-05-11,螺纹钢,Φ12,HRB400E,日照,None,山东烟台,None,None
2024-05-11,螺纹钢,Φ12,HRB400E,江苏镔鑫,None,山东烟台,None,None
2024-05-11,螺纹钢,Φ12-14,HRB500E,莱钢,None,山东烟台,None,None
2024-05-11,螺纹钢,Φ12-14,HRB500E,莱钢永锋,None,山东烟台,None,None
2024-05-11,螺纹钢,Φ12-14,HRB500E,石横特钢,None,山东烟台,None,None
2024-05-11,螺纹钢,Φ14,HRB400E,莱钢,None,山东烟台,None,None
2024-05-11,螺纹钢,Φ14,HRB400E,莱钢永锋,None,山东烟台,None,None
2024-05-11,螺纹钢,Φ14,HRB400E,石横特钢,None,山东烟台,None,None
2024-05-11,螺纹钢,Φ14,HRB400E,日照,None,山东烟台,None,None
2024-05-11,螺纹钢,Φ14,HRB400E,江苏镔鑫,None,山东烟台,None,None
2024-05-11,螺纹钢,Φ16,HRB400E,莱钢,None,山东烟台,None,None
2024-05-11,螺纹钢,Φ16,HRB400E,莱钢永锋,None,山东烟台,None,None
2024-05-11,螺纹钢,Φ16,HRB400E,石横特钢,None,山东烟台,None,None
2024-05-11,螺纹钢,Φ16,HRB400E,日照,None,山东烟台,None,None
2024-05-11,螺纹钢,Φ16,HRB400E,江苏镔鑫,None,山东烟台,None,None
2024-05-11,螺纹钢,Φ18,HRB400E,莱钢,None,山东烟台,None,None
2024-05-11,螺纹钢,Φ18,HRB400E,莱钢永锋,None,山东烟台,None,None
2024-05-11,螺纹钢,Φ18,HRB400E,石横特钢,None,山东烟台,None,None
2024-05-11,螺纹钢,Φ18,HRB400E,日照,None,山东烟台,None,None
2024-05-11,螺纹钢,Φ18,HRB400E,江苏镔鑫,None,山东烟台,None,None
2024-05-11,螺纹钢,Φ20,HRB400E,莱钢,None,山东烟台,None,None
2024-05-11,螺纹钢,Φ20,HRB400E,莱钢永锋,None,山东烟台,None,None
2024-05-11,螺纹钢,Φ20,HRB400E,石横特钢,None,山东烟台,None,None
2024-05-11,螺纹钢,Φ20,HRB400E,日照,None,山东烟台,None,None
2024-05-11,螺纹钢,Φ20,HRB400E,江苏镔鑫,None,山东烟台,None,None
2024-05-11,螺纹钢,Φ22,HRB400E,莱钢,None,山东烟台,None,None
2024-05-11,螺纹钢,Φ22,HRB400E,莱钢永锋,None,山东烟台,None,None
2024-05-11,螺纹钢,Φ22,HRB400E,石横特钢,None,山东烟台,None,None
2024-05-11,螺纹钢,Φ22,HRB400E,日照,None,山东烟台,None,None
2024-05-11,螺纹钢,Φ22,HRB400E,江苏镔鑫,None,山东烟台,None,None
2024-05-11,螺纹钢,Φ25,HRB400E,莱钢,None,山东烟台,None,None
2024-05-11,螺纹钢,Φ25,HRB400E,莱钢永锋,None,山东烟台,None,None
2024-05-11,螺纹钢,Φ25,HRB400E,石横特钢,None,山东烟台,None,None
2024-05-11,螺纹钢,Φ25,HRB400E,日照,None,山东烟台,None,None
2024-05-11,螺纹钢,Φ25,HRB400E,江苏镔鑫,None,山东烟台,None,None
2024-05-11,螺纹钢,Φ28-32,HRB400E,莱钢,None,山东烟台,None,None
2024-05-11,螺纹钢,Φ28-32,HRB400E,莱钢永锋,None,山东烟台,None,None
2024-05-11,螺纹钢,Φ28-32,HRB400E,石横特钢,None,山东烟台,None,None
2024-05-11,螺纹钢,Φ28-32,HRB400E,日照,None,山东烟台,None,None
2024-05-11,螺纹钢,Φ28-32,HRB400E,江苏镔鑫,None,山东烟台,None,None
2024-05-11,高线,Φ10,HPB300,莱钢永锋,None,山东烟台,None,None
2024-05-11,高线,Φ10,HPB300,石横特钢,None,山东烟台,None,None
2024-05-11,高线,Φ10,HPB300,江苏镔鑫,None,山东烟台,None,None
2024-05-11,高线,Φ12,HPB300,莱钢永锋,None,山东烟台,None,None
2024-05-11,高线,Φ12,HPB300,石横特钢,None,山东烟台,None,None
2024-05-11,高线,Φ6,HPB300,莱钢永锋,None,山东烟台,None,None
2024-05-11,高线,Φ6,HPB300,石横特钢,None,山东烟台,None,None
2024-05-11,高线,Φ6,HPB300,江苏镔鑫,None,山东烟台,None,None
2024-05-11,高线,Φ8,HPB300,莱钢永锋,None,山东烟台,None,None
2024-05-11,高线,Φ8,HPB300,石横特钢,None,山东烟台,None,None
2024-05-11,高线,Φ8,HPB300,江苏镔鑫,None,山东烟台,None,None
2024-05-10,圆钢,Φ12-22,HPB300,莱钢永锋,None,山东烟台,None,None
2024-05-10,圆钢,Φ12-22,HPB300,石横特钢,None,山东烟台,None,None
2024-05-10,圆钢,Φ25-32,HPB300,莱钢永锋,None,山东烟台,None,None
2024-05-10,圆钢,Φ25-32,HPB300,石横特钢,None,山东烟台,None,None
2024-05-10,盘螺,Φ10,HRB400E,莱钢永锋,None,山东烟台,None,None
2024-05-10,盘螺,Φ10,HRB400E,石横特钢,None,山东烟台,None,None
2024-05-10,盘螺,Φ10,HRB400E,日照,None,山东烟台,None,None
2024-05-10,盘螺,Φ10,HRB400E,江苏镔鑫,None,山东烟台,None,None
2024-05-10,盘螺,Φ10,HRB400E,日钢营口,None,山东烟台,None,None
2024-05-10,盘螺,Φ12,HRB400E,莱钢永锋,None,山东烟台,None,None
2024-05-10,盘螺,Φ12,HRB400E,石横特钢,None,山东烟台,None,None
2024-05-10,盘螺,Φ6,HRB400E,莱钢永锋,None,山东烟台,None,None
2024-05-10,盘螺,Φ6,HRB400E,石横特钢,None,山东烟台,None,None
2024-05-10,盘螺,Φ8,HRB400E,莱钢永锋,None,山东烟台,None,None
2024-05-10,盘螺,Φ8,HRB400E,石横特钢,None,山东烟台,None,None
2024-05-10,盘螺,Φ8,HRB400E,日照,None,山东烟台,None,None
2024-05-10,盘螺,Φ8,HRB400E,江苏镔鑫,None,山东烟台,None,None
2024-05-10,盘螺,Φ8,HRB400E,日钢营口,None,山东烟台,None,None
2024-05-10,螺纹钢,Φ10,HRB400E,莱钢,None,山东烟台,None,None
2024-05-10,螺纹钢,Φ10,HRB400E,莱钢永锋,None,山东烟台,None,None
2024-05-10,螺纹钢,Φ10,HRB400E,石横特钢,None,山东烟台,None,None
2024-05-10,螺纹钢,Φ12,HRB400E,莱钢,None,山东烟台,None,None
2024-05-10,螺纹钢,Φ12,HRB400E,莱钢永锋,None,山东烟台,None,None
2024-05-10,螺纹钢,Φ12,HRB400E,石横特钢,None,山东烟台,None,None
2024-05-10,螺纹钢,Φ12,HRB400E,日照,None,山东烟台,None,None
2024-05-10,螺纹钢,Φ12,HRB400E,江苏镔鑫,None,山东烟台,None,None
2024-05-10,螺纹钢,Φ12-14,HRB500E,莱钢,None,山东烟台,None,None
2024-05-10,螺纹钢,Φ12-14,HRB500E,莱钢永锋,None,山东烟台,None,None
2024-05-10,螺纹钢,Φ12-14,HRB500E,石横特钢,None,山东烟台,None,None
2024-05-10,螺纹钢,Φ14,HRB400E,莱钢,None,山东烟台,None,None
2024-05-10,螺纹钢,Φ14,HRB400E,莱钢永锋,None,山东烟台,None,None
2024-05-10,螺纹钢,Φ14,HRB400E,石横特钢,None,山东烟台,None,None
2024-05-10,螺纹钢,Φ14,HRB400E,日照,None,山东烟台,None,None
2024-05-10,螺纹钢,Φ14,HRB400E,江苏镔鑫,None,山东烟台,None,None
2024-05-10,螺纹钢,Φ16,HRB400E,莱钢,None,山东烟台,None,None
2024-05-10,螺纹钢,Φ16,HRB400E,莱钢永锋,None,山东烟台,None,None
2024-05-10,螺纹钢,Φ16,HRB400E,石横特钢,None,山东烟台,None,None
2024-05-10,螺纹钢,Φ16,HRB400E,日照,None,山东烟台,None,None
2024-05-10,螺纹钢,Φ16,HRB400E,江苏镔鑫,None,山东烟台,None,None
2024-05-10,螺纹钢,Φ18,HRB400E,莱钢,None,山东烟台,None,None
2024-05-10,螺纹钢,Φ18,HRB400E,莱钢永锋,None,山东烟台,None,None
2024-05-10,螺纹钢,Φ18,HRB400E,石横特钢,None,山东烟台,None,None
2024-05-10,螺纹钢,Φ18,HRB400E,日照,None,山东烟台,None,None
2024-05-10,螺纹钢,Φ18,HRB400E,江苏镔鑫,None,山东烟台,None,None
2024-05-10,螺纹钢,Φ20,HRB400E,莱钢,None,山东烟台,None,None
2024-05-10,螺纹钢,Φ20,HRB400E,莱钢永锋,None,山东烟台,None,None
2024-05-10,螺纹钢,Φ20,HRB400E,石横特钢,None,山东烟台,None,None
2024-05-10,螺纹钢,Φ20,HRB400E,日照,None,山东烟台,None,None
2024-05-10,螺纹钢,Φ20,HRB400E,江苏镔鑫,None,山东烟台,None,None
2024-05-10,螺纹钢,Φ22,HRB400E,莱钢,None,山东烟台,None,None
2024-05-10,螺纹钢,Φ22,HRB400E,莱钢永锋,None,山东烟台,None,None
2024-05-10,螺纹钢,Φ22,HRB400E,石横特钢,None,山东烟台,None,None
2024-05-10,螺纹钢,Φ22,HRB400E,日照,None,山东烟台,None,None
2024-05-10,螺纹钢,Φ22,HRB400E,江苏镔鑫,None,山东烟台,None,None
2024-05-10,螺纹钢,Φ25,HRB400E,莱钢,None,山东烟台,None,None
2024-05-10,螺纹钢,Φ25,HRB400E,莱钢永锋,None,山东烟台,None,None
2024-05-10,螺纹钢,Φ25,HRB400E,石横特钢,None,山东烟台,None,None
2024-05-10,螺纹钢,Φ25,HRB400E,日照,None,山东烟台,None,None
2024-05-10,螺纹钢,Φ25,HRB400E,江苏镔鑫,None,山东烟台,None,None
2024-05-10,螺纹钢,Φ28-32,HRB400E,莱钢,None,山东烟台,None,None
2024-05-10,螺纹钢,Φ28-32,HRB400E,莱钢永锋,None,山东烟台,None,None
2024-05-10,螺纹钢,Φ28-32,HRB400E,石横特钢,None,山东烟台,None,None
2024-05-10,螺纹钢,Φ28-32,HRB400E,日照,None,山东烟台,None,None
2024-05-10,螺纹钢,Φ28-32,HRB400E,江苏镔鑫,None,山东烟台,None,None
2024-05-10,高线,Φ10,HPB300,莱钢永锋,None,山东烟台,None,None
2024-05-10,高线,Φ10,HPB300,石横特钢,None,山东烟台,None,None
2024-05-10,高线,Φ10,HPB300,江苏镔鑫,None,山东烟台,None,None
2024-05-10,高线,Φ12,HPB300,莱钢永锋,None,山东烟台,None,None
2024-05-10,高线,Φ12,HPB300,石横特钢,None,山东烟台,None,None
2024-05-10,高线,Φ6,HPB300,莱钢永锋,None,山东烟台,None,None
2024-05-10,高线,Φ6,HPB300,石横特钢,None,山东烟台,None,None
2024-05-10,高线,Φ6,HPB300,江苏镔鑫,None,山东烟台,None,None
2024-05-10,高线,Φ8,HPB300,莱钢永锋,None,山东烟台,None,None
2024-05-10,高线,Φ8,HPB300,石横特钢,None,山东烟台,None,None
2024-05-10,高线,Φ8,HPB300,江苏镔鑫,None,山东烟台,None,None
2024-05-09,圆钢,Φ12-22,HPB300,莱钢永锋,None,山东烟台,None,None
2024-05-09,圆钢,Φ12-22,HPB300,石横特钢,None,山东烟台,None,None
2024-05-09,圆钢,Φ25-32,HPB300,莱钢永锋,None,山东烟台,None,None
2024-05-09,圆钢,Φ25-32,HPB300,石横特钢,None,山东烟台,None,None
2024-05-09,盘螺,Φ10,HRB400E,莱钢永锋,None,山东烟台,None,None
2024-05-09,盘螺,Φ10,HRB400E,石横特钢,None,山东烟台,None,None
2024-05-09,盘螺,Φ10,HRB400E,日照,None,山东烟台,None,None
2024-05-09,盘螺,Φ10,HRB400E,江苏镔鑫,None,山东烟台,None,None
2024-05-09,盘螺,Φ10,HRB400E,日钢营口,None,山东烟台,None,None
2024-05-09,盘螺,Φ12,HRB400E,莱钢永锋,None,山东烟台,None,None
2024-05-09,盘螺,Φ12,HRB400E,石横特钢,None,山东烟台,None,None
2024-05-09,盘螺,Φ6,HRB400E,莱钢永锋,None,山东烟台,None,None
2024-05-09,盘螺,Φ6,HRB400E,石横特钢,None,山东烟台,None,None
2024-05-09,盘螺,Φ8,HRB400E,莱钢永锋,None,山东烟台,None,None
2024-05-09,盘螺,Φ8,HRB400E,石横特钢,None,山东烟台,None,None
2024-05-09,盘螺,Φ8,HRB400E,日照,None,山东烟台,None,None
2024-05-09,盘螺,Φ8,HRB400E,江苏镔鑫,None,山东烟台,None,None
2024-05-09,盘螺,Φ8,HRB400E,日钢营口,None,山东烟台,None,None
2024-05-09,螺纹钢,Φ10,HRB400E,莱钢,None,山东烟台,None,None
2024-05-09,螺纹钢,Φ10,HRB400E,莱钢永锋,None,山东烟台,None,None
2024-05-09,螺纹钢,Φ10,HRB400E,石横特钢,None,山东烟台,None,None
2024-05-09,螺纹钢,Φ12,HRB400E,莱钢,None,山东烟台,None,None
2024-05-09,螺纹钢,Φ12,HRB400E,莱钢永锋,None,山东烟台,None,None
2024-05-09,螺纹钢,Φ12,HRB400E,石横特钢,None,山东烟台,None,None
2024-05-09,螺纹钢,Φ12,HRB400E,日照,None,山东烟台,None,None
2024-05-09,螺纹钢,Φ12,HRB400E,江苏镔鑫,None,山东烟台,None,None
2024-05-09,螺纹钢,Φ12-14,HRB500E,莱钢,None,山东烟台,None,None
2024-05-09,螺纹钢,Φ12-14,HRB500E,莱钢永锋,None,山东烟台,None,None
2024-05-09,螺纹钢,Φ12-14,HRB500E,石横特钢,None,山东烟台,None,None
2024-05-09,螺纹钢,Φ14,HRB400E,莱钢,None,山东烟台,None,None
2024-05-09,螺纹钢,Φ14,HRB400E,莱钢永锋,None,山东烟台,None,None
2024-05-09,螺纹钢,Φ14,HRB400E,石横特钢,None,山东烟台,None,None
2024-05-09,螺纹钢,Φ14,HRB400E,日照,None,山东烟台,None,None
2024-05-09,螺纹钢,Φ14,HRB400E,江苏镔鑫,None,山东烟台,None,None
2024-05-09,螺纹钢,Φ16,HRB400E,莱钢,None,山东烟台,None,None
2024-05-09,螺纹钢,Φ16,HRB400E,莱钢永锋,None,山东烟台,None,None
2024-05-09,螺纹钢,Φ16,HRB400E,石横特钢,None,山东烟台,None,None
2024-05-09,螺纹钢,Φ16,HRB400E,日照,None,山东烟台,None,None
2024-05-09,螺纹钢,Φ16,HRB400E,江苏镔鑫,None,山东烟台,None,None
2024-05-09,螺纹钢,Φ18,HRB400E,莱钢,None,山东烟台,None,None
2024-05-09,螺纹钢,Φ18,HRB400E,莱钢永锋,None,山东烟台,None,None
2024-05-09,螺纹钢,Φ18,HRB400E,石横特钢,None,山东烟台,None,None
2024-05-09,螺纹钢,Φ18,HRB400E,日照,None,山东烟台,None,None
2024-05-09,螺纹钢,Φ18,HRB400E,江苏镔鑫,None,山东烟台,None,None
2024-05-09,螺纹钢,Φ20,HRB400E,莱钢,None,山东烟台,None,None
2024-05-09,螺纹钢,Φ20,HRB400E,莱钢永锋,None,山东烟台,None,None
2024-05-09,螺纹钢,Φ20,HRB400E,石横特钢,None,山东烟台,None,None
2024-05-09,螺纹钢,Φ20,HRB400E,日照,None,山东烟台,None,None
2024-05-09,螺纹钢,Φ20,HRB400E,江苏镔鑫,None,山东烟台,None,None
2024-05-09,螺纹钢,Φ22,HRB400E,莱钢,None,山东烟台,None,None
2024-05-09,螺纹钢,Φ22,HRB400E,莱钢永锋,None,山东烟台,None,None
2024-05-09,螺纹钢,Φ22,HRB400E,石横特钢,None,山东烟台,None,None
2024-05-09,螺纹钢,Φ22,HRB400E,日照,None,山东烟台,None,None
2024-05-09,螺纹钢,Φ22,HRB400E,江苏镔鑫,None,山东烟台,None,None
2024-05-09,螺纹钢,Φ25,HRB400E,莱钢,None,山东烟台,None,None
2024-05-09,螺纹钢,Φ25,HRB400E,莱钢永锋,None,山东烟台,None,None
2024-05-09,螺纹钢,Φ25,HRB400E,石横特钢,None,山东烟台,None,None
2024-05-09,螺纹钢,Φ25,HRB400E,日照,None,山东烟台,None,None
2024-05-09,螺纹钢,Φ25,HRB400E,江苏镔鑫,None,山东烟台,None,None
2024-05-09,螺纹钢,Φ28-32,HRB400E,莱钢,None,山东烟台,None,None
2024-05-09,螺纹钢,Φ28-32,HRB400E,莱钢永锋,None,山东烟台,None,None
2024-05-09,螺纹钢,Φ28-32,HRB400E,石横特钢,None,山东烟台,None,None
2024-05-09,螺纹钢,Φ28-32,HRB400E,日照,None,山东烟台,None,None
2024-05-09,螺纹钢,Φ28-32,HRB400E,江苏镔鑫,None,山东烟台,None,None
2024-05-09,高线,Φ10,HPB300,莱钢永锋,None,山东烟台,None,None
2024-05-09,高线,Φ10,HPB300,石横特钢,None,山东烟台,None,None
2024-05-09,高线,Φ10,HPB300,江苏镔鑫,None,山东烟台,None,None
2024-05-09,高线,Φ12,HPB300,莱钢永锋,None,山东烟台,None,None
2024-05-09,高线,Φ12,HPB300,石横特钢,None,山东烟台,None,None
2024-05-09,高线,Φ6,HPB300,莱钢永锋,None,山东烟台,None,None
2024-05-09,高线,Φ6,HPB300,石横特钢,None,山东烟台,None,None
2024-05-09,高线,Φ6,HPB300,江苏镔鑫,None,山东烟台,None,None
2024-05-09,高线,Φ8,HPB300,莱钢永锋,None,山东烟台,None,None
2024-05-09,高线,Φ8,HPB300,石横特钢,None,山东烟台,None,None
2024-05-09,高线,Φ8,HPB300,江苏镔鑫,None,山东烟台,None,None
2024-05-08,圆钢,Φ12-22,HPB300,莱钢永锋,None,山东烟台,None,None
2024-05-08,圆钢,Φ12-22,HPB300,石横特钢,None,山东烟台,None,None
2024-05-08,圆钢,Φ25-32,HPB300,莱钢永锋,None,山东烟台,None,None
2024-05-08,圆钢,Φ25-32,HPB300,石横特钢,None,山东烟台,None,None
2024-05-08,盘螺,Φ10,HRB400E,莱钢永锋,None,山东烟台,None,None
2024-05-08,盘螺,Φ10,HRB400E,石横特钢,None,山东烟台,None,None
2024-05-08,盘螺,Φ10,HRB400E,日照,None,山东烟台,None,None
2024-05-08,盘螺,Φ10,HRB400E,江苏镔鑫,None,山东烟台,None,None
2024-05-08,盘螺,Φ10,HRB400E,日钢营口,None,山东烟台,None,None
2024-05-08,盘螺,Φ12,HRB400E,莱钢永锋,None,山东烟台,None,None
2024-05-08,盘螺,Φ12,HRB400E,石横特钢,None,山东烟台,None,None
2024-05-08,盘螺,Φ6,HRB400E,莱钢永锋,None,山东烟台,None,None
2024-05-08,盘螺,Φ6,HRB400E,石横特钢,None,山东烟台,None,None
2024-05-08,盘螺,Φ8,HRB400E,莱钢永锋,None,山东烟台,None,None
2024-05-08,盘螺,Φ8,HRB400E,石横特钢,None,山东烟台,None,None
2024-05-08,盘螺,Φ8,HRB400E,日照,None,山东烟台,None,None
2024-05-08,盘螺,Φ8,HRB400E,江苏镔鑫,None,山东烟台,None,None
2024-05-08,盘螺,Φ8,HRB400E,日钢营口,None,山东烟台,None,None
2024-05-08,螺纹钢,Φ10,HRB400E,莱钢,None,山东烟台,None,None
2024-05-08,螺纹钢,Φ10,HRB400E,莱钢永锋,None,山东烟台,None,None
2024-05-08,螺纹钢,Φ10,HRB400E,石横特钢,None,山东烟台,None,None
2024-05-08,螺纹钢,Φ12,HRB400E,莱钢,None,山东烟台,None,None
2024-05-08,螺纹钢,Φ12,HRB400E,莱钢永锋,None,山东烟台,None,None
2024-05-08,螺纹钢,Φ12,HRB400E,石横特钢,None,山东烟台,None,None
2024-05-08,螺纹钢,Φ12,HRB400E,日照,None,山东烟台,None,None
2024-05-08,螺纹钢,Φ12,HRB400E,江苏镔鑫,None,山东烟台,None,None
2024-05-08,螺纹钢,Φ12-14,HRB500E,莱钢,None,山东烟台,None,None
2024-05-08,螺纹钢,Φ12-14,HRB500E,莱钢永锋,None,山东烟台,None,None
2024-05-08,螺纹钢,Φ12-14,HRB500E,石横特钢,None,山东烟台,None,None
2024-05-08,螺纹钢,Φ14,HRB400E,莱钢,None,山东烟台,None,None
2024-05-08,螺纹钢,Φ14,HRB400E,莱钢永锋,None,山东烟台,None,None
2024-05-08,螺纹钢,Φ14,HRB400E,石横特钢,None,山东烟台,None,None
2024-05-08,螺纹钢,Φ14,HRB400E,日照,None,山东烟台,None,None
2024-05-08,螺纹钢,Φ14,HRB400E,江苏镔鑫,None,山东烟台,None,None
2024-05-08,螺纹钢,Φ16,HRB400E,莱钢,None,山东烟台,None,None
2024-05-08,螺纹钢,Φ16,HRB400E,莱钢永锋,None,山东烟台,None,None
2024-05-08,螺纹钢,Φ16,HRB400E,石横特钢,None,山东烟台,None,None
2024-05-08,螺纹钢,Φ16,HRB400E,日照,None,山东烟台,None,None
2024-05-08,螺纹钢,Φ16,HRB400E,江苏镔鑫,None,山东烟台,None,None
2024-05-08,螺纹钢,Φ18,HRB400E,莱钢,None,山东烟台,None,None
2024-05-08,螺纹钢,Φ18,HRB400E,莱钢永锋,None,山东烟台,None,None
2024-05-08,螺纹钢,Φ18,HRB400E,石横特钢,None,山东烟台,None,None
2024-05-08,螺纹钢,Φ18,HRB400E,日照,None,山东烟台,None,None
2024-05-08,螺纹钢,Φ18,HRB400E,江苏镔鑫,None,山东烟台,None,None
2024-05-08,螺纹钢,Φ20,HRB400E,莱钢,None,山东烟台,None,None
2024-05-08,螺纹钢,Φ20,HRB400E,莱钢永锋,None,山东烟台,None,None
2024-05-08,螺纹钢,Φ20,HRB400E,石横特钢,None,山东烟台,None,None
2024-05-08,螺纹钢,Φ20,HRB400E,日照,None,山东烟台,None,None
2024-05-08,螺纹钢,Φ20,HRB400E,江苏镔鑫,None,山东烟台,None,None
2024-05-08,螺纹钢,Φ22,HRB400E,莱钢,None,山东烟台,None,None
2024-05-08,螺纹钢,Φ22,HRB400E,莱钢永锋,None,山东烟台,None,None
2024-05-08,螺纹钢,Φ22,HRB400E,石横特钢,None,山东烟台,None,None
2024-05-08,螺纹钢,Φ22,HRB400E,日照,None,山东烟台,None,None
2024-05-08,螺纹钢,Φ22,HRB400E,江苏镔鑫,None,山东烟台,None,None
2024-05-08,螺纹钢,Φ25,HRB400E,莱钢,None,山东烟台,None,None
2024-05-08,螺纹钢,Φ25,HRB400E,莱钢永锋,None,山东烟台,None,None
2024-05-08,螺纹钢,Φ25,HRB400E,石横特钢,None,山东烟台,None,None
2024-05-08,螺纹钢,Φ25,HRB400E,日照,None,山东烟台,None,None
2024-05-08,螺纹钢,Φ25,HRB400E,江苏镔鑫,None,山东烟台,None,None
2024-05-08,螺纹钢,Φ28-32,HRB400E,莱钢,None,山东烟台,None,None
2024-05-08,螺纹钢,Φ28-32,HRB400E,莱钢永锋,None,山东烟台,None,None
2024-05-08,螺纹钢,Φ28-32,HRB400E,石横特钢,None,山东烟台,None,None
2024-05-08,螺纹钢,Φ28-32,HRB400E,日照,None,山东烟台,None,None
2024-05-08,螺纹钢,Φ28-32,HRB400E,江苏镔鑫,None,山东烟台,None,None
2024-05-08,高线,Φ10,HPB300,莱钢永锋,None,山东烟台,None,None
2024-05-08,高线,Φ10,HPB300,石横特钢,None,山东烟台,None,None
2024-05-08,高线,Φ10,HPB300,江苏镔鑫,None,山东烟台,None,None
2024-05-08,高线,Φ12,HPB300,莱钢永锋,None,山东烟台,None,None
2024-05-08,高线,Φ12,HPB300,石横特钢,None,山东烟台,None,None
2024-05-08,高线,Φ6,HPB300,莱钢永锋,None,山东烟台,None,None
2024-05-08,高线,Φ6,HPB300,石横特钢,None,山东烟台,None,None
2024-05-08,高线,Φ6,HPB300,江苏镔鑫,None,山东烟台,None,None
2024-05-08,高线,Φ8,HPB300,莱钢永锋,None,山东烟台,None,None
2024-05-08,高线,Φ8,HPB300,石横特钢,None,山东烟台,None,None
2024-05-08,高线,Φ8,HPB300,江苏镔鑫,None,山东烟台,None,None
2024-05-07,圆钢,Φ12-22,HPB300,莱钢永锋,None,山东烟台,None,None
2024-05-07,圆钢,Φ12-22,HPB300,石横特钢,None,山东烟台,None,None
2024-05-07,圆钢,Φ25-32,HPB300,莱钢永锋,None,山东烟台,None,None
2024-05-07,圆钢,Φ25-32,HPB300,石横特钢,None,山东烟台,None,None
2024-05-07,盘螺,Φ10,HRB400E,莱钢永锋,None,山东烟台,None,None
2024-05-07,盘螺,Φ10,HRB400E,石横特钢,None,山东烟台,None,None
2024-05-07,盘螺,Φ10,HRB400E,日照,None,山东烟台,None,None
2024-05-07,盘螺,Φ10,HRB400E,江苏镔鑫,None,山东烟台,None,None
2024-05-07,盘螺,Φ10,HRB400E,日钢营口,None,山东烟台,None,None
2024-05-07,盘螺,Φ12,HRB400E,莱钢永锋,None,山东烟台,None,None
2024-05-07,盘螺,Φ12,HRB400E,石横特钢,None,山东烟台,None,None
2024-05-07,盘螺,Φ6,HRB400E,莱钢永锋,None,山东烟台,None,None
2024-05-07,盘螺,Φ6,HRB400E,石横特钢,None,山东烟台,None,None
2024-05-07,盘螺,Φ8,HRB400E,莱钢永锋,None,山东烟台,None,None
2024-05-07,盘螺,Φ8,HRB400E,石横特钢,None,山东烟台,None,None
2024-05-07,盘螺,Φ8,HRB400E,日照,None,山东烟台,None,None
2024-05-07,盘螺,Φ8,HRB400E,江苏镔鑫,None,山东烟台,None,None
2024-05-07,盘螺,Φ8,HRB400E,日钢营口,None,山东烟台,None,None
2024-05-07,螺纹钢,Φ10,HRB400E,莱钢,None,山东烟台,None,None
2024-05-07,螺纹钢,Φ10,HRB400E,莱钢永锋,None,山东烟台,None,None
2024-05-07,螺纹钢,Φ10,HRB400E,石横特钢,None,山东烟台,None,None
2024-05-07,螺纹钢,Φ12,HRB400E,莱钢,None,山东烟台,None,None
2024-05-07,螺纹钢,Φ12,HRB400E,莱钢永锋,None,山东烟台,None,None
2024-05-07,螺纹钢,Φ12,HRB400E,石横特钢,None,山东烟台,None,None
2024-05-07,螺纹钢,Φ12,HRB400E,日照,None,山东烟台,None,None
2024-05-07,螺纹钢,Φ12,HRB400E,江苏镔鑫,None,山东烟台,None,None
2024-05-07,螺纹钢,Φ12-14,HRB500E,莱钢,None,山东烟台,None,None
2024-05-07,螺纹钢,Φ12-14,HRB500E,莱钢永锋,None,山东烟台,None,None
2024-05-07,螺纹钢,Φ12-14,HRB500E,石横特钢,None,山东烟台,None,None
2024-05-07,螺纹钢,Φ14,HRB400E,莱钢,None,山东烟台,None,None
2024-05-07,螺纹钢,Φ14,HRB400E,莱钢永锋,None,山东烟台,None,None
2024-05-07,螺纹钢,Φ14,HRB400E,石横特钢,None,山东烟台,None,None
2024-05-07,螺纹钢,Φ14,HRB400E,日照,None,山东烟台,None,None
2024-05-07,螺纹钢,Φ14,HRB400E,江苏镔鑫,None,山东烟台,None,None
2024-05-07,螺纹钢,Φ16,HRB400E,莱钢,None,山东烟台,None,None
2024-05-07,螺纹钢,Φ16,HRB400E,莱钢永锋,None,山东烟台,None,None
2024-05-07,螺纹钢,Φ16,HRB400E,石横特钢,None,山东烟台,None,None
2024-05-07,螺纹钢,Φ16,HRB400E,日照,None,山东烟台,None,None
2024-05-07,螺纹钢,Φ16,HRB400E,江苏镔鑫,None,山东烟台,None,None
2024-05-07,螺纹钢,Φ18,HRB400E,莱钢,None,山东烟台,None,None
2024-05-07,螺纹钢,Φ18,HRB400E,莱钢永锋,None,山东烟台,None,None
2024-05-07,螺纹钢,Φ18,HRB400E,石横特钢,None,山东烟台,None,None
2024-05-07,螺纹钢,Φ18,HRB400E,日照,None,山东烟台,None,None
2024-05-07,螺纹钢,Φ18,HRB400E,江苏镔鑫,None,山东烟台,None,None
2024-05-07,螺纹钢,Φ20,HRB400E,莱钢,None,山东烟台,None,None
2024-05-07,螺纹钢,Φ20,HRB400E,莱钢永锋,None,山东烟台,None,None
2024-05-07,螺纹钢,Φ20,HRB400E,石横特钢,None,山东烟台,None,None
2024-05-07,螺纹钢,Φ20,HRB400E,日照,None,山东烟台,None,None
2024-05-07,螺纹钢,Φ20,HRB400E,江苏镔鑫,None,山东烟台,None,None
2024-05-07,螺纹钢,Φ22,HRB400E,莱钢,None,山东烟台,None,None
2024-05-07,螺纹钢,Φ22,HRB400E,莱钢永锋,None,山东烟台,None,None
2024-05-07,螺纹钢,Φ22,HRB400E,石横特钢,None,山东烟台,None,None
2024-05-07,螺纹钢,Φ22,HRB400E,日照,None,山东烟台,None,None
2024-05-07,螺纹钢,Φ22,HRB400E,江苏镔鑫,None,山东烟台,None,None
2024-05-07,螺纹钢,Φ25,HRB400E,莱钢,None,山东烟台,None,None
2024-05-07,螺纹钢,Φ25,HRB400E,莱钢永锋,None,山东烟台,None,None
2024-05-07,螺纹钢,Φ25,HRB400E,石横特钢,None,山东烟台,None,None
2024-05-07,螺纹钢,Φ25,HRB400E,日照,None,山东烟台,None,None
2024-05-07,螺纹钢,Φ25,HRB400E,江苏镔鑫,None,山东烟台,None,None
2024-05-07,螺纹钢,Φ28-32,HRB400E,莱钢,None,山东烟台,None,None
2024-05-07,螺纹钢,Φ28-32,HRB400E,莱钢永锋,None,山东烟台,None,None
2024-05-07,螺纹钢,Φ28-32,HRB400E,石横特钢,None,山东烟台,None,None
2024-05-07,螺纹钢,Φ28-32,HRB400E,日照,None,山东烟台,None,None
2024-05-07,螺纹钢,Φ28-32,HRB400E,江苏镔鑫,None,山东烟台,None,None
2024-05-07,高线,Φ10,HPB300,莱钢永锋,None,山东烟台,None,None
2024-05-07,高线,Φ10,HPB300,石横特钢,None,山东烟台,None,None
2024-05-07,高线,Φ10,HPB300,江苏镔鑫,None,山东烟台,None,None
2024-05-07,高线,Φ12,HPB300,莱钢永锋,None,山东烟台,None,None
2024-05-07,高线,Φ12,HPB300,石横特钢,None,山东烟台,None,None
2024-05-07,高线,Φ6,HPB300,莱钢永锋,None,山东烟台,None,None
2024-05-07,高线,Φ6,HPB300,石横特钢,None,山东烟台,None,None
2024-05-07,高线,Φ6,HPB300,江苏镔鑫,None,山东烟台,None,None
2024-05-07,高线,Φ8,HPB300,莱钢永锋,None,山东烟台,None,None
2024-05-07,高线,Φ8,HPB300,石横特钢,None,山东烟台,None,None
2024-05-07,高线,Φ8,HPB300,江苏镔鑫,None,山东烟台,None,None
2024-05-06,圆钢,Φ12-22,HPB300,莱钢永锋,None,山东烟台,None,None
2024-05-06,圆钢,Φ12-22,HPB300,石横特钢,None,山东烟台,None,None
2024-05-06,圆钢,Φ25-32,HPB300,莱钢永锋,None,山东烟台,None,None
2024-05-06,圆钢,Φ25-32,HPB300,石横特钢,None,山东烟台,None,None
2024-05-06,盘螺,Φ10,HRB400E,莱钢永锋,None,山东烟台,None,None
2024-05-06,盘螺,Φ10,HRB400E,石横特钢,None,山东烟台,None,None
2024-05-06,盘螺,Φ10,HRB400E,日照,None,山东烟台,None,None
2024-05-06,盘螺,Φ10,HRB400E,江苏镔鑫,None,山东烟台,None,None
2024-05-06,盘螺,Φ10,HRB400E,日钢营口,None,山东烟台,None,None
2024-05-06,盘螺,Φ12,HRB400E,莱钢永锋,None,山东烟台,None,None
2024-05-06,盘螺,Φ12,HRB400E,石横特钢,None,山东烟台,None,None
2024-05-06,盘螺,Φ6,HRB400E,莱钢永锋,None,山东烟台,None,None
2024-05-06,盘螺,Φ6,HRB400E,石横特钢,None,山东烟台,None,None
2024-05-06,盘螺,Φ8,HRB400E,莱钢永锋,None,山东烟台,None,None
2024-05-06,盘螺,Φ8,HRB400E,石横特钢,None,山东烟台,None,None
2024-05-06,盘螺,Φ8,HRB400E,日照,None,山东烟台,None,None
2024-05-06,盘螺,Φ8,HRB400E,江苏镔鑫,None,山东烟台,None,None
2024-05-06,盘螺,Φ8,HRB400E,日钢营口,None,山东烟台,None,None
2024-05-06,螺纹钢,Φ10,HRB400E,莱钢,None,山东烟台,None,None
2024-05-06,螺纹钢,Φ10,HRB400E,莱钢永锋,None,山东烟台,None,None
2024-05-06,螺纹钢,Φ10,HRB400E,石横特钢,None,山东烟台,None,None
2024-05-06,螺纹钢,Φ12,HRB400E,莱钢,None,山东烟台,None,None
2024-05-06,螺纹钢,Φ12,HRB400E,莱钢永锋,None,山东烟台,None,None
2024-05-06,螺纹钢,Φ12,HRB400E,石横特钢,None,山东烟台,None,None
2024-05-06,螺纹钢,Φ12,HRB400E,日照,None,山东烟台,None,None
2024-05-06,螺纹钢,Φ12,HRB400E,江苏镔鑫,None,山东烟台,None,None
2024-05-06,螺纹钢,Φ12-14,HRB500E,莱钢,None,山东烟台,None,None
2024-05-06,螺纹钢,Φ12-14,HRB500E,莱钢永锋,None,山东烟台,None,None
2024-05-06,螺纹钢,Φ12-14,HRB500E,石横特钢,None,山东烟台,None,None
2024-05-06,螺纹钢,Φ14,HRB400E,莱钢,None,山东烟台,None,None
2024-05-06,螺纹钢,Φ14,HRB400E,莱钢永锋,None,山东烟台,None,None
2024-05-06,螺纹钢,Φ14,HRB400E,石横特钢,None,山东烟台,None,None
2024-05-06,螺纹钢,Φ14,HRB400E,日照,None,山东烟台,None,None
2024-05-06,螺纹钢,Φ14,HRB400E,江苏镔鑫,None,山东烟台,None,None
2024-05-06,螺纹钢,Φ16,HRB400E,莱钢,None,山东烟台,None,None
2024-05-06,螺纹钢,Φ16,HRB400E,莱钢永锋,None,山东烟台,None,None
2024-05-06,螺纹钢,Φ16,HRB400E,石横特钢,None,山东烟台,None,None
2024-05-06,螺纹钢,Φ16,HRB400E,日照,None,山东烟台,None,None
2024-05-06,螺纹钢,Φ16,HRB400E,江苏镔鑫,None,山东烟台,None,None
2024-05-06,螺纹钢,Φ18,HRB400E,莱钢,None,山东烟台,None,None
2024-05-06,螺纹钢,Φ18,HRB400E,莱钢永锋,None,山东烟台,None,None
2024-05-06,螺纹钢,Φ18,HRB400E,石横特钢,None,山东烟台,None,None
2024-05-06,螺纹钢,Φ18,HRB400E,日照,None,山东烟台,None,None
2024-05-06,螺纹钢,Φ18,HRB400E,江苏镔鑫,None,山东烟台,None,None
2024-05-06,螺纹钢,Φ20,HRB400E,莱钢,None,山东烟台,None,None
2024-05-06,螺纹钢,Φ20,HRB400E,莱钢永锋,None,山东烟台,None,None
2024-05-06,螺纹钢,Φ20,HRB400E,石横特钢,None,山东烟台,None,None
2024-05-06,螺纹钢,Φ20,HRB400E,日照,None,山东烟台,None,None
2024-05-06,螺纹钢,Φ20,HRB400E,江苏镔鑫,None,山东烟台,None,None
2024-05-06,螺纹钢,Φ22,HRB400E,莱钢,None,山东烟台,None,None
2024-05-06,螺纹钢,Φ22,HRB400E,莱钢永锋,None,山东烟台,None,None
2024-05-06,螺纹钢,Φ22,HRB400E,石横特钢,None,山东烟台,None,None
2024-05-06,螺纹钢,Φ22,HRB400E,日照,None,山东烟台,None,None
2024-05-06,螺纹钢,Φ22,HRB400E,江苏镔鑫,None,山东烟台,None,None
2024-05-06,螺纹钢,Φ25,HRB400E,莱钢,None,山东烟台,None,None
2024-05-06,螺纹钢,Φ25,HRB400E,莱钢永锋,None,山东烟台,None,None
2024-05-06,螺纹钢,Φ25,HRB400E,石横特钢,None,山东烟台,None,None
2024-05-06,螺纹钢,Φ25,HRB400E,日照,None,山东烟台,None,None
2024-05-06,螺纹钢,Φ25,HRB400E,江苏镔鑫,None,山东烟台,None,None
2024-05-06,螺纹钢,Φ28-32,HRB400E,莱钢,None,山东烟台,None,None
2024-05-06,螺纹钢,Φ28-32,HRB400E,莱钢永锋,None,山东烟台,None,None
2024-05-06,螺纹钢,Φ28-32,HRB400E,石横特钢,None,山东烟台,None,None
2024-05-06,螺纹钢,Φ28-32,HRB400E,日照,None,山东烟台,None,None
2024-05-06,螺纹钢,Φ28-32,HRB400E,江苏镔鑫,None,山东烟台,None,None
2024-05-06,高线,Φ10,HPB300,莱钢永锋,None,山东烟台,None,None
2024-05-06,高线,Φ10,HPB300,石横特钢,None,山东烟台,None,None
2024-05-06,高线,Φ10,HPB300,江苏镔鑫,None,山东烟台,None,None
2024-05-06,高线,Φ12,HPB300,莱钢永锋,None,山东烟台,None,None
2024-05-06,高线,Φ12,HPB300,石横特钢,None,山东烟台,None,None
2024-05-06,高线,Φ6,HPB300,莱钢永锋,None,山东烟台,None,None
2024-05-06,高线,Φ6,HPB300,石横特钢,None,山东烟台,None,None
2024-05-06,高线,Φ6,HPB300,江苏镔鑫,None,山东烟台,None,None
2024-05-06,高线,Φ8,HPB300,莱钢永锋,None,山东烟台,None,None
2024-05-06,高线,Φ8,HPB300,石横特钢,None,山东烟台,None,None
2024-05-06,高线,Φ8,HPB300,江苏镔鑫,None,山东烟台,None,None
2024-04-30,圆钢,Φ12-22,HPB300,莱钢永锋,None,山东烟台,None,None
2024-04-30,圆钢,Φ12-22,HPB300,石横特钢,None,山东烟台,None,None
2024-04-30,圆钢,Φ25-32,HPB300,莱钢永锋,None,山东烟台,None,None
2024-04-30,圆钢,Φ25-32,HPB300,石横特钢,None,山东烟台,None,None
2024-04-30,盘螺,Φ10,HRB400E,莱钢永锋,None,山东烟台,None,None
2024-04-30,盘螺,Φ10,HRB400E,石横特钢,None,山东烟台,None,None
2024-04-30,盘螺,Φ10,HRB400E,日照,None,山东烟台,None,None
2024-04-30,盘螺,Φ10,HRB400E,江苏镔鑫,None,山东烟台,None,None
2024-04-30,盘螺,Φ10,HRB400E,日钢营口,None,山东烟台,None,None
2024-04-30,盘螺,Φ12,HRB400E,莱钢永锋,None,山东烟台,None,None
2024-04-30,盘螺,Φ12,HRB400E,石横特钢,None,山东烟台,None,None
2024-04-30,盘螺,Φ6,HRB400E,莱钢永锋,None,山东烟台,None,None
2024-04-30,盘螺,Φ6,HRB400E,石横特钢,None,山东烟台,None,None
2024-04-30,盘螺,Φ8,HRB400E,莱钢永锋,None,山东烟台,None,None
2024-04-30,盘螺,Φ8,HRB400E,石横特钢,None,山东烟台,None,None
2024-04-30,盘螺,Φ8,HRB400E,日照,None,山东烟台,None,None
2024-04-30,盘螺,Φ8,HRB400E,江苏镔鑫,None,山东烟台,None,None
2024-04-30,盘螺,Φ8,HRB400E,日钢营口,None,山东烟台,None,None
2024-04-30,螺纹钢,Φ10,HRB400E,莱钢,None,山东烟台,None,None
2024-04-30,螺纹钢,Φ10,HRB400E,莱钢永锋,None,山东烟台,None,None
2024-04-30,螺纹钢,Φ10,HRB400E,石横特钢,None,山东烟台,None,None
2024-04-30,螺纹钢,Φ12,HRB400E,莱钢,None,山东烟台,None,None
2024-04-30,螺纹钢,Φ12,HRB400E,莱钢永锋,None,山东烟台,None,None
2024-04-30,螺纹钢,Φ12,HRB400E,石横特钢,None,山东烟台,None,None
2024-04-30,螺纹钢,Φ12,HRB400E,日照,None,山东烟台,None,None
2024-04-30,螺纹钢,Φ12,HRB400E,江苏镔鑫,None,山东烟台,None,None
2024-04-30,螺纹钢,Φ12-14,HRB500E,莱钢,None,山东烟台,None,None
2024-04-30,螺纹钢,Φ12-14,HRB500E,莱钢永锋,None,山东烟台,None,None
2024-04-30,螺纹钢,Φ12-14,HRB500E,石横特钢,None,山东烟台,None,None
2024-04-30,螺纹钢,Φ14,HRB400E,莱钢,None,山东烟台,None,None
2024-04-30,螺纹钢,Φ14,HRB400E,莱钢永锋,None,山东烟台,None,None
2024-04-30,螺纹钢,Φ14,HRB400E,石横特钢,None,山东烟台,None,None
2024-04-30,螺纹钢,Φ14,HRB400E,日照,None,山东烟台,None,None
2024-04-30,螺纹钢,Φ14,HRB400E,江苏镔鑫,None,山东烟台,None,None
2024-04-30,螺纹钢,Φ16,HRB400E,莱钢,None,山东烟台,None,None
2024-04-30,螺纹钢,Φ16,HRB400E,莱钢永锋,None,山东烟台,None,None
2024-04-30,螺纹钢,Φ16,HRB400E,石横特钢,None,山东烟台,None,None
2024-04-30,螺纹钢,Φ16,HRB400E,日照,None,山东烟台,None,None
2024-04-30,螺纹钢,Φ16,HRB400E,江苏镔鑫,None,山东烟台,None,None
2024-04-30,螺纹钢,Φ18,HRB400E,莱钢,None,山东烟台,None,None
2024-04-30,螺纹钢,Φ18,HRB400E,莱钢永锋,None,山东烟台,None,None
2024-04-30,螺纹钢,Φ18,HRB400E,石横特钢,None,山东烟台,None,None
2024-04-30,螺纹钢,Φ18,HRB400E,日照,None,山东烟台,None,None
2024-04-30,螺纹钢,Φ18,HRB400E,江苏镔鑫,None,山东烟台,None,None
2024-04-30,螺纹钢,Φ20,HRB400E,莱钢,None,山东烟台,None,None
2024-04-30,螺纹钢,Φ20,HRB400E,莱钢永锋,None,山东烟台,None,None
2024-04-30,螺纹钢,Φ20,HRB400E,石横特钢,None,山东烟台,None,None
2024-04-30,螺纹钢,Φ20,HRB400E,日照,None,山东烟台,None,None
2024-04-30,螺纹钢,Φ20,HRB400E,江苏镔鑫,None,山东烟台,None,None
2024-04-30,螺纹钢,Φ22,HRB400E,莱钢,None,山东烟台,None,None
2024-04-30,螺纹钢,Φ22,HRB400E,莱钢永锋,None,山东烟台,None,None
2024-04-30,螺纹钢,Φ22,HRB400E,石横特钢,None,山东烟台,None,None
2024-04-30,螺纹钢,Φ22,HRB400E,日照,None,山东烟台,None,None
2024-04-30,螺纹钢,Φ22,HRB400E,江苏镔鑫,None,山东烟台,None,None
2024-04-30,螺纹钢,Φ25,HRB400E,莱钢,None,山东烟台,None,None
2024-04-30,螺纹钢,Φ25,HRB400E,莱钢永锋,None,山东烟台,None,None
2024-04-30,螺纹钢,Φ25,HRB400E,石横特钢,None,山东烟台,None,None
2024-04-30,螺纹钢,Φ25,HRB400E,日照,None,山东烟台,None,None
2024-04-30,螺纹钢,Φ25,HRB400E,江苏镔鑫,None,山东烟台,None,None
2024-04-30,螺纹钢,Φ28-32,HRB400E,莱钢,None,山东烟台,None,None
2024-04-30,螺纹钢,Φ28-32,HRB400E,莱钢永锋,None,山东烟台,None,None
2024-04-30,螺纹钢,Φ28-32,HRB400E,石横特钢,None,山东烟台,None,None
2024-04-30,螺纹钢,Φ28-32,HRB400E,日照,None,山东烟台,None,None
2024-04-30,螺纹钢,Φ28-32,HRB400E,江苏镔鑫,None,山东烟台,None,None
2024-04-30,高线,Φ10,HPB300,莱钢永锋,None,山东烟台,None,None
2024-04-30,高线,Φ10,HPB300,石横特钢,None,山东烟台,None,None
2024-04-30,高线,Φ10,HPB300,江苏镔鑫,None,山东烟台,None,None
2024-04-30,高线,Φ12,HPB300,莱钢永锋,None,山东烟台,None,None
2024-04-30,高线,Φ12,HPB300,石横特钢,None,山东烟台,None,None
2024-04-30,高线,Φ6,HPB300,莱钢永锋,None,山东烟台,None,None
2024-04-30,高线,Φ6,HPB300,石横特钢,None,山东烟台,None,None
2024-04-30,高线,Φ6,HPB300,江苏镔鑫,None,山东烟台,None,None
2024-04-30,高线,Φ8,HPB300,莱钢永锋,None,山东烟台,None,None
2024-04-30,高线,Φ8,HPB300,石横特钢,None,山东烟台,None,None
2024-04-30,高线,Φ8,HPB300,江苏镔鑫,None,山东烟台,None,None
2024-04-29,圆钢,Φ12-22,HPB300,莱钢永锋,None,山东烟台,None,None
2024-04-29,圆钢,Φ12-22,HPB300,石横特钢,None,山东烟台,None,None
2024-04-29,圆钢,Φ25-32,HPB300,莱钢永锋,None,山东烟台,None,None
2024-04-29,圆钢,Φ25-32,HPB300,石横特钢,None,山东烟台,None,None
2024-04-29,盘螺,Φ10,HRB400E,莱钢永锋,None,山东烟台,None,None
2024-04-29,盘螺,Φ10,HRB400E,石横特钢,None,山东烟台,None,None
2024-04-29,盘螺,Φ10,HRB400E,日照,None,山东烟台,None,None
2024-04-29,盘螺,Φ10,HRB400E,江苏镔鑫,None,山东烟台,None,None
2024-04-29,盘螺,Φ10,HRB400E,日钢营口,None,山东烟台,None,None
2024-04-29,盘螺,Φ12,HRB400E,莱钢永锋,None,山东烟台,None,None
2024-04-29,盘螺,Φ12,HRB400E,石横特钢,None,山东烟台,None,None
2024-04-29,盘螺,Φ6,HRB400E,莱钢永锋,None,山东烟台,None,None
2024-04-29,盘螺,Φ6,HRB400E,石横特钢,None,山东烟台,None,None
2024-04-29,盘螺,Φ8,HRB400E,莱钢永锋,None,山东烟台,None,None
2024-04-29,盘螺,Φ8,HRB400E,石横特钢,None,山东烟台,None,None
2024-04-29,盘螺,Φ8,HRB400E,日照,None,山东烟台,None,None
2024-04-29,盘螺,Φ8,HRB400E,江苏镔鑫,None,山东烟台,None,None
2024-04-29,盘螺,Φ8,HRB400E,日钢营口,None,山东烟台,None,None
2024-04-29,螺纹钢,Φ10,HRB400E,莱钢,None,山东烟台,None,None
2024-04-29,螺纹钢,Φ10,HRB400E,莱钢永锋,None,山东烟台,None,None
2024-04-29,螺纹钢,Φ10,HRB400E,石横特钢,None,山东烟台,None,None
2024-04-29,螺纹钢,Φ12,HRB400E,莱钢,None,山东烟台,None,None
2024-04-29,螺纹钢,Φ12,HRB400E,莱钢永锋,None,山东烟台,None,None
2024-04-29,螺纹钢,Φ12,HRB400E,石横特钢,None,山东烟台,None,None
2024-04-29,螺纹钢,Φ12,HRB400E,日照,None,山东烟台,None,None
2024-04-29,螺纹钢,Φ12,HRB400E,江苏镔鑫,None,山东烟台,None,None
2024-04-29,螺纹钢,Φ12-14,HRB500E,莱钢,None,山东烟台,None,None
2024-04-29,螺纹钢,Φ12-14,HRB500E,莱钢永锋,None,山东烟台,None,None
2024-04-29,螺纹钢,Φ12-14,HRB500E,石横特钢,None,山东烟台,None,None
2024-04-29,螺纹钢,Φ14,HRB400E,莱钢,None,山东烟台,None,None
2024-04-29,螺纹钢,Φ14,HRB400E,莱钢永锋,None,山东烟台,None,None
2024-04-29,螺纹钢,Φ14,HRB400E,石横特钢,None,山东烟台,None,None
2024-04-29,螺纹钢,Φ14,HRB400E,日照,None,山东烟台,None,None
2024-04-29,螺纹钢,Φ14,HRB400E,江苏镔鑫,None,山东烟台,None,None
2024-04-29,螺纹钢,Φ16,HRB400E,莱钢,None,山东烟台,None,None
2024-04-29,螺纹钢,Φ16,HRB400E,莱钢永锋,None,山东烟台,None,None
2024-04-29,螺纹钢,Φ16,HRB400E,石横特钢,None,山东烟台,None,None
2024-04-29,螺纹钢,Φ16,HRB400E,日照,None,山东烟台,None,None
2024-04-29,螺纹钢,Φ16,HRB400E,江苏镔鑫,None,山东烟台,None,None
2024-04-29,螺纹钢,Φ18,HRB400E,莱钢,None,山东烟台,None,None
2024-04-29,螺纹钢,Φ18,HRB400E,莱钢永锋,None,山东烟台,None,None
2024-04-29,螺纹钢,Φ18,HRB400E,石横特钢,None,山东烟台,None,None
2024-04-29,螺纹钢,Φ18,HRB400E,日照,None,山东烟台,None,None
2024-04-29,螺纹钢,Φ18,HRB400E,江苏镔鑫,None,山东烟台,None,None
2024-04-29,螺纹钢,Φ20,HRB400E,莱钢,None,山东烟台,None,None
2024-04-29,螺纹钢,Φ20,HRB400E,莱钢永锋,None,山东烟台,None,None
2024-04-29,螺纹钢,Φ20,HRB400E,石横特钢,None,山东烟台,None,None
2024-04-29,螺纹钢,Φ20,HRB400E,日照,None,山东烟台,None,None
2024-04-29,螺纹钢,Φ20,HRB400E,江苏镔鑫,None,山东烟台,None,None
2024-04-29,螺纹钢,Φ22,HRB400E,莱钢,None,山东烟台,None,None
2024-04-29,螺纹钢,Φ22,HRB400E,莱钢永锋,None,山东烟台,None,None
2024-04-29,螺纹钢,Φ22,HRB400E,石横特钢,None,山东烟台,None,None
2024-04-29,螺纹钢,Φ22,HRB400E,日照,None,山东烟台,None,None
2024-04-29,螺纹钢,Φ22,HRB400E,江苏镔鑫,None,山东烟台,None,None
2024-04-29,螺纹钢,Φ25,HRB400E,莱钢,None,山东烟台,None,None
2024-04-29,螺纹钢,Φ25,HRB400E,莱钢永锋,None,山东烟台,None,None
2024-04-29,螺纹钢,Φ25,HRB400E,石横特钢,None,山东烟台,None,None
2024-04-29,螺纹钢,Φ25,HRB400E,日照,None,山东烟台,None,None
2024-04-29,螺纹钢,Φ25,HRB400E,江苏镔鑫,None,山东烟台,None,None
2024-04-29,螺纹钢,Φ28-32,HRB400E,莱钢,None,山东烟台,None,None
2024-04-29,螺纹钢,Φ28-32,HRB400E,莱钢永锋,None,山东烟台,None,None
2024-04-29,螺纹钢,Φ28-32,HRB400E,石横特钢,None,山东烟台,None,None
2024-04-29,螺纹钢,Φ28-32,HRB400E,日照,None,山东烟台,None,None
2024-04-29,螺纹钢,Φ28-32,HRB400E,江苏镔鑫,None,山东烟台,None,None
2024-04-29,高线,Φ10,HPB300,莱钢永锋,None,山东烟台,None,None
2024-04-29,高线,Φ10,HPB300,石横特钢,None,山东烟台,None,None
2024-04-29,高线,Φ10,HPB300,江苏镔鑫,None,山东烟台,None,None
2024-04-29,高线,Φ12,HPB300,莱钢永锋,None,山东烟台,None,None
2024-04-29,高线,Φ12,HPB300,石横特钢,None,山东烟台,None,None
2024-04-29,高线,Φ6,HPB300,莱钢永锋,None,山东烟台,None,None
2024-04-29,高线,Φ6,HPB300,石横特钢,None,山东烟台,None,None
2024-04-29,高线,Φ6,HPB300,江苏镔鑫,None,山东烟台,None,None
2024-04-29,高线,Φ8,HPB300,莱钢永锋,None,山东烟台,None,None
2024-04-29,高线,Φ8,HPB300,石横特钢,None,山东烟台,None,None
2024-04-29,高线,Φ8,HPB300,江苏镔鑫,None,山东烟台,None,None
2024-04-28,圆钢,Φ12-22,HPB300,莱钢永锋,None,山东烟台,None,None
2024-04-28,圆钢,Φ12-22,HPB300,石横特钢,None,山东烟台,None,None
2024-04-28,圆钢,Φ25-32,HPB300,莱钢永锋,None,山东烟台,None,None
2024-04-28,圆钢,Φ25-32,HPB300,石横特钢,None,山东烟台,None,None
2024-04-28,盘螺,Φ10,HRB400E,莱钢永锋,None,山东烟台,None,None
2024-04-28,盘螺,Φ10,HRB400E,石横特钢,None,山东烟台,None,None
2024-04-28,盘螺,Φ10,HRB400E,日照,None,山东烟台,None,None
2024-04-28,盘螺,Φ10,HRB400E,江苏镔鑫,None,山东烟台,None,None
2024-04-28,盘螺,Φ10,HRB400E,日钢营口,None,山东烟台,None,None
2024-04-28,盘螺,Φ12,HRB400E,莱钢永锋,None,山东烟台,None,None
2024-04-28,盘螺,Φ12,HRB400E,石横特钢,None,山东烟台,None,None
2024-04-28,盘螺,Φ6,HRB400E,莱钢永锋,None,山东烟台,None,None
2024-04-28,盘螺,Φ6,HRB400E,石横特钢,None,山东烟台,None,None
2024-04-28,盘螺,Φ8,HRB400E,莱钢永锋,None,山东烟台,None,None
2024-04-28,盘螺,Φ8,HRB400E,石横特钢,None,山东烟台,None,None
2024-04-28,盘螺,Φ8,HRB400E,日照,None,山东烟台,None,None
2024-04-28,盘螺,Φ8,HRB400E,江苏镔鑫,None,山东烟台,None,None
2024-04-28,盘螺,Φ8,HRB400E,日钢营口,None,山东烟台,None,None
2024-04-28,螺纹钢,Φ10,HRB400E,莱钢,None,山东烟台,None,None
2024-04-28,螺纹钢,Φ10,HRB400E,莱钢永锋,None,山东烟台,None,None
2024-04-28,螺纹钢,Φ10,HRB400E,石横特钢,None,山东烟台,None,None
2024-04-28,螺纹钢,Φ12,HRB400E,莱钢,None,山东烟台,None,None
2024-04-28,螺纹钢,Φ12,HRB400E,莱钢永锋,None,山东烟台,None,None
2024-04-28,螺纹钢,Φ12,HRB400E,石横特钢,None,山东烟台,None,None
2024-04-28,螺纹钢,Φ12,HRB400E,日照,None,山东烟台,None,None
2024-04-28,螺纹钢,Φ12,HRB400E,江苏镔鑫,None,山东烟台,None,None
2024-04-28,螺纹钢,Φ12-14,HRB500E,莱钢,None,山东烟台,None,None
2024-04-28,螺纹钢,Φ12-14,HRB500E,莱钢永锋,None,山东烟台,None,None
2024-04-28,螺纹钢,Φ12-14,HRB500E,石横特钢,None,山东烟台,None,None
2024-04-28,螺纹钢,Φ14,HRB400E,莱钢,None,山东烟台,None,None
2024-04-28,螺纹钢,Φ14,HRB400E,莱钢永锋,None,山东烟台,None,None
2024-04-28,螺纹钢,Φ14,HRB400E,石横特钢,None,山东烟台,None,None
2024-04-28,螺纹钢,Φ14,HRB400E,日照,None,山东烟台,None,None
2024-04-28,螺纹钢,Φ14,HRB400E,江苏镔鑫,None,山东烟台,None,None
2024-04-28,螺纹钢,Φ16,HRB400E,莱钢,None,山东烟台,None,None
2024-04-28,螺纹钢,Φ16,HRB400E,莱钢永锋,None,山东烟台,None,None
2024-04-28,螺纹钢,Φ16,HRB400E,石横特钢,None,山东烟台,None,None
2024-04-28,螺纹钢,Φ16,HRB400E,日照,None,山东烟台,None,None
2024-04-28,螺纹钢,Φ16,HRB400E,江苏镔鑫,None,山东烟台,None,None
2024-04-28,螺纹钢,Φ18,HRB400E,莱钢,None,山东烟台,None,None
2024-04-28,螺纹钢,Φ18,HRB400E,莱钢永锋,None,山东烟台,None,None
2024-04-28,螺纹钢,Φ18,HRB400E,石横特钢,None,山东烟台,None,None
2024-04-28,螺纹钢,Φ18,HRB400E,日照,None,山东烟台,None,None
2024-04-28,螺纹钢,Φ18,HRB400E,江苏镔鑫,None,山东烟台,None,None
2024-04-28,螺纹钢,Φ20,HRB400E,莱钢,None,山东烟台,None,None
2024-04-28,螺纹钢,Φ20,HRB400E,莱钢永锋,None,山东烟台,None,None
2024-04-28,螺纹钢,Φ20,HRB400E,石横特钢,None,山东烟台,None,None
2024-04-28,螺纹钢,Φ20,HRB400E,日照,None,山东烟台,None,None
2024-04-28,螺纹钢,Φ20,HRB400E,江苏镔鑫,None,山东烟台,None,None
2024-04-28,螺纹钢,Φ22,HRB400E,莱钢,None,山东烟台,None,None
2024-04-28,螺纹钢,Φ22,HRB400E,莱钢永锋,None,山东烟台,None,None
2024-04-28,螺纹钢,Φ22,HRB400E,石横特钢,None,山东烟台,None,None
2024-04-28,螺纹钢,Φ22,HRB400E,日照,None,山东烟台,None,None
2024-04-28,螺纹钢,Φ22,HRB400E,江苏镔鑫,None,山东烟台,None,None
2024-04-28,螺纹钢,Φ25,HRB400E,莱钢,None,山东烟台,None,None
2024-04-28,螺纹钢,Φ25,HRB400E,莱钢永锋,None,山东烟台,None,None
2024-04-28,螺纹钢,Φ25,HRB400E,石横特钢,None,山东烟台,None,None
2024-04-28,螺纹钢,Φ25,HRB400E,日照,None,山东烟台,None,None
2024-04-28,螺纹钢,Φ25,HRB400E,江苏镔鑫,None,山东烟台,None,None
2024-04-28,螺纹钢,Φ28-32,HRB400E,莱钢,None,山东烟台,None,None
2024-04-28,螺纹钢,Φ28-32,HRB400E,莱钢永锋,None,山东烟台,None,None
2024-04-28,螺纹钢,Φ28-32,HRB400E,石横特钢,None,山东烟台,None,None
2024-04-28,螺纹钢,Φ28-32,HRB400E,日照,None,山东烟台,None,None
2024-04-28,螺纹钢,Φ28-32,HRB400E,江苏镔鑫,None,山东烟台,None,None
2024-04-28,高线,Φ10,HPB300,莱钢永锋,None,山东烟台,None,None
2024-04-28,高线,Φ10,HPB300,石横特钢,None,山东烟台,None,None
2024-04-28,高线,Φ10,HPB300,江苏镔鑫,None,山东烟台,None,None
2024-04-28,高线,Φ12,HPB300,莱钢永锋,None,山东烟台,None,None
2024-04-28,高线,Φ12,HPB300,石横特钢,None,山东烟台,None,None
2024-04-28,高线,Φ6,HPB300,莱钢永锋,None,山东烟台,None,None
2024-04-28,高线,Φ6,HPB300,石横特钢,None,山东烟台,None,None
2024-04-28,高线,Φ6,HPB300,江苏镔鑫,None,山东烟台,None,None
2024-04-28,高线,Φ8,HPB300,莱钢永锋,None,山东烟台,None,None
2024-04-28,高线,Φ8,HPB300,石横特钢,None,山东烟台,None,None
2024-04-28,高线,Φ8,HPB300,江苏镔鑫,None,山东烟台,None,None
2024-04-26,圆钢,Φ12-22,HPB300,莱钢永锋,None,山东烟台,None,None
2024-04-26,圆钢,Φ12-22,HPB300,石横特钢,None,山东烟台,None,None
2024-04-26,圆钢,Φ25-32,HPB300,莱钢永锋,None,山东烟台,None,None
2024-04-26,圆钢,Φ25-32,HPB300,石横特钢,None,山东烟台,None,None
2024-04-26,盘螺,Φ10,HRB400E,莱钢永锋,None,山东烟台,None,None
2024-04-26,盘螺,Φ10,HRB400E,石横特钢,None,山东烟台,None,None
2024-04-26,盘螺,Φ10,HRB400E,日照,None,山东烟台,None,None
2024-04-26,盘螺,Φ10,HRB400E,江苏镔鑫,None,山东烟台,None,None
2024-04-26,盘螺,Φ10,HRB400E,日钢营口,None,山东烟台,None,None
2024-04-26,盘螺,Φ12,HRB400E,莱钢永锋,None,山东烟台,None,None
2024-04-26,盘螺,Φ12,HRB400E,石横特钢,None,山东烟台,None,None
2024-04-26,盘螺,Φ6,HRB400E,莱钢永锋,None,山东烟台,None,None
2024-04-26,盘螺,Φ6,HRB400E,石横特钢,None,山东烟台,None,None
2024-04-26,盘螺,Φ8,HRB400E,莱钢永锋,None,山东烟台,None,None
2024-04-26,盘螺,Φ8,HRB400E,石横特钢,None,山东烟台,None,None
2024-04-26,盘螺,Φ8,HRB400E,日照,None,山东烟台,None,None
2024-04-26,盘螺,Φ8,HRB400E,江苏镔鑫,None,山东烟台,None,None
2024-04-26,盘螺,Φ8,HRB400E,日钢营口,None,山东烟台,None,None
2024-04-26,螺纹钢,Φ10,HRB400E,莱钢,None,山东烟台,None,None
2024-04-26,螺纹钢,Φ10,HRB400E,莱钢永锋,None,山东烟台,None,None
2024-04-26,螺纹钢,Φ10,HRB400E,石横特钢,None,山东烟台,None,None
2024-04-26,螺纹钢,Φ12,HRB400E,莱钢,None,山东烟台,None,None
2024-04-26,螺纹钢,Φ12,HRB400E,莱钢永锋,None,山东烟台,None,None
2024-04-26,螺纹钢,Φ12,HRB400E,石横特钢,None,山东烟台,None,None
2024-04-26,螺纹钢,Φ12,HRB400E,日照,None,山东烟台,None,None
2024-04-26,螺纹钢,Φ12,HRB400E,江苏镔鑫,None,山东烟台,None,None
2024-04-26,螺纹钢,Φ12-14,HRB500E,莱钢,None,山东烟台,None,None
2024-04-26,螺纹钢,Φ12-14,HRB500E,莱钢永锋,None,山东烟台,None,None
2024-04-26,螺纹钢,Φ12-14,HRB500E,石横特钢,None,山东烟台,None,None
2024-04-26,螺纹钢,Φ14,HRB400E,莱钢,None,山东烟台,None,None
2024-04-26,螺纹钢,Φ14,HRB400E,莱钢永锋,None,山东烟台,None,None
2024-04-26,螺纹钢,Φ14,HRB400E,石横特钢,None,山东烟台,None,None
2024-04-26,螺纹钢,Φ14,HRB400E,日照,None,山东烟台,None,None
2024-04-26,螺纹钢,Φ14,HRB400E,江苏镔鑫,None,山东烟台,None,None
2024-04-26,螺纹钢,Φ16,HRB400E,莱钢,None,山东烟台,None,None
2024-04-26,螺纹钢,Φ16,HRB400E,莱钢永锋,None,山东烟台,None,None
2024-04-26,螺纹钢,Φ16,HRB400E,石横特钢,None,山东烟台,None,None
2024-04-26,螺纹钢,Φ16,HRB400E,日照,None,山东烟台,None,None
2024-04-26,螺纹钢,Φ16,HRB400E,江苏镔鑫,None,山东烟台,None,None
2024-04-26,螺纹钢,Φ18,HRB400E,莱钢,None,山东烟台,None,None
2024-04-26,螺纹钢,Φ18,HRB400E,莱钢永锋,None,山东烟台,None,None
2024-04-26,螺纹钢,Φ18,HRB400E,石横特钢,None,山东烟台,None,None
2024-04-26,螺纹钢,Φ18,HRB400E,日照,None,山东烟台,None,None
2024-04-26,螺纹钢,Φ18,HRB400E,江苏镔鑫,None,山东烟台,None,None
2024-04-26,螺纹钢,Φ20,HRB400E,莱钢,None,山东烟台,None,None
2024-04-26,螺纹钢,Φ20,HRB400E,莱钢永锋,None,山东烟台,None,None
2024-04-26,螺纹钢,Φ20,HRB400E,石横特钢,None,山东烟台,None,None
2024-04-26,螺纹钢,Φ20,HRB400E,日照,None,山东烟台,None,None
2024-04-26,螺纹钢,Φ20,HRB400E,江苏镔鑫,None,山东烟台,None,None
2024-04-26,螺纹钢,Φ22,HRB400E,莱钢,None,山东烟台,None,None
2024-04-26,螺纹钢,Φ22,HRB400E,莱钢永锋,None,山东烟台,None,None
2024-04-26,螺纹钢,Φ22,HRB400E,石横特钢,None,山东烟台,None,None
2024-04-26,螺纹钢,Φ22,HRB400E,日照,None,山东烟台,None,None
2024-04-26,螺纹钢,Φ22,HRB400E,江苏镔鑫,None,山东烟台,None,None
2024-04-26,螺纹钢,Φ25,HRB400E,莱钢,None,山东烟台,None,None
2024-04-26,螺纹钢,Φ25,HRB400E,莱钢永锋,None,山东烟台,None,None
2024-04-26,螺纹钢,Φ25,HRB400E,石横特钢,None,山东烟台,None,None
2024-04-26,螺纹钢,Φ25,HRB400E,日照,None,山东烟台,None,None
2024-04-26,螺纹钢,Φ25,HRB400E,江苏镔鑫,None,山东烟台,None,None
2024-04-26,螺纹钢,Φ28-32,HRB400E,莱钢,None,山东烟台,None,None
2024-04-26,螺纹钢,Φ28-32,HRB400E,莱钢永锋,None,山东烟台,None,None
2024-04-26,螺纹钢,Φ28-32,HRB400E,石横特钢,None,山东烟台,None,None
2024-04-26,螺纹钢,Φ28-32,HRB400E,日照,None,山东烟台,None,None
2024-04-26,螺纹钢,Φ28-32,HRB400E,江苏镔鑫,None,山东烟台,None,None
2024-04-26,高线,Φ10,HPB300,莱钢永锋,None,山东烟台,None,None
2024-04-26,高线,Φ10,HPB300,石横特钢,None,山东烟台,None,None
2024-04-26,高线,Φ10,HPB300,江苏镔鑫,None,山东烟台,None,None
2024-04-26,高线,Φ12,HPB300,莱钢永锋,None,山东烟台,None,None
2024-04-26,高线,Φ12,HPB300,石横特钢,None,山东烟台,None,None
2024-04-26,高线,Φ6,HPB300,莱钢永锋,None,山东烟台,None,None
2024-04-26,高线,Φ6,HPB300,石横特钢,None,山东烟台,None,None
2024-04-26,高线,Φ6,HPB300,江苏镔鑫,None,山东烟台,None,None
2024-04-26,高线,Φ8,HPB300,莱钢永锋,None,山东烟台,None,None
2024-04-26,高线,Φ8,HPB300,石横特钢,None,山东烟台,None,None
2024-04-26,高线,Φ8,HPB300,江苏镔鑫,None,山东烟台,None,None
2024-04-25,圆钢,Φ12-22,HPB300,莱钢永锋,None,山东烟台,None,None
2024-04-25,圆钢,Φ12-22,HPB300,石横特钢,None,山东烟台,None,None
2024-04-25,圆钢,Φ25-32,HPB300,莱钢永锋,None,山东烟台,None,None
2024-04-25,圆钢,Φ25-32,HPB300,石横特钢,None,山东烟台,None,None
2024-04-25,盘螺,Φ10,HRB400E,莱钢永锋,None,山东烟台,None,None
2024-04-25,盘螺,Φ10,HRB400E,石横特钢,None,山东烟台,None,None
2024-04-25,盘螺,Φ10,HRB400E,日照,None,山东烟台,None,None
2024-04-25,盘螺,Φ10,HRB400E,江苏镔鑫,None,山东烟台,None,None
2024-04-25,盘螺,Φ10,HRB400E,日钢营口,None,山东烟台,None,None
2024-04-25,盘螺,Φ12,HRB400E,莱钢永锋,None,山东烟台,None,None
2024-04-25,盘螺,Φ12,HRB400E,石横特钢,None,山东烟台,None,None
2024-04-25,盘螺,Φ6,HRB400E,莱钢永锋,None,山东烟台,None,None
2024-04-25,盘螺,Φ6,HRB400E,石横特钢,None,山东烟台,None,None
2024-04-25,盘螺,Φ8,HRB400E,莱钢永锋,None,山东烟台,None,None
2024-04-25,盘螺,Φ8,HRB400E,石横特钢,None,山东烟台,None,None
2024-04-25,盘螺,Φ8,HRB400E,日照,None,山东烟台,None,None
2024-04-25,盘螺,Φ8,HRB400E,江苏镔鑫,None,山东烟台,None,None
2024-04-25,盘螺,Φ8,HRB400E,日钢营口,None,山东烟台,None,None
2024-04-25,螺纹钢,Φ10,HRB400E,莱钢,None,山东烟台,None,None
2024-04-25,螺纹钢,Φ10,HRB400E,莱钢永锋,None,山东烟台,None,None
2024-04-25,螺纹钢,Φ10,HRB400E,石横特钢,None,山东烟台,None,None
2024-04-25,螺纹钢,Φ12,HRB400E,莱钢,None,山东烟台,None,None
2024-04-25,螺纹钢,Φ12,HRB400E,莱钢永锋,None,山东烟台,None,None
2024-04-25,螺纹钢,Φ12,HRB400E,石横特钢,None,山东烟台,None,None
2024-04-25,螺纹钢,Φ12,HRB400E,日照,None,山东烟台,None,None
2024-04-25,螺纹钢,Φ12,HRB400E,江苏镔鑫,None,山东烟台,None,None
2024-04-25,螺纹钢,Φ12-14,HRB500E,莱钢,None,山东烟台,None,None
2024-04-25,螺纹钢,Φ12-14,HRB500E,莱钢永锋,None,山东烟台,None,None
2024-04-25,螺纹钢,Φ12-14,HRB500E,石横特钢,None,山东烟台,None,None
2024-04-25,螺纹钢,Φ14,HRB400E,莱钢,None,山东烟台,None,None
2024-04-25,螺纹钢,Φ14,HRB400E,莱钢永锋,None,山东烟台,None,None
2024-04-25,螺纹钢,Φ14,HRB400E,石横特钢,None,山东烟台,None,None
2024-04-25,螺纹钢,Φ14,HRB400E,日照,None,山东烟台,None,None
2024-04-25,螺纹钢,Φ14,HRB400E,江苏镔鑫,None,山东烟台,None,None
2024-04-25,螺纹钢,Φ16,HRB400E,莱钢,None,山东烟台,None,None
2024-04-25,螺纹钢,Φ16,HRB400E,莱钢永锋,None,山东烟台,None,None
2024-04-25,螺纹钢,Φ16,HRB400E,石横特钢,None,山东烟台,None,None
2024-04-25,螺纹钢,Φ16,HRB400E,日照,None,山东烟台,None,None
2024-04-25,螺纹钢,Φ16,HRB400E,江苏镔鑫,None,山东烟台,None,None
2024-04-25,螺纹钢,Φ18,HRB400E,莱钢,None,山东烟台,None,None
2024-04-25,螺纹钢,Φ18,HRB400E,莱钢永锋,None,山东烟台,None,None
2024-04-25,螺纹钢,Φ18,HRB400E,石横特钢,None,山东烟台,None,None
2024-04-25,螺纹钢,Φ18,HRB400E,日照,None,山东烟台,None,None
2024-04-25,螺纹钢,Φ18,HRB400E,江苏镔鑫,None,山东烟台,None,None
2024-04-25,螺纹钢,Φ20,HRB400E,莱钢,None,山东烟台,None,None
2024-04-25,螺纹钢,Φ20,HRB400E,莱钢永锋,None,山东烟台,None,None
2024-04-25,螺纹钢,Φ20,HRB400E,石横特钢,None,山东烟台,None,None
2024-04-25,螺纹钢,Φ20,HRB400E,日照,None,山东烟台,None,None
2024-04-25,螺纹钢,Φ20,HRB400E,江苏镔鑫,None,山东烟台,None,None
2024-04-25,螺纹钢,Φ22,HRB400E,莱钢,None,山东烟台,None,None
2024-04-25,螺纹钢,Φ22,HRB400E,莱钢永锋,None,山东烟台,None,None
2024-04-25,螺纹钢,Φ22,HRB400E,石横特钢,None,山东烟台,None,None
2024-04-25,螺纹钢,Φ22,HRB400E,日照,None,山东烟台,None,None
2024-04-25,螺纹钢,Φ22,HRB400E,江苏镔鑫,None,山东烟台,None,None
2024-04-25,螺纹钢,Φ25,HRB400E,莱钢,None,山东烟台,None,None
2024-04-25,螺纹钢,Φ25,HRB400E,莱钢永锋,None,山东烟台,None,None
2024-04-25,螺纹钢,Φ25,HRB400E,石横特钢,None,山东烟台,None,None
2024-04-25,螺纹钢,Φ25,HRB400E,日照,None,山东烟台,None,None
2024-04-25,螺纹钢,Φ25,HRB400E,江苏镔鑫,None,山东烟台,None,None
2024-04-25,螺纹钢,Φ28-32,HRB400E,莱钢,None,山东烟台,None,None
2024-04-25,螺纹钢,Φ28-32,HRB400E,莱钢永锋,None,山东烟台,None,None
2024-04-25,螺纹钢,Φ28-32,HRB400E,石横特钢,None,山东烟台,None,None
2024-04-25,螺纹钢,Φ28-32,HRB400E,日照,None,山东烟台,None,None
2024-04-25,螺纹钢,Φ28-32,HRB400E,江苏镔鑫,None,山东烟台,None,None
2024-04-25,高线,Φ10,HPB300,莱钢永锋,None,山东烟台,None,None
2024-04-25,高线,Φ10,HPB300,石横特钢,None,山东烟台,None,None
2024-04-25,高线,Φ10,HPB300,江苏镔鑫,None,山东烟台,None,None
2024-04-25,高线,Φ12,HPB300,莱钢永锋,None,山东烟台,None,None
2024-04-25,高线,Φ12,HPB300,石横特钢,None,山东烟台,None,None
2024-04-25,高线,Φ6,HPB300,莱钢永锋,None,山东烟台,None,None
2024-04-25,高线,Φ6,HPB300,石横特钢,None,山东烟台,None,None
2024-04-25,高线,Φ6,HPB300,江苏镔鑫,None,山东烟台,None,None
2024-04-25,高线,Φ8,HPB300,莱钢永锋,None,山东烟台,None,None
2024-04-25,高线,Φ8,HPB300,石横特钢,None,山东烟台,None,None
2024-04-25,高线,Φ8,HPB300,江苏镔鑫,None,山东烟台,None,None
2024-04-24,圆钢,Φ12-22,HPB300,莱钢永锋,None,山东烟台,None,None
2024-04-24,圆钢,Φ12-22,HPB300,石横特钢,None,山东烟台,None,None
2024-04-24,圆钢,Φ25-32,HPB300,莱钢永锋,None,山东烟台,None,None
2024-04-24,圆钢,Φ25-32,HPB300,石横特钢,None,山东烟台,None,None
2024-04-24,盘螺,Φ10,HRB400E,莱钢永锋,None,山东烟台,None,None
2024-04-24,盘螺,Φ10,HRB400E,石横特钢,None,山东烟台,None,None
2024-04-24,盘螺,Φ10,HRB400E,日照,None,山东烟台,None,None
2024-04-24,盘螺,Φ10,HRB400E,江苏镔鑫,None,山东烟台,None,None
2024-04-24,盘螺,Φ10,HRB400E,日钢营口,None,山东烟台,None,None
2024-04-24,盘螺,Φ12,HRB400E,莱钢永锋,None,山东烟台,None,None
2024-04-24,盘螺,Φ12,HRB400E,石横特钢,None,山东烟台,None,None
2024-04-24,盘螺,Φ6,HRB400E,莱钢永锋,None,山东烟台,None,None
2024-04-24,盘螺,Φ6,HRB400E,石横特钢,None,山东烟台,None,None
2024-04-24,盘螺,Φ8,HRB400E,莱钢永锋,None,山东烟台,None,None
2024-04-24,盘螺,Φ8,HRB400E,石横特钢,None,山东烟台,None,None
2024-04-24,盘螺,Φ8,HRB400E,日照,None,山东烟台,None,None
2024-04-24,盘螺,Φ8,HRB400E,江苏镔鑫,None,山东烟台,None,None
2024-04-24,盘螺,Φ8,HRB400E,日钢营口,None,山东烟台,None,None
2024-04-24,螺纹钢,Φ10,HRB400E,莱钢,None,山东烟台,None,None
2024-04-24,螺纹钢,Φ10,HRB400E,莱钢永锋,None,山东烟台,None,None
2024-04-24,螺纹钢,Φ10,HRB400E,石横特钢,None,山东烟台,None,None
2024-04-24,螺纹钢,Φ12,HRB400E,莱钢,None,山东烟台,None,None
2024-04-24,螺纹钢,Φ12,HRB400E,莱钢永锋,None,山东烟台,None,None
2024-04-24,螺纹钢,Φ12,HRB400E,石横特钢,None,山东烟台,None,None
2024-04-24,螺纹钢,Φ12,HRB400E,日照,None,山东烟台,None,None
2024-04-24,螺纹钢,Φ12,HRB400E,江苏镔鑫,None,山东烟台,None,None
2024-04-24,螺纹钢,Φ12-14,HRB500E,莱钢,None,山东烟台,None,None
2024-04-24,螺纹钢,Φ12-14,HRB500E,莱钢永锋,None,山东烟台,None,None
2024-04-24,螺纹钢,Φ12-14,HRB500E,石横特钢,None,山东烟台,None,None
2024-04-24,螺纹钢,Φ14,HRB400E,莱钢,None,山东烟台,None,None
2024-04-24,螺纹钢,Φ14,HRB400E,莱钢永锋,None,山东烟台,None,None
2024-04-24,螺纹钢,Φ14,HRB400E,石横特钢,None,山东烟台,None,None
2024-04-24,螺纹钢,Φ14,HRB400E,日照,None,山东烟台,None,None
2024-04-24,螺纹钢,Φ14,HRB400E,江苏镔鑫,None,山东烟台,None,None
2024-04-24,螺纹钢,Φ16,HRB400E,莱钢,None,山东烟台,None,None
2024-04-24,螺纹钢,Φ16,HRB400E,莱钢永锋,None,山东烟台,None,None
2024-04-24,螺纹钢,Φ16,HRB400E,石横特钢,None,山东烟台,None,None
2024-04-24,螺纹钢,Φ16,HRB400E,日照,None,山东烟台,None,None
2024-04-24,螺纹钢,Φ16,HRB400E,江苏镔鑫,None,山东烟台,None,None
2024-04-24,螺纹钢,Φ18,HRB400E,莱钢,None,山东烟台,None,None
2024-04-24,螺纹钢,Φ18,HRB400E,莱钢永锋,None,山东烟台,None,None
2024-04-24,螺纹钢,Φ18,HRB400E,石横特钢,None,山东烟台,None,None
2024-04-24,螺纹钢,Φ18,HRB400E,日照,None,山东烟台,None,None
2024-04-24,螺纹钢,Φ18,HRB400E,江苏镔鑫,None,山东烟台,None,None
2024-04-24,螺纹钢,Φ20,HRB400E,莱钢,None,山东烟台,None,None
2024-04-24,螺纹钢,Φ20,HRB400E,莱钢永锋,None,山东烟台,None,None
2024-04-24,螺纹钢,Φ20,HRB400E,石横特钢,None,山东烟台,None,None
2024-04-24,螺纹钢,Φ20,HRB400E,日照,None,山东烟台,None,None
2024-04-24,螺纹钢,Φ20,HRB400E,江苏镔鑫,None,山东烟台,None,None
2024-04-24,螺纹钢,Φ22,HRB400E,莱钢,None,山东烟台,None,None
2024-04-24,螺纹钢,Φ22,HRB400E,莱钢永锋,None,山东烟台,None,None
2024-04-24,螺纹钢,Φ22,HRB400E,石横特钢,None,山东烟台,None,None
2024-04-24,螺纹钢,Φ22,HRB400E,日照,None,山东烟台,None,None
2024-04-24,螺纹钢,Φ22,HRB400E,江苏镔鑫,None,山东烟台,None,None
2024-04-24,螺纹钢,Φ25,HRB400E,莱钢,None,山东烟台,None,None
2024-04-24,螺纹钢,Φ25,HRB400E,莱钢永锋,None,山东烟台,None,None
2024-04-24,螺纹钢,Φ25,HRB400E,石横特钢,None,山东烟台,None,None
2024-04-24,螺纹钢,Φ25,HRB400E,日照,None,山东烟台,None,None
2024-04-24,螺纹钢,Φ25,HRB400E,江苏镔鑫,None,山东烟台,None,None
2024-04-24,螺纹钢,Φ28-32,HRB400E,莱钢,None,山东烟台,None,None
2024-04-24,螺纹钢,Φ28-32,HRB400E,莱钢永锋,None,山东烟台,None,None
2024-04-24,螺纹钢,Φ28-32,HRB400E,石横特钢,None,山东烟台,None,None
2024-04-24,螺纹钢,Φ28-32,HRB400E,日照,None,山东烟台,None,None
2024-04-24,螺纹钢,Φ28-32,HRB400E,江苏镔鑫,None,山东烟台,None,None
2024-04-24,高线,Φ10,HPB300,莱钢永锋,None,山东烟台,None,None
2024-04-24,高线,Φ10,HPB300,石横特钢,None,山东烟台,None,None
2024-04-24,高线,Φ10,HPB300,江苏镔鑫,None,山东烟台,None,None
2024-04-24,高线,Φ12,HPB300,莱钢永锋,None,山东烟台,None,None
2024-04-24,高线,Φ12,HPB300,石横特钢,None,山东烟台,None,None
2024-04-24,高线,Φ6,HPB300,莱钢永锋,None,山东烟台,None,None
2024-04-24,高线,Φ6,HPB300,石横特钢,None,山东烟台,None,None
2024-04-24,高线,Φ6,HPB300,江苏镔鑫,None,山东烟台,None,None
2024-04-24,高线,Φ8,HPB300,莱钢永锋,None,山东烟台,None,None
2024-04-24,高线,Φ8,HPB300,石横特钢,None,山东烟台,None,None
2024-04-24,高线,Φ8,HPB300,江苏镔鑫,None,山东烟台,None,None
2024-04-23,圆钢,Φ12-22,HPB300,莱钢永锋,None,山东烟台,None,None
2024-04-23,圆钢,Φ12-22,HPB300,石横特钢,None,山东烟台,None,None
2024-04-23,圆钢,Φ25-32,HPB300,莱钢永锋,None,山东烟台,None,None
2024-04-23,圆钢,Φ25-32,HPB300,石横特钢,None,山东烟台,None,None
2024-04-23,盘螺,Φ10,HRB400E,莱钢永锋,None,山东烟台,None,None
2024-04-23,盘螺,Φ10,HRB400E,石横特钢,None,山东烟台,None,None
2024-04-23,盘螺,Φ10,HRB400E,日照,None,山东烟台,None,None
2024-04-23,盘螺,Φ10,HRB400E,江苏镔鑫,None,山东烟台,None,None
2024-04-23,盘螺,Φ10,HRB400E,日钢营口,None,山东烟台,None,None
2024-04-23,盘螺,Φ12,HRB400E,莱钢永锋,None,山东烟台,None,None
2024-04-23,盘螺,Φ12,HRB400E,石横特钢,None,山东烟台,None,None
2024-04-23,盘螺,Φ6,HRB400E,莱钢永锋,None,山东烟台,None,None
2024-04-23,盘螺,Φ6,HRB400E,石横特钢,None,山东烟台,None,None
2024-04-23,盘螺,Φ8,HRB400E,莱钢永锋,None,山东烟台,None,None
2024-04-23,盘螺,Φ8,HRB400E,石横特钢,None,山东烟台,None,None
2024-04-23,盘螺,Φ8,HRB400E,日照,None,山东烟台,None,None
2024-04-23,盘螺,Φ8,HRB400E,江苏镔鑫,None,山东烟台,None,None
2024-04-23,盘螺,Φ8,HRB400E,日钢营口,None,山东烟台,None,None
2024-04-23,螺纹钢,Φ10,HRB400E,莱钢,None,山东烟台,None,None
2024-04-23,螺纹钢,Φ10,HRB400E,莱钢永锋,None,山东烟台,None,None
2024-04-23,螺纹钢,Φ10,HRB400E,石横特钢,None,山东烟台,None,None
2024-04-23,螺纹钢,Φ12,HRB400E,莱钢,None,山东烟台,None,None
2024-04-23,螺纹钢,Φ12,HRB400E,莱钢永锋,None,山东烟台,None,None
2024-04-23,螺纹钢,Φ12,HRB400E,石横特钢,None,山东烟台,None,None
2024-04-23,螺纹钢,Φ12,HRB400E,日照,None,山东烟台,None,None
2024-04-23,螺纹钢,Φ12,HRB400E,江苏镔鑫,None,山东烟台,None,None
2024-04-23,螺纹钢,Φ12-14,HRB500E,莱钢,None,山东烟台,None,None
2024-04-23,螺纹钢,Φ12-14,HRB500E,莱钢永锋,None,山东烟台,None,None
2024-04-23,螺纹钢,Φ12-14,HRB500E,石横特钢,None,山东烟台,None,None
2024-04-23,螺纹钢,Φ14,HRB400E,莱钢,None,山东烟台,None,None
2024-04-23,螺纹钢,Φ14,HRB400E,莱钢永锋,None,山东烟台,None,None
2024-04-23,螺纹钢,Φ14,HRB400E,石横特钢,None,山东烟台,None,None
2024-04-23,螺纹钢,Φ14,HRB400E,日照,None,山东烟台,None,None
2024-04-23,螺纹钢,Φ14,HRB400E,江苏镔鑫,None,山东烟台,None,None
2024-04-23,螺纹钢,Φ16,HRB400E,莱钢,None,山东烟台,None,None
2024-04-23,螺纹钢,Φ16,HRB400E,莱钢永锋,None,山东烟台,None,None
2024-04-23,螺纹钢,Φ16,HRB400E,石横特钢,None,山东烟台,None,None
2024-04-23,螺纹钢,Φ16,HRB400E,日照,None,山东烟台,None,None
2024-04-23,螺纹钢,Φ16,HRB400E,江苏镔鑫,None,山东烟台,None,None
2024-04-23,螺纹钢,Φ18,HRB400E,莱钢,None,山东烟台,None,None
2024-04-23,螺纹钢,Φ18,HRB400E,莱钢永锋,None,山东烟台,None,None
2024-04-23,螺纹钢,Φ18,HRB400E,石横特钢,None,山东烟台,None,None
2024-04-23,螺纹钢,Φ18,HRB400E,日照,None,山东烟台,None,None
2024-04-23,螺纹钢,Φ18,HRB400E,江苏镔鑫,None,山东烟台,None,None
2024-04-23,螺纹钢,Φ20,HRB400E,莱钢,None,山东烟台,None,None
2024-04-23,螺纹钢,Φ20,HRB400E,莱钢永锋,None,山东烟台,None,None
2024-04-23,螺纹钢,Φ20,HRB400E,石横特钢,None,山东烟台,None,None
2024-04-23,螺纹钢,Φ20,HRB400E,日照,None,山东烟台,None,None
2024-04-23,螺纹钢,Φ20,HRB400E,江苏镔鑫,None,山东烟台,None,None
2024-04-23,螺纹钢,Φ22,HRB400E,莱钢,None,山东烟台,None,None
2024-04-23,螺纹钢,Φ22,HRB400E,莱钢永锋,None,山东烟台,None,None
2024-04-23,螺纹钢,Φ22,HRB400E,石横特钢,None,山东烟台,None,None
2024-04-23,螺纹钢,Φ22,HRB400E,日照,None,山东烟台,None,None
2024-04-23,螺纹钢,Φ22,HRB400E,江苏镔鑫,None,山东烟台,None,None
2024-04-23,螺纹钢,Φ25,HRB400E,莱钢,None,山东烟台,None,None
2024-04-23,螺纹钢,Φ25,HRB400E,莱钢永锋,None,山东烟台,None,None
2024-04-23,螺纹钢,Φ25,HRB400E,石横特钢,None,山东烟台,None,None
2024-04-23,螺纹钢,Φ25,HRB400E,日照,None,山东烟台,None,None
2024-04-23,螺纹钢,Φ25,HRB400E,江苏镔鑫,None,山东烟台,None,None
2024-04-23,螺纹钢,Φ28-32,HRB400E,莱钢,None,山东烟台,None,None
2024-04-23,螺纹钢,Φ28-32,HRB400E,莱钢永锋,None,山东烟台,None,None
2024-04-23,螺纹钢,Φ28-32,HRB400E,石横特钢,None,山东烟台,None,None
2024-04-23,螺纹钢,Φ28-32,HRB400E,日照,None,山东烟台,None,None
2024-04-23,螺纹钢,Φ28-32,HRB400E,江苏镔鑫,None,山东烟台,None,None
2024-04-23,高线,Φ10,HPB300,莱钢永锋,None,山东烟台,None,None
2024-04-23,高线,Φ10,HPB300,石横特钢,None,山东烟台,None,None
2024-04-23,高线,Φ10,HPB300,江苏镔鑫,None,山东烟台,None,None
2024-04-23,高线,Φ12,HPB300,莱钢永锋,None,山东烟台,None,None
2024-04-23,高线,Φ12,HPB300,石横特钢,None,山东烟台,None,None
2024-04-23,高线,Φ6,HPB300,莱钢永锋,None,山东烟台,None,None
2024-04-23,高线,Φ6,HPB300,石横特钢,None,山东烟台,None,None
2024-04-23,高线,Φ6,HPB300,江苏镔鑫,None,山东烟台,None,None
2024-04-23,高线,Φ8,HPB300,莱钢永锋,None,山东烟台,None,None
2024-04-23,高线,Φ8,HPB300,石横特钢,None,山东烟台,None,None
2024-04-23,高线,Φ8,HPB300,江苏镔鑫,None,山东烟台,None,None
2024-04-22,圆钢,Φ12-22,HPB300,莱钢永锋,None,山东烟台,None,None
2024-04-22,圆钢,Φ12-22,HPB300,石横特钢,None,山东烟台,None,None
2024-04-22,圆钢,Φ25-32,HPB300,莱钢永锋,None,山东烟台,None,None
2024-04-22,圆钢,Φ25-32,HPB300,石横特钢,None,山东烟台,None,None
2024-04-22,盘螺,Φ10,HRB400E,莱钢永锋,None,山东烟台,None,None
2024-04-22,盘螺,Φ10,HRB400E,石横特钢,None,山东烟台,None,None
2024-04-22,盘螺,Φ10,HRB400E,日照,None,山东烟台,None,None
2024-04-22,盘螺,Φ10,HRB400E,江苏镔鑫,None,山东烟台,None,None
2024-04-22,盘螺,Φ10,HRB400E,日钢营口,None,山东烟台,None,None
2024-04-22,盘螺,Φ12,HRB400E,莱钢永锋,None,山东烟台,None,None
2024-04-22,盘螺,Φ12,HRB400E,石横特钢,None,山东烟台,None,None
2024-04-22,盘螺,Φ6,HRB400E,莱钢永锋,None,山东烟台,None,None
2024-04-22,盘螺,Φ6,HRB400E,石横特钢,None,山东烟台,None,None
2024-04-22,盘螺,Φ8,HRB400E,莱钢永锋,None,山东烟台,None,None
2024-04-22,盘螺,Φ8,HRB400E,石横特钢,None,山东烟台,None,None
2024-04-22,盘螺,Φ8,HRB400E,日照,None,山东烟台,None,None
2024-04-22,盘螺,Φ8,HRB400E,江苏镔鑫,None,山东烟台,None,None
2024-04-22,盘螺,Φ8,HRB400E,日钢营口,None,山东烟台,None,None
2024-04-22,螺纹钢,Φ10,HRB400E,莱钢,None,山东烟台,None,None
2024-04-22,螺纹钢,Φ10,HRB400E,莱钢永锋,None,山东烟台,None,None
2024-04-22,螺纹钢,Φ10,HRB400E,石横特钢,None,山东烟台,None,None
2024-04-22,螺纹钢,Φ12,HRB400E,莱钢,None,山东烟台,None,None
2024-04-22,螺纹钢,Φ12,HRB400E,莱钢永锋,None,山东烟台,None,None
2024-04-22,螺纹钢,Φ12,HRB400E,石横特钢,None,山东烟台,None,None
2024-04-22,螺纹钢,Φ12,HRB400E,日照,None,山东烟台,None,None
2024-04-22,螺纹钢,Φ12,HRB400E,江苏镔鑫,None,山东烟台,None,None
2024-04-22,螺纹钢,Φ12-14,HRB500E,莱钢,None,山东烟台,None,None
2024-04-22,螺纹钢,Φ12-14,HRB500E,莱钢永锋,None,山东烟台,None,None
2024-04-22,螺纹钢,Φ12-14,HRB500E,石横特钢,None,山东烟台,None,None
2024-04-22,螺纹钢,Φ14,HRB400E,莱钢,None,山东烟台,None,None
2024-04-22,螺纹钢,Φ14,HRB400E,莱钢永锋,None,山东烟台,None,None
2024-04-22,螺纹钢,Φ14,HRB400E,石横特钢,None,山东烟台,None,None
2024-04-22,螺纹钢,Φ14,HRB400E,日照,None,山东烟台,None,None
2024-04-22,螺纹钢,Φ14,HRB400E,江苏镔鑫,None,山东烟台,None,None
2024-04-22,螺纹钢,Φ16,HRB400E,莱钢,None,山东烟台,None,None
2024-04-22,螺纹钢,Φ16,HRB400E,莱钢永锋,None,山东烟台,None,None
2024-04-22,螺纹钢,Φ16,HRB400E,石横特钢,None,山东烟台,None,None
2024-04-22,螺纹钢,Φ16,HRB400E,日照,None,山东烟台,None,None
2024-04-22,螺纹钢,Φ16,HRB400E,江苏镔鑫,None,山东烟台,None,None
2024-04-22,螺纹钢,Φ18,HRB400E,莱钢,None,山东烟台,None,None
2024-04-22,螺纹钢,Φ18,HRB400E,莱钢永锋,None,山东烟台,None,None
2024-04-22,螺纹钢,Φ18,HRB400E,石横特钢,None,山东烟台,None,None
2024-04-22,螺纹钢,Φ18,HRB400E,日照,None,山东烟台,None,None
2024-04-22,螺纹钢,Φ18,HRB400E,江苏镔鑫,None,山东烟台,None,None
2024-04-22,螺纹钢,Φ20,HRB400E,莱钢,None,山东烟台,None,None
2024-04-22,螺纹钢,Φ20,HRB400E,莱钢永锋,None,山东烟台,None,None
2024-04-22,螺纹钢,Φ20,HRB400E,石横特钢,None,山东烟台,None,None
2024-04-22,螺纹钢,Φ20,HRB400E,日照,None,山东烟台,None,None
2024-04-22,螺纹钢,Φ20,HRB400E,江苏镔鑫,None,山东烟台,None,None
2024-04-22,螺纹钢,Φ22,HRB400E,莱钢,None,山东烟台,None,None
2024-04-22,螺纹钢,Φ22,HRB400E,莱钢永锋,None,山东烟台,None,None
2024-04-22,螺纹钢,Φ22,HRB400E,石横特钢,None,山东烟台,None,None
2024-04-22,螺纹钢,Φ22,HRB400E,日照,None,山东烟台,None,None
2024-04-22,螺纹钢,Φ22,HRB400E,江苏镔鑫,None,山东烟台,None,None
2024-04-22,螺纹钢,Φ25,HRB400E,莱钢,None,山东烟台,None,None
2024-04-22,螺纹钢,Φ25,HRB400E,莱钢永锋,None,山东烟台,None,None
2024-04-22,螺纹钢,Φ25,HRB400E,石横特钢,None,山东烟台,None,None
2024-04-22,螺纹钢,Φ25,HRB400E,日照,None,山东烟台,None,None
2024-04-22,螺纹钢,Φ25,HRB400E,江苏镔鑫,None,山东烟台,None,None
2024-04-22,螺纹钢,Φ28-32,HRB400E,莱钢,None,山东烟台,None,None
2024-04-22,螺纹钢,Φ28-32,HRB400E,莱钢永锋,None,山东烟台,None,None
2024-04-22,螺纹钢,Φ28-32,HRB400E,石横特钢,None,山东烟台,None,None
2024-04-22,螺纹钢,Φ28-32,HRB400E,日照,None,山东烟台,None,None
2024-04-22,螺纹钢,Φ28-32,HRB400E,江苏镔鑫,None,山东烟台,None,None
2024-04-22,高线,Φ10,HPB300,莱钢永锋,None,山东烟台,None,None
2024-04-22,高线,Φ10,HPB300,石横特钢,None,山东烟台,None,None
2024-04-22,高线,Φ10,HPB300,江苏镔鑫,None,山东烟台,None,None
2024-04-22,高线,Φ12,HPB300,莱钢永锋,None,山东烟台,None,None
2024-04-22,高线,Φ12,HPB300,石横特钢,None,山东烟台,None,None
2024-04-22,高线,Φ6,HPB300,莱钢永锋,None,山东烟台,None,None
2024-04-22,高线,Φ6,HPB300,石横特钢,None,山东烟台,None,None
2024-04-22,高线,Φ6,HPB300,江苏镔鑫,None,山东烟台,None,None
2024-04-22,高线,Φ8,HPB300,莱钢永锋,None,山东烟台,None,None
2024-04-22,高线,Φ8,HPB300,石横特钢,None,山东烟台,None,None
2024-04-22,高线,Φ8,HPB300,江苏镔鑫,None,山东烟台,None,None
2024-04-19,圆钢,Φ12-22,HPB300,莱钢永锋,None,山东烟台,None,None
2024-04-19,圆钢,Φ12-22,HPB300,石横特钢,None,山东烟台,None,None
2024-04-19,圆钢,Φ25-32,HPB300,莱钢永锋,None,山东烟台,None,None
2024-04-19,圆钢,Φ25-32,HPB300,石横特钢,None,山东烟台,None,None
2024-04-19,盘螺,Φ10,HRB400E,莱钢永锋,None,山东烟台,None,None
2024-04-19,盘螺,Φ10,HRB400E,石横特钢,None,山东烟台,None,None
2024-04-19,盘螺,Φ10,HRB400E,日照,None,山东烟台,None,None
2024-04-19,盘螺,Φ10,HRB400E,江苏镔鑫,None,山东烟台,None,None
2024-04-19,盘螺,Φ10,HRB400E,日钢营口,None,山东烟台,None,None
2024-04-19,盘螺,Φ12,HRB400E,莱钢永锋,None,山东烟台,None,None
2024-04-19,盘螺,Φ12,HRB400E,石横特钢,None,山东烟台,None,None
2024-04-19,盘螺,Φ6,HRB400E,莱钢永锋,None,山东烟台,None,None
2024-04-19,盘螺,Φ6,HRB400E,石横特钢,None,山东烟台,None,None
2024-04-19,盘螺,Φ8,HRB400E,莱钢永锋,None,山东烟台,None,None
2024-04-19,盘螺,Φ8,HRB400E,石横特钢,None,山东烟台,None,None
2024-04-19,盘螺,Φ8,HRB400E,日照,None,山东烟台,None,None
2024-04-19,盘螺,Φ8,HRB400E,江苏镔鑫,None,山东烟台,None,None
2024-04-19,盘螺,Φ8,HRB400E,日钢营口,None,山东烟台,None,None
2024-04-19,螺纹钢,Φ10,HRB400E,莱钢,None,山东烟台,None,None
2024-04-19,螺纹钢,Φ10,HRB400E,莱钢永锋,None,山东烟台,None,None
2024-04-19,螺纹钢,Φ10,HRB400E,石横特钢,None,山东烟台,None,None
2024-04-19,螺纹钢,Φ12,HRB400E,莱钢,None,山东烟台,None,None
2024-04-19,螺纹钢,Φ12,HRB400E,莱钢永锋,None,山东烟台,None,None
2024-04-19,螺纹钢,Φ12,HRB400E,石横特钢,None,山东烟台,None,None
2024-04-19,螺纹钢,Φ12,HRB400E,日照,None,山东烟台,None,None
2024-04-19,螺纹钢,Φ12,HRB400E,江苏镔鑫,None,山东烟台,None,None
2024-04-19,螺纹钢,Φ12-14,HRB500E,莱钢,None,山东烟台,None,None
2024-04-19,螺纹钢,Φ12-14,HRB500E,莱钢永锋,None,山东烟台,None,None
2024-04-19,螺纹钢,Φ12-14,HRB500E,石横特钢,None,山东烟台,None,None
2024-04-19,螺纹钢,Φ14,HRB400E,莱钢,None,山东烟台,None,None
2024-04-19,螺纹钢,Φ14,HRB400E,莱钢永锋,None,山东烟台,None,None
2024-04-19,螺纹钢,Φ14,HRB400E,石横特钢,None,山东烟台,None,None
2024-04-19,螺纹钢,Φ14,HRB400E,日照,None,山东烟台,None,None
2024-04-19,螺纹钢,Φ14,HRB400E,江苏镔鑫,None,山东烟台,None,None
2024-04-19,螺纹钢,Φ16,HRB400E,莱钢,None,山东烟台,None,None
2024-04-19,螺纹钢,Φ16,HRB400E,莱钢永锋,None,山东烟台,None,None
2024-04-19,螺纹钢,Φ16,HRB400E,石横特钢,None,山东烟台,None,None
2024-04-19,螺纹钢,Φ16,HRB400E,日照,None,山东烟台,None,None
2024-04-19,螺纹钢,Φ16,HRB400E,江苏镔鑫,None,山东烟台,None,None
2024-04-19,螺纹钢,Φ18,HRB400E,莱钢,None,山东烟台,None,None
2024-04-19,螺纹钢,Φ18,HRB400E,莱钢永锋,None,山东烟台,None,None
2024-04-19,螺纹钢,Φ18,HRB400E,石横特钢,None,山东烟台,None,None
2024-04-19,螺纹钢,Φ18,HRB400E,日照,None,山东烟台,None,None
2024-04-19,螺纹钢,Φ18,HRB400E,江苏镔鑫,None,山东烟台,None,None
2024-04-19,螺纹钢,Φ20,HRB400E,莱钢,None,山东烟台,None,None
2024-04-19,螺纹钢,Φ20,HRB400E,莱钢永锋,None,山东烟台,None,None
2024-04-19,螺纹钢,Φ20,HRB400E,石横特钢,None,山东烟台,None,None
2024-04-19,螺纹钢,Φ20,HRB400E,日照,None,山东烟台,None,None
2024-04-19,螺纹钢,Φ20,HRB400E,江苏镔鑫,None,山东烟台,None,None
2024-04-19,螺纹钢,Φ22,HRB400E,莱钢,None,山东烟台,None,None
2024-04-19,螺纹钢,Φ22,HRB400E,莱钢永锋,None,山东烟台,None,None
2024-04-19,螺纹钢,Φ22,HRB400E,石横特钢,None,山东烟台,None,None
2024-04-19,螺纹钢,Φ22,HRB400E,日照,None,山东烟台,None,None
2024-04-19,螺纹钢,Φ22,HRB400E,江苏镔鑫,None,山东烟台,None,None
2024-04-19,螺纹钢,Φ25,HRB400E,莱钢,None,山东烟台,None,None
2024-04-19,螺纹钢,Φ25,HRB400E,莱钢永锋,None,山东烟台,None,None
2024-04-19,螺纹钢,Φ25,HRB400E,石横特钢,None,山东烟台,None,None
2024-04-19,螺纹钢,Φ25,HRB400E,日照,None,山东烟台,None,None
2024-04-19,螺纹钢,Φ25,HRB400E,江苏镔鑫,None,山东烟台,None,None
2024-04-19,螺纹钢,Φ28-32,HRB400E,莱钢,None,山东烟台,None,None
2024-04-19,螺纹钢,Φ28-32,HRB400E,莱钢永锋,None,山东烟台,None,None
2024-04-19,螺纹钢,Φ28-32,HRB400E,石横特钢,None,山东烟台,None,None
2024-04-19,螺纹钢,Φ28-32,HRB400E,日照,None,山东烟台,None,None
2024-04-19,螺纹钢,Φ28-32,HRB400E,江苏镔鑫,None,山东烟台,None,None
2024-04-19,高线,Φ10,HPB300,莱钢永锋,None,山东烟台,None,None
2024-04-19,高线,Φ10,HPB300,石横特钢,None,山东烟台,None,None
2024-04-19,高线,Φ10,HPB300,江苏镔鑫,None,山东烟台,None,None
2024-04-19,高线,Φ12,HPB300,莱钢永锋,None,山东烟台,None,None
2024-04-19,高线,Φ12,HPB300,石横特钢,None,山东烟台,None,None
2024-04-19,高线,Φ6,HPB300,莱钢永锋,None,山东烟台,None,None
2024-04-19,高线,Φ6,HPB300,石横特钢,None,山东烟台,None,None
2024-04-19,高线,Φ6,HPB300,江苏镔鑫,None,山东烟台,None,None
2024-04-19,高线,Φ8,HPB300,莱钢永锋,None,山东烟台,None,None
2024-04-19,高线,Φ8,HPB300,石横特钢,None,山东烟台,None,None
2024-04-19,高线,Φ8,HPB300,江苏镔鑫,None,山东烟台,None,None
2024-04-18,圆钢,Φ12-22,HPB300,莱钢永锋,None,山东烟台,None,None
2024-04-18,圆钢,Φ12-22,HPB300,石横特钢,None,山东烟台,None,None
2024-04-18,圆钢,Φ25-32,HPB300,莱钢永锋,None,山东烟台,None,None
2024-04-18,圆钢,Φ25-32,HPB300,石横特钢,None,山东烟台,None,None
2024-04-18,盘螺,Φ10,HRB400E,莱钢永锋,None,山东烟台,None,None
2024-04-18,盘螺,Φ10,HRB400E,石横特钢,None,山东烟台,None,None
2024-04-18,盘螺,Φ10,HRB400E,日照,None,山东烟台,None,None
2024-04-18,盘螺,Φ10,HRB400E,江苏镔鑫,None,山东烟台,None,None
2024-04-18,盘螺,Φ10,HRB400E,日钢营口,None,山东烟台,None,None
2024-04-18,盘螺,Φ12,HRB400E,莱钢永锋,None,山东烟台,None,None
2024-04-18,盘螺,Φ12,HRB400E,石横特钢,None,山东烟台,None,None
2024-04-18,盘螺,Φ6,HRB400E,莱钢永锋,None,山东烟台,None,None
2024-04-18,盘螺,Φ6,HRB400E,石横特钢,None,山东烟台,None,None
2024-04-18,盘螺,Φ8,HRB400E,莱钢永锋,None,山东烟台,None,None
2024-04-18,盘螺,Φ8,HRB400E,石横特钢,None,山东烟台,None,None
2024-04-18,盘螺,Φ8,HRB400E,日照,None,山东烟台,None,None
2024-04-18,盘螺,Φ8,HRB400E,江苏镔鑫,None,山东烟台,None,None
2024-04-18,盘螺,Φ8,HRB400E,日钢营口,None,山东烟台,None,None
2024-04-18,螺纹钢,Φ10,HRB400E,莱钢,None,山东烟台,None,None
2024-04-18,螺纹钢,Φ10,HRB400E,莱钢永锋,None,山东烟台,None,None
2024-04-18,螺纹钢,Φ10,HRB400E,石横特钢,None,山东烟台,None,None
2024-04-18,螺纹钢,Φ12,HRB400E,莱钢,None,山东烟台,None,None
2024-04-18,螺纹钢,Φ12,HRB400E,莱钢永锋,None,山东烟台,None,None
2024-04-18,螺纹钢,Φ12,HRB400E,石横特钢,None,山东烟台,None,None
2024-04-18,螺纹钢,Φ12,HRB400E,日照,None,山东烟台,None,None
2024-04-18,螺纹钢,Φ12,HRB400E,江苏镔鑫,None,山东烟台,None,None
2024-04-18,螺纹钢,Φ12-14,HRB500E,莱钢,None,山东烟台,None,None
2024-04-18,螺纹钢,Φ12-14,HRB500E,莱钢永锋,None,山东烟台,None,None
2024-04-18,螺纹钢,Φ12-14,HRB500E,石横特钢,None,山东烟台,None,None
2024-04-18,螺纹钢,Φ14,HRB400E,莱钢,None,山东烟台,None,None
2024-04-18,螺纹钢,Φ14,HRB400E,莱钢永锋,None,山东烟台,None,None
2024-04-18,螺纹钢,Φ14,HRB400E,石横特钢,None,山东烟台,None,None
2024-04-18,螺纹钢,Φ14,HRB400E,日照,None,山东烟台,None,None
2024-04-18,螺纹钢,Φ14,HRB400E,江苏镔鑫,None,山东烟台,None,None
2024-04-18,螺纹钢,Φ16,HRB400E,莱钢,None,山东烟台,None,None
2024-04-18,螺纹钢,Φ16,HRB400E,莱钢永锋,None,山东烟台,None,None
2024-04-18,螺纹钢,Φ16,HRB400E,石横特钢,None,山东烟台,None,None
2024-04-18,螺纹钢,Φ16,HRB400E,日照,None,山东烟台,None,None
2024-04-18,螺纹钢,Φ16,HRB400E,江苏镔鑫,None,山东烟台,None,None
2024-04-18,螺纹钢,Φ18,HRB400E,莱钢,None,山东烟台,None,None
2024-04-18,螺纹钢,Φ18,HRB400E,莱钢永锋,None,山东烟台,None,None
2024-04-18,螺纹钢,Φ18,HRB400E,石横特钢,None,山东烟台,None,None
2024-04-18,螺纹钢,Φ18,HRB400E,日照,None,山东烟台,None,None
2024-04-18,螺纹钢,Φ18,HRB400E,江苏镔鑫,None,山东烟台,None,None
2024-04-18,螺纹钢,Φ20,HRB400E,莱钢,None,山东烟台,None,None
2024-04-18,螺纹钢,Φ20,HRB400E,莱钢永锋,None,山东烟台,None,None
2024-04-18,螺纹钢,Φ20,HRB400E,石横特钢,None,山东烟台,None,None
2024-04-18,螺纹钢,Φ20,HRB400E,日照,None,山东烟台,None,None
2024-04-18,螺纹钢,Φ20,HRB400E,江苏镔鑫,None,山东烟台,None,None
2024-04-18,螺纹钢,Φ22,HRB400E,莱钢,None,山东烟台,None,None
2024-04-18,螺纹钢,Φ22,HRB400E,莱钢永锋,None,山东烟台,None,None
2024-04-18,螺纹钢,Φ22,HRB400E,石横特钢,None,山东烟台,None,None
2024-04-18,螺纹钢,Φ22,HRB400E,日照,None,山东烟台,None,None
2024-04-18,螺纹钢,Φ22,HRB400E,江苏镔鑫,None,山东烟台,None,None
2024-04-18,螺纹钢,Φ25,HRB400E,莱钢,None,山东烟台,None,None
2024-04-18,螺纹钢,Φ25,HRB400E,莱钢永锋,None,山东烟台,None,None
2024-04-18,螺纹钢,Φ25,HRB400E,石横特钢,None,山东烟台,None,None
2024-04-18,螺纹钢,Φ25,HRB400E,日照,None,山东烟台,None,None
2024-04-18,螺纹钢,Φ25,HRB400E,江苏镔鑫,None,山东烟台,None,None
2024-04-18,螺纹钢,Φ28-32,HRB400E,莱钢,None,山东烟台,None,None
2024-04-18,螺纹钢,Φ28-32,HRB400E,莱钢永锋,None,山东烟台,None,None
2024-04-18,螺纹钢,Φ28-32,HRB400E,石横特钢,None,山东烟台,None,None
2024-04-18,螺纹钢,Φ28-32,HRB400E,日照,None,山东烟台,None,None
2024-04-18,螺纹钢,Φ28-32,HRB400E,江苏镔鑫,None,山东烟台,None,None
2024-04-18,高线,Φ10,HPB300,莱钢永锋,None,山东烟台,None,None
2024-04-18,高线,Φ10,HPB300,石横特钢,None,山东烟台,None,None
2024-04-18,高线,Φ10,HPB300,江苏镔鑫,None,山东烟台,None,None
2024-04-18,高线,Φ12,HPB300,莱钢永锋,None,山东烟台,None,None
2024-04-18,高线,Φ12,HPB300,石横特钢,None,山东烟台,None,None
2024-04-18,高线,Φ6,HPB300,莱钢永锋,None,山东烟台,None,None
2024-04-18,高线,Φ6,HPB300,石横特钢,None,山东烟台,None,None
2024-04-18,高线,Φ6,HPB300,江苏镔鑫,None,山东烟台,None,None
2024-04-18,高线,Φ8,HPB300,莱钢永锋,None,山东烟台,None,None
2024-04-18,高线,Φ8,HPB300,石横特钢,None,山东烟台,None,None
2024-04-18,高线,Φ8,HPB300,江苏镔鑫,None,山东烟台,None,None
2024-04-17,圆钢,Φ12-22,HPB300,莱钢永锋,None,山东烟台,None,None
2024-04-17,圆钢,Φ12-22,HPB300,石横特钢,None,山东烟台,None,None
2024-04-17,圆钢,Φ25-32,HPB300,莱钢永锋,None,山东烟台,None,None
2024-04-17,圆钢,Φ25-32,HPB300,石横特钢,None,山东烟台,None,None
2024-04-17,盘螺,Φ10,HRB400E,莱钢永锋,None,山东烟台,None,None
2024-04-17,盘螺,Φ10,HRB400E,石横特钢,None,山东烟台,None,None
2024-04-17,盘螺,Φ10,HRB400E,日照,None,山东烟台,None,None
2024-04-17,盘螺,Φ10,HRB400E,江苏镔鑫,None,山东烟台,None,None
2024-04-17,盘螺,Φ10,HRB400E,日钢营口,None,山东烟台,None,None
2024-04-17,盘螺,Φ12,HRB400E,莱钢永锋,None,山东烟台,None,None
2024-04-17,盘螺,Φ12,HRB400E,石横特钢,None,山东烟台,None,None
2024-04-17,盘螺,Φ6,HRB400E,莱钢永锋,None,山东烟台,None,None
2024-04-17,盘螺,Φ6,HRB400E,石横特钢,None,山东烟台,None,None
2024-04-17,盘螺,Φ8,HRB400E,莱钢永锋,None,山东烟台,None,None
2024-04-17,盘螺,Φ8,HRB400E,石横特钢,None,山东烟台,None,None
2024-04-17,盘螺,Φ8,HRB400E,日照,None,山东烟台,None,None
2024-04-17,盘螺,Φ8,HRB400E,江苏镔鑫,None,山东烟台,None,None
2024-04-17,盘螺,Φ8,HRB400E,日钢营口,None,山东烟台,None,None
2024-04-17,螺纹钢,Φ10,HRB400E,莱钢,None,山东烟台,None,None
2024-04-17,螺纹钢,Φ10,HRB400E,莱钢永锋,None,山东烟台,None,None
2024-04-17,螺纹钢,Φ10,HRB400E,石横特钢,None,山东烟台,None,None
2024-04-17,螺纹钢,Φ12,HRB400E,莱钢,None,山东烟台,None,None
2024-04-17,螺纹钢,Φ12,HRB400E,莱钢永锋,None,山东烟台,None,None
2024-04-17,螺纹钢,Φ12,HRB400E,石横特钢,None,山东烟台,None,None
2024-04-17,螺纹钢,Φ12,HRB400E,日照,None,山东烟台,None,None
2024-04-17,螺纹钢,Φ12,HRB400E,江苏镔鑫,None,山东烟台,None,None
2024-04-17,螺纹钢,Φ12-14,HRB500E,莱钢,None,山东烟台,None,None
2024-04-17,螺纹钢,Φ12-14,HRB500E,莱钢永锋,None,山东烟台,None,None
2024-04-17,螺纹钢,Φ12-14,HRB500E,石横特钢,None,山东烟台,None,None
2024-04-17,螺纹钢,Φ14,HRB400E,莱钢,None,山东烟台,None,None
2024-04-17,螺纹钢,Φ14,HRB400E,莱钢永锋,None,山东烟台,None,None
2024-04-17,螺纹钢,Φ14,HRB400E,石横特钢,None,山东烟台,None,None
2024-04-17,螺纹钢,Φ14,HRB400E,日照,None,山东烟台,None,None
2024-04-17,螺纹钢,Φ14,HRB400E,江苏镔鑫,None,山东烟台,None,None
2024-04-17,螺纹钢,Φ16,HRB400E,莱钢,None,山东烟台,None,None
2024-04-17,螺纹钢,Φ16,HRB400E,莱钢永锋,None,山东烟台,None,None
2024-04-17,螺纹钢,Φ16,HRB400E,石横特钢,None,山东烟台,None,None
2024-04-17,螺纹钢,Φ16,HRB400E,日照,None,山东烟台,None,None
2024-04-17,螺纹钢,Φ16,HRB400E,江苏镔鑫,None,山东烟台,None,None
2024-04-17,螺纹钢,Φ18,HRB400E,莱钢,None,山东烟台,None,None
2024-04-17,螺纹钢,Φ18,HRB400E,莱钢永锋,None,山东烟台,None,None
2024-04-17,螺纹钢,Φ18,HRB400E,石横特钢,None,山东烟台,None,None
2024-04-17,螺纹钢,Φ18,HRB400E,日照,None,山东烟台,None,None
2024-04-17,螺纹钢,Φ18,HRB400E,江苏镔鑫,None,山东烟台,None,None
2024-04-17,螺纹钢,Φ20,HRB400E,莱钢,None,山东烟台,None,None
2024-04-17,螺纹钢,Φ20,HRB400E,莱钢永锋,None,山东烟台,None,None
2024-04-17,螺纹钢,Φ20,HRB400E,石横特钢,None,山东烟台,None,None
2024-04-17,螺纹钢,Φ20,HRB400E,日照,None,山东烟台,None,None
2024-04-17,螺纹钢,Φ20,HRB400E,江苏镔鑫,None,山东烟台,None,None
2024-04-17,螺纹钢,Φ22,HRB400E,莱钢,None,山东烟台,None,None
2024-04-17,螺纹钢,Φ22,HRB400E,莱钢永锋,None,山东烟台,None,None
2024-04-17,螺纹钢,Φ22,HRB400E,石横特钢,None,山东烟台,None,None
2024-04-17,螺纹钢,Φ22,HRB400E,日照,None,山东烟台,None,None
2024-04-17,螺纹钢,Φ22,HRB400E,江苏镔鑫,None,山东烟台,None,None
2024-04-17,螺纹钢,Φ25,HRB400E,莱钢,None,山东烟台,None,None
2024-04-17,螺纹钢,Φ25,HRB400E,莱钢永锋,None,山东烟台,None,None
2024-04-17,螺纹钢,Φ25,HRB400E,石横特钢,None,山东烟台,None,None
2024-04-17,螺纹钢,Φ25,HRB400E,日照,None,山东烟台,None,None
2024-04-17,螺纹钢,Φ25,HRB400E,江苏镔鑫,None,山东烟台,None,None
2024-04-17,螺纹钢,Φ28-32,HRB400E,莱钢,None,山东烟台,None,None
2024-04-17,螺纹钢,Φ28-32,HRB400E,莱钢永锋,None,山东烟台,None,None
2024-04-17,螺纹钢,Φ28-32,HRB400E,石横特钢,None,山东烟台,None,None
2024-04-17,螺纹钢,Φ28-32,HRB400E,日照,None,山东烟台,None,None
2024-04-17,螺纹钢,Φ28-32,HRB400E,江苏镔鑫,None,山东烟台,None,None
2024-04-17,高线,Φ10,HPB300,莱钢永锋,None,山东烟台,None,None
2024-04-17,高线,Φ10,HPB300,石横特钢,None,山东烟台,None,None
2024-04-17,高线,Φ10,HPB300,江苏镔鑫,None,山东烟台,None,None
2024-04-17,高线,Φ12,HPB300,莱钢永锋,None,山东烟台,None,None
2024-04-17,高线,Φ12,HPB300,石横特钢,None,山东烟台,None,None
2024-04-17,高线,Φ6,HPB300,莱钢永锋,None,山东烟台,None,None
2024-04-17,高线,Φ6,HPB300,石横特钢,None,山东烟台,None,None
2024-04-17,高线,Φ6,HPB300,江苏镔鑫,None,山东烟台,None,None
2024-04-17,高线,Φ8,HPB300,莱钢永锋,None,山东烟台,None,None
2024-04-17,高线,Φ8,HPB300,石横特钢,None,山东烟台,None,None
2024-04-17,高线,Φ8,HPB300,江苏镔鑫,None,山东烟台,None,None
2024-04-16,圆钢,Φ12-22,HPB300,莱钢永锋,None,山东烟台,None,None
2024-04-16,圆钢,Φ12-22,HPB300,石横特钢,None,山东烟台,None,None
2024-04-16,圆钢,Φ25-32,HPB300,莱钢永锋,None,山东烟台,None,None
2024-04-16,圆钢,Φ25-32,HPB300,石横特钢,None,山东烟台,None,None
2024-04-16,盘螺,Φ10,HRB400E,莱钢永锋,None,山东烟台,None,None
2024-04-16,盘螺,Φ10,HRB400E,石横特钢,None,山东烟台,None,None
2024-04-16,盘螺,Φ10,HRB400E,日照,None,山东烟台,None,None
2024-04-16,盘螺,Φ10,HRB400E,江苏镔鑫,None,山东烟台,None,None
2024-04-16,盘螺,Φ10,HRB400E,日钢营口,None,山东烟台,None,None
2024-04-16,盘螺,Φ12,HRB400E,莱钢永锋,None,山东烟台,None,None
2024-04-16,盘螺,Φ12,HRB400E,石横特钢,None,山东烟台,None,None
2024-04-16,盘螺,Φ6,HRB400E,莱钢永锋,None,山东烟台,None,None
2024-04-16,盘螺,Φ6,HRB400E,石横特钢,None,山东烟台,None,None
2024-04-16,盘螺,Φ8,HRB400E,莱钢永锋,None,山东烟台,None,None
2024-04-16,盘螺,Φ8,HRB400E,石横特钢,None,山东烟台,None,None
2024-04-16,盘螺,Φ8,HRB400E,日照,None,山东烟台,None,None
2024-04-16,盘螺,Φ8,HRB400E,江苏镔鑫,None,山东烟台,None,None
2024-04-16,盘螺,Φ8,HRB400E,日钢营口,None,山东烟台,None,None
2024-04-16,螺纹钢,Φ10,HRB400E,莱钢,None,山东烟台,None,None
2024-04-16,螺纹钢,Φ10,HRB400E,莱钢永锋,None,山东烟台,None,None
2024-04-16,螺纹钢,Φ10,HRB400E,石横特钢,None,山东烟台,None,None
2024-04-16,螺纹钢,Φ12,HRB400E,莱钢,None,山东烟台,None,None
2024-04-16,螺纹钢,Φ12,HRB400E,莱钢永锋,None,山东烟台,None,None
2024-04-16,螺纹钢,Φ12,HRB400E,石横特钢,None,山东烟台,None,None
2024-04-16,螺纹钢,Φ12,HRB400E,日照,None,山东烟台,None,None
2024-04-16,螺纹钢,Φ12,HRB400E,江苏镔鑫,None,山东烟台,None,None
2024-04-16,螺纹钢,Φ12-14,HRB500E,莱钢,None,山东烟台,None,None
2024-04-16,螺纹钢,Φ12-14,HRB500E,莱钢永锋,None,山东烟台,None,None
2024-04-16,螺纹钢,Φ12-14,HRB500E,石横特钢,None,山东烟台,None,None
2024-04-16,螺纹钢,Φ14,HRB400E,莱钢,None,山东烟台,None,None
2024-04-16,螺纹钢,Φ14,HRB400E,莱钢永锋,None,山东烟台,None,None
2024-04-16,螺纹钢,Φ14,HRB400E,石横特钢,None,山东烟台,None,None
2024-04-16,螺纹钢,Φ14,HRB400E,日照,None,山东烟台,None,None
2024-04-16,螺纹钢,Φ14,HRB400E,江苏镔鑫,None,山东烟台,None,None
2024-04-16,螺纹钢,Φ16,HRB400E,莱钢,None,山东烟台,None,None
2024-04-16,螺纹钢,Φ16,HRB400E,莱钢永锋,None,山东烟台,None,None
2024-04-16,螺纹钢,Φ16,HRB400E,石横特钢,None,山东烟台,None,None
2024-04-16,螺纹钢,Φ16,HRB400E,日照,None,山东烟台,None,None
2024-04-16,螺纹钢,Φ16,HRB400E,江苏镔鑫,None,山东烟台,None,None
2024-04-16,螺纹钢,Φ18,HRB400E,莱钢,None,山东烟台,None,None
2024-04-16,螺纹钢,Φ18,HRB400E,莱钢永锋,None,山东烟台,None,None
2024-04-16,螺纹钢,Φ18,HRB400E,石横特钢,None,山东烟台,None,None
2024-04-16,螺纹钢,Φ18,HRB400E,日照,None,山东烟台,None,None
2024-04-16,螺纹钢,Φ18,HRB400E,江苏镔鑫,None,山东烟台,None,None
2024-04-16,螺纹钢,Φ20,HRB400E,莱钢,None,山东烟台,None,None
2024-04-16,螺纹钢,Φ20,HRB400E,莱钢永锋,None,山东烟台,None,None
2024-04-16,螺纹钢,Φ20,HRB400E,石横特钢,None,山东烟台,None,None
2024-04-16,螺纹钢,Φ20,HRB400E,日照,None,山东烟台,None,None
2024-04-16,螺纹钢,Φ20,HRB400E,江苏镔鑫,None,山东烟台,None,None
2024-04-16,螺纹钢,Φ22,HRB400E,莱钢,None,山东烟台,None,None
2024-04-16,螺纹钢,Φ22,HRB400E,莱钢永锋,None,山东烟台,None,None
2024-04-16,螺纹钢,Φ22,HRB400E,石横特钢,None,山东烟台,None,None
2024-04-16,螺纹钢,Φ22,HRB400E,日照,None,山东烟台,None,None
2024-04-16,螺纹钢,Φ22,HRB400E,江苏镔鑫,None,山东烟台,None,None
2024-04-16,螺纹钢,Φ25,HRB400E,莱钢,None,山东烟台,None,None
2024-04-16,螺纹钢,Φ25,HRB400E,莱钢永锋,None,山东烟台,None,None
2024-04-16,螺纹钢,Φ25,HRB400E,石横特钢,None,山东烟台,None,None
2024-04-16,螺纹钢,Φ25,HRB400E,日照,None,山东烟台,None,None
2024-04-16,螺纹钢,Φ25,HRB400E,江苏镔鑫,None,山东烟台,None,None
2024-04-16,螺纹钢,Φ28-32,HRB400E,莱钢,None,山东烟台,None,None
2024-04-16,螺纹钢,Φ28-32,HRB400E,莱钢永锋,None,山东烟台,None,None
2024-04-16,螺纹钢,Φ28-32,HRB400E,石横特钢,None,山东烟台,None,None
2024-04-16,螺纹钢,Φ28-32,HRB400E,日照,None,山东烟台,None,None
2024-04-16,螺纹钢,Φ28-32,HRB400E,江苏镔鑫,None,山东烟台,None,None
2024-04-16,高线,Φ10,HPB300,莱钢永锋,None,山东烟台,None,None
2024-04-16,高线,Φ10,HPB300,石横特钢,None,山东烟台,None,None
2024-04-16,高线,Φ10,HPB300,江苏镔鑫,None,山东烟台,None,None
2024-04-16,高线,Φ12,HPB300,莱钢永锋,None,山东烟台,None,None
2024-04-16,高线,Φ12,HPB300,石横特钢,None,山东烟台,None,None
2024-04-16,高线,Φ6,HPB300,莱钢永锋,None,山东烟台,None,None
2024-04-16,高线,Φ6,HPB300,石横特钢,None,山东烟台,None,None
2024-04-16,高线,Φ6,HPB300,江苏镔鑫,None,山东烟台,None,None
2024-04-16,高线,Φ8,HPB300,莱钢永锋,None,山东烟台,None,None
2024-04-16,高线,Φ8,HPB300,石横特钢,None,山东烟台,None,None
2024-04-16,高线,Φ8,HPB300,江苏镔鑫,None,山东烟台,None,None
2024-04-15,圆钢,Φ12-22,HPB300,莱钢永锋,None,山东烟台,None,None
2024-04-15,圆钢,Φ12-22,HPB300,石横特钢,None,山东烟台,None,None
2024-04-15,圆钢,Φ25-32,HPB300,莱钢永锋,None,山东烟台,None,None
2024-04-15,圆钢,Φ25-32,HPB300,石横特钢,None,山东烟台,None,None
2024-04-15,盘螺,Φ10,HRB400E,莱钢永锋,None,山东烟台,None,None
2024-04-15,盘螺,Φ10,HRB400E,石横特钢,None,山东烟台,None,None
2024-04-15,盘螺,Φ10,HRB400E,日照,None,山东烟台,None,None
2024-04-15,盘螺,Φ10,HRB400E,江苏镔鑫,None,山东烟台,None,None
2024-04-15,盘螺,Φ10,HRB400E,日钢营口,None,山东烟台,None,None
2024-04-15,盘螺,Φ12,HRB400E,莱钢永锋,None,山东烟台,None,None
2024-04-15,盘螺,Φ12,HRB400E,石横特钢,None,山东烟台,None,None
2024-04-15,盘螺,Φ6,HRB400E,莱钢永锋,None,山东烟台,None,None
2024-04-15,盘螺,Φ6,HRB400E,石横特钢,None,山东烟台,None,None
2024-04-15,盘螺,Φ8,HRB400E,莱钢永锋,None,山东烟台,None,None
2024-04-15,盘螺,Φ8,HRB400E,石横特钢,None,山东烟台,None,None
2024-04-15,盘螺,Φ8,HRB400E,日照,None,山东烟台,None,None
2024-04-15,盘螺,Φ8,HRB400E,江苏镔鑫,None,山东烟台,None,None
2024-04-15,盘螺,Φ8,HRB400E,日钢营口,None,山东烟台,None,None
2024-04-15,螺纹钢,Φ10,HRB400E,莱钢,None,山东烟台,None,None
2024-04-15,螺纹钢,Φ10,HRB400E,莱钢永锋,None,山东烟台,None,None
2024-04-15,螺纹钢,Φ10,HRB400E,石横特钢,None,山东烟台,None,None
2024-04-15,螺纹钢,Φ12,HRB400E,莱钢,None,山东烟台,None,None
2024-04-15,螺纹钢,Φ12,HRB400E,莱钢永锋,None,山东烟台,None,None
2024-04-15,螺纹钢,Φ12,HRB400E,石横特钢,None,山东烟台,None,None
2024-04-15,螺纹钢,Φ12,HRB400E,日照,None,山东烟台,None,None
2024-04-15,螺纹钢,Φ12,HRB400E,江苏镔鑫,None,山东烟台,None,None
2024-04-15,螺纹钢,Φ12-14,HRB500E,莱钢,None,山东烟台,None,None
2024-04-15,螺纹钢,Φ12-14,HRB500E,莱钢永锋,None,山东烟台,None,None
2024-04-15,螺纹钢,Φ12-14,HRB500E,石横特钢,None,山东烟台,None,None
2024-04-15,螺纹钢,Φ14,HRB400E,莱钢,None,山东烟台,None,None
2024-04-15,螺纹钢,Φ14,HRB400E,莱钢永锋,None,山东烟台,None,None
2024-04-15,螺纹钢,Φ14,HRB400E,石横特钢,None,山东烟台,None,None
2024-04-15,螺纹钢,Φ14,HRB400E,日照,None,山东烟台,None,None
2024-04-15,螺纹钢,Φ14,HRB400E,江苏镔鑫,None,山东烟台,None,None
2024-04-15,螺纹钢,Φ16,HRB400E,莱钢,None,山东烟台,None,None
2024-04-15,螺纹钢,Φ16,HRB400E,莱钢永锋,None,山东烟台,None,None
2024-04-15,螺纹钢,Φ16,HRB400E,石横特钢,None,山东烟台,None,None
2024-04-15,螺纹钢,Φ16,HRB400E,日照,None,山东烟台,None,None
2024-04-15,螺纹钢,Φ16,HRB400E,江苏镔鑫,None,山东烟台,None,None
2024-04-15,螺纹钢,Φ18,HRB400E,莱钢,None,山东烟台,None,None
2024-04-15,螺纹钢,Φ18,HRB400E,莱钢永锋,None,山东烟台,None,None
2024-04-15,螺纹钢,Φ18,HRB400E,石横特钢,None,山东烟台,None,None
2024-04-15,螺纹钢,Φ18,HRB400E,日照,None,山东烟台,None,None
2024-04-15,螺纹钢,Φ18,HRB400E,江苏镔鑫,None,山东烟台,None,None
2024-04-15,螺纹钢,Φ20,HRB400E,莱钢,None,山东烟台,None,None
2024-04-15,螺纹钢,Φ20,HRB400E,莱钢永锋,None,山东烟台,None,None
2024-04-15,螺纹钢,Φ20,HRB400E,石横特钢,None,山东烟台,None,None
2024-04-15,螺纹钢,Φ20,HRB400E,日照,None,山东烟台,None,None
2024-04-15,螺纹钢,Φ20,HRB400E,江苏镔鑫,None,山东烟台,None,None
2024-04-15,螺纹钢,Φ22,HRB400E,莱钢,None,山东烟台,None,None
2024-04-15,螺纹钢,Φ22,HRB400E,莱钢永锋,None,山东烟台,None,None
2024-04-15,螺纹钢,Φ22,HRB400E,石横特钢,None,山东烟台,None,None
2024-04-15,螺纹钢,Φ22,HRB400E,日照,None,山东烟台,None,None
2024-04-15,螺纹钢,Φ22,HRB400E,江苏镔鑫,None,山东烟台,None,None
2024-04-15,螺纹钢,Φ25,HRB400E,莱钢,None,山东烟台,None,None
2024-04-15,螺纹钢,Φ25,HRB400E,莱钢永锋,None,山东烟台,None,None
2024-04-15,螺纹钢,Φ25,HRB400E,石横特钢,None,山东烟台,None,None
2024-04-15,螺纹钢,Φ25,HRB400E,日照,None,山东烟台,None,None
2024-04-15,螺纹钢,Φ25,HRB400E,江苏镔鑫,None,山东烟台,None,None
2024-04-15,螺纹钢,Φ28-32,HRB400E,莱钢,None,山东烟台,None,None
2024-04-15,螺纹钢,Φ28-32,HRB400E,莱钢永锋,None,山东烟台,None,None
2024-04-15,螺纹钢,Φ28-32,HRB400E,石横特钢,None,山东烟台,None,None
2024-04-15,螺纹钢,Φ28-32,HRB400E,日照,None,山东烟台,None,None
2024-04-15,螺纹钢,Φ28-32,HRB400E,江苏镔鑫,None,山东烟台,None,None
2024-04-15,高线,Φ10,HPB300,莱钢永锋,None,山东烟台,None,None
2024-04-15,高线,Φ10,HPB300,石横特钢,None,山东烟台,None,None
2024-04-15,高线,Φ10,HPB300,江苏镔鑫,None,山东烟台,None,None
2024-04-15,高线,Φ12,HPB300,莱钢永锋,None,山东烟台,None,None
2024-04-15,高线,Φ12,HPB300,石横特钢,None,山东烟台,None,None
2024-04-15,高线,Φ6,HPB300,莱钢永锋,None,山东烟台,None,None
2024-04-15,高线,Φ6,HPB300,石横特钢,None,山东烟台,None,None
2024-04-15,高线,Φ6,HPB300,江苏镔鑫,None,山东烟台,None,None
2024-04-15,高线,Φ8,HPB300,莱钢永锋,None,山东烟台,None,None
2024-04-15,高线,Φ8,HPB300,石横特钢,None,山东烟台,None,None
2024-04-15,高线,Φ8,HPB300,江苏镔鑫,None,山东烟台,None,None
2024-04-12,圆钢,Φ12-22,HPB300,莱钢永锋,None,山东烟台,None,None
2024-04-12,圆钢,Φ12-22,HPB300,石横特钢,None,山东烟台,None,None
2024-04-12,圆钢,Φ25-32,HPB300,莱钢永锋,None,山东烟台,None,None
2024-04-12,圆钢,Φ25-32,HPB300,石横特钢,None,山东烟台,None,None
2024-04-12,盘螺,Φ10,HRB400E,莱钢永锋,None,山东烟台,None,None
2024-04-12,盘螺,Φ10,HRB400E,石横特钢,None,山东烟台,None,None
2024-04-12,盘螺,Φ10,HRB400E,日照,None,山东烟台,None,None
2024-04-12,盘螺,Φ10,HRB400E,江苏镔鑫,None,山东烟台,None,None
2024-04-12,盘螺,Φ10,HRB400E,日钢营口,None,山东烟台,None,None
2024-04-12,盘螺,Φ12,HRB400E,莱钢永锋,None,山东烟台,None,None
2024-04-12,盘螺,Φ12,HRB400E,石横特钢,None,山东烟台,None,None
2024-04-12,盘螺,Φ6,HRB400E,莱钢永锋,None,山东烟台,None,None
2024-04-12,盘螺,Φ6,HRB400E,石横特钢,None,山东烟台,None,None
2024-04-12,盘螺,Φ8,HRB400E,莱钢永锋,None,山东烟台,None,None
2024-04-12,盘螺,Φ8,HRB400E,石横特钢,None,山东烟台,None,None
2024-04-12,盘螺,Φ8,HRB400E,日照,None,山东烟台,None,None
2024-04-12,盘螺,Φ8,HRB400E,江苏镔鑫,None,山东烟台,None,None
2024-04-12,盘螺,Φ8,HRB400E,日钢营口,None,山东烟台,None,None
2024-04-12,螺纹钢,Φ10,HRB400E,莱钢,None,山东烟台,None,None
2024-04-12,螺纹钢,Φ10,HRB400E,莱钢永锋,None,山东烟台,None,None
2024-04-12,螺纹钢,Φ10,HRB400E,石横特钢,None,山东烟台,None,None
2024-04-12,螺纹钢,Φ12,HRB400E,莱钢,None,山东烟台,None,None
2024-04-12,螺纹钢,Φ12,HRB400E,莱钢永锋,None,山东烟台,None,None
2024-04-12,螺纹钢,Φ12,HRB400E,石横特钢,None,山东烟台,None,None
2024-04-12,螺纹钢,Φ12,HRB400E,日照,None,山东烟台,None,None
2024-04-12,螺纹钢,Φ12,HRB400E,江苏镔鑫,None,山东烟台,None,None
2024-04-12,螺纹钢,Φ12-14,HRB500E,莱钢,None,山东烟台,None,None
2024-04-12,螺纹钢,Φ12-14,HRB500E,莱钢永锋,None,山东烟台,None,None
2024-04-12,螺纹钢,Φ12-14,HRB500E,石横特钢,None,山东烟台,None,None
2024-04-12,螺纹钢,Φ14,HRB400E,莱钢,None,山东烟台,None,None
2024-04-12,螺纹钢,Φ14,HRB400E,莱钢永锋,None,山东烟台,None,None
2024-04-12,螺纹钢,Φ14,HRB400E,石横特钢,None,山东烟台,None,None
2024-04-12,螺纹钢,Φ14,HRB400E,日照,None,山东烟台,None,None
2024-04-12,螺纹钢,Φ14,HRB400E,江苏镔鑫,None,山东烟台,None,None
2024-04-12,螺纹钢,Φ16,HRB400E,莱钢,None,山东烟台,None,None
2024-04-12,螺纹钢,Φ16,HRB400E,莱钢永锋,None,山东烟台,None,None
2024-04-12,螺纹钢,Φ16,HRB400E,石横特钢,None,山东烟台,None,None
2024-04-12,螺纹钢,Φ16,HRB400E,日照,None,山东烟台,None,None
2024-04-12,螺纹钢,Φ16,HRB400E,江苏镔鑫,None,山东烟台,None,None
2024-04-12,螺纹钢,Φ18,HRB400E,莱钢,None,山东烟台,None,None
2024-04-12,螺纹钢,Φ18,HRB400E,莱钢永锋,None,山东烟台,None,None
2024-04-12,螺纹钢,Φ18,HRB400E,石横特钢,None,山东烟台,None,None
2024-04-12,螺纹钢,Φ18,HRB400E,日照,None,山东烟台,None,None
2024-04-12,螺纹钢,Φ18,HRB400E,江苏镔鑫,None,山东烟台,None,None
2024-04-12,螺纹钢,Φ20,HRB400E,莱钢,None,山东烟台,None,None
2024-04-12,螺纹钢,Φ20,HRB400E,莱钢永锋,None,山东烟台,None,None
2024-04-12,螺纹钢,Φ20,HRB400E,石横特钢,None,山东烟台,None,None
2024-04-12,螺纹钢,Φ20,HRB400E,日照,None,山东烟台,None,None
2024-04-12,螺纹钢,Φ20,HRB400E,江苏镔鑫,None,山东烟台,None,None
2024-04-12,螺纹钢,Φ22,HRB400E,莱钢,None,山东烟台,None,None
2024-04-12,螺纹钢,Φ22,HRB400E,莱钢永锋,None,山东烟台,None,None
2024-04-12,螺纹钢,Φ22,HRB400E,石横特钢,None,山东烟台,None,None
2024-04-12,螺纹钢,Φ22,HRB400E,日照,None,山东烟台,None,None
2024-04-12,螺纹钢,Φ22,HRB400E,江苏镔鑫,None,山东烟台,None,None
2024-04-12,螺纹钢,Φ25,HRB400E,莱钢,None,山东烟台,None,None
2024-04-12,螺纹钢,Φ25,HRB400E,莱钢永锋,None,山东烟台,None,None
2024-04-12,螺纹钢,Φ25,HRB400E,石横特钢,None,山东烟台,None,None
2024-04-12,螺纹钢,Φ25,HRB400E,日照,None,山东烟台,None,None
2024-04-12,螺纹钢,Φ25,HRB400E,江苏镔鑫,None,山东烟台,None,None
2024-04-12,螺纹钢,Φ28-32,HRB400E,莱钢,None,山东烟台,None,None
2024-04-12,螺纹钢,Φ28-32,HRB400E,莱钢永锋,None,山东烟台,None,None
2024-04-12,螺纹钢,Φ28-32,HRB400E,石横特钢,None,山东烟台,None,None
2024-04-12,螺纹钢,Φ28-32,HRB400E,日照,None,山东烟台,None,None
2024-04-12,螺纹钢,Φ28-32,HRB400E,江苏镔鑫,None,山东烟台,None,None
2024-04-12,高线,Φ10,HPB300,莱钢永锋,None,山东烟台,None,None
2024-04-12,高线,Φ10,HPB300,石横特钢,None,山东烟台,None,None
2024-04-12,高线,Φ10,HPB300,江苏镔鑫,None,山东烟台,None,None
2024-04-12,高线,Φ12,HPB300,莱钢永锋,None,山东烟台,None,None
2024-04-12,高线,Φ12,HPB300,石横特钢,None,山东烟台,None,None
2024-04-12,高线,Φ6,HPB300,莱钢永锋,None,山东烟台,None,None
2024-04-12,高线,Φ6,HPB300,石横特钢,None,山东烟台,None,None
2024-04-12,高线,Φ6,HPB300,江苏镔鑫,None,山东烟台,None,None
2024-04-12,高线,Φ8,HPB300,莱钢永锋,None,山东烟台,None,None
2024-04-12,高线,Φ8,HPB300,石横特钢,None,山东烟台,None,None
2024-04-12,高线,Φ8,HPB300,江苏镔鑫,None,山东烟台,None,None
2024-04-11,圆钢,Φ12-22,HPB300,莱钢永锋,None,山东烟台,None,None
2024-04-11,圆钢,Φ12-22,HPB300,石横特钢,None,山东烟台,None,None
2024-04-11,圆钢,Φ25-32,HPB300,莱钢永锋,None,山东烟台,None,None
2024-04-11,圆钢,Φ25-32,HPB300,石横特钢,None,山东烟台,None,None
2024-04-11,盘螺,Φ10,HRB400E,莱钢永锋,None,山东烟台,None,None
2024-04-11,盘螺,Φ10,HRB400E,石横特钢,None,山东烟台,None,None
2024-04-11,盘螺,Φ10,HRB400E,日照,None,山东烟台,None,None
2024-04-11,盘螺,Φ10,HRB400E,江苏镔鑫,None,山东烟台,None,None
2024-04-11,盘螺,Φ10,HRB400E,日钢营口,None,山东烟台,None,None
2024-04-11,盘螺,Φ12,HRB400E,莱钢永锋,None,山东烟台,None,None
2024-04-11,盘螺,Φ12,HRB400E,石横特钢,None,山东烟台,None,None
2024-04-11,盘螺,Φ6,HRB400E,莱钢永锋,None,山东烟台,None,None
2024-04-11,盘螺,Φ6,HRB400E,石横特钢,None,山东烟台,None,None
2024-04-11,盘螺,Φ8,HRB400E,莱钢永锋,None,山东烟台,None,None
2024-04-11,盘螺,Φ8,HRB400E,石横特钢,None,山东烟台,None,None
2024-04-11,盘螺,Φ8,HRB400E,日照,None,山东烟台,None,None
2024-04-11,盘螺,Φ8,HRB400E,江苏镔鑫,None,山东烟台,None,None
2024-04-11,盘螺,Φ8,HRB400E,日钢营口,None,山东烟台,None,None
2024-04-11,螺纹钢,Φ10,HRB400E,莱钢,None,山东烟台,None,None
2024-04-11,螺纹钢,Φ10,HRB400E,莱钢永锋,None,山东烟台,None,None
2024-04-11,螺纹钢,Φ10,HRB400E,石横特钢,None,山东烟台,None,None
2024-04-11,螺纹钢,Φ12,HRB400E,莱钢,None,山东烟台,None,None
2024-04-11,螺纹钢,Φ12,HRB400E,莱钢永锋,None,山东烟台,None,None
2024-04-11,螺纹钢,Φ12,HRB400E,石横特钢,None,山东烟台,None,None
2024-04-11,螺纹钢,Φ12,HRB400E,日照,None,山东烟台,None,None
2024-04-11,螺纹钢,Φ12,HRB400E,江苏镔鑫,None,山东烟台,None,None
2024-04-11,螺纹钢,Φ12-14,HRB500E,莱钢,None,山东烟台,None,None
2024-04-11,螺纹钢,Φ12-14,HRB500E,莱钢永锋,None,山东烟台,None,None
2024-04-11,螺纹钢,Φ12-14,HRB500E,石横特钢,None,山东烟台,None,None
2024-04-11,螺纹钢,Φ14,HRB400E,莱钢,None,山东烟台,None,None
2024-04-11,螺纹钢,Φ14,HRB400E,莱钢永锋,None,山东烟台,None,None
2024-04-11,螺纹钢,Φ14,HRB400E,石横特钢,None,山东烟台,None,None
2024-04-11,螺纹钢,Φ14,HRB400E,日照,None,山东烟台,None,None
2024-04-11,螺纹钢,Φ14,HRB400E,江苏镔鑫,None,山东烟台,None,None
2024-04-11,螺纹钢,Φ16,HRB400E,莱钢,None,山东烟台,None,None
2024-04-11,螺纹钢,Φ16,HRB400E,莱钢永锋,None,山东烟台,None,None
2024-04-11,螺纹钢,Φ16,HRB400E,石横特钢,None,山东烟台,None,None
2024-04-11,螺纹钢,Φ16,HRB400E,日照,None,山东烟台,None,None
2024-04-11,螺纹钢,Φ16,HRB400E,江苏镔鑫,None,山东烟台,None,None
2024-04-11,螺纹钢,Φ18,HRB400E,莱钢,None,山东烟台,None,None
2024-04-11,螺纹钢,Φ18,HRB400E,莱钢永锋,None,山东烟台,None,None
2024-04-11,螺纹钢,Φ18,HRB400E,石横特钢,None,山东烟台,None,None
2024-04-11,螺纹钢,Φ18,HRB400E,日照,None,山东烟台,None,None
2024-04-11,螺纹钢,Φ18,HRB400E,江苏镔鑫,None,山东烟台,None,None
2024-04-11,螺纹钢,Φ20,HRB400E,莱钢,None,山东烟台,None,None
2024-04-11,螺纹钢,Φ20,HRB400E,莱钢永锋,None,山东烟台,None,None
2024-04-11,螺纹钢,Φ20,HRB400E,石横特钢,None,山东烟台,None,None
2024-04-11,螺纹钢,Φ20,HRB400E,日照,None,山东烟台,None,None
2024-04-11,螺纹钢,Φ20,HRB400E,江苏镔鑫,None,山东烟台,None,None
2024-04-11,螺纹钢,Φ22,HRB400E,莱钢,None,山东烟台,None,None
2024-04-11,螺纹钢,Φ22,HRB400E,莱钢永锋,None,山东烟台,None,None
2024-04-11,螺纹钢,Φ22,HRB400E,石横特钢,None,山东烟台,None,None
2024-04-11,螺纹钢,Φ22,HRB400E,日照,None,山东烟台,None,None
2024-04-11,螺纹钢,Φ22,HRB400E,江苏镔鑫,None,山东烟台,None,None
2024-04-11,螺纹钢,Φ25,HRB400E,莱钢,None,山东烟台,None,None
2024-04-11,螺纹钢,Φ25,HRB400E,莱钢永锋,None,山东烟台,None,None
2024-04-11,螺纹钢,Φ25,HRB400E,石横特钢,None,山东烟台,None,None
2024-04-11,螺纹钢,Φ25,HRB400E,日照,None,山东烟台,None,None
2024-04-11,螺纹钢,Φ25,HRB400E,江苏镔鑫,None,山东烟台,None,None
2024-04-11,螺纹钢,Φ28-32,HRB400E,莱钢,None,山东烟台,None,None
2024-04-11,螺纹钢,Φ28-32,HRB400E,莱钢永锋,None,山东烟台,None,None
2024-04-11,螺纹钢,Φ28-32,HRB400E,石横特钢,None,山东烟台,None,None
2024-04-11,螺纹钢,Φ28-32,HRB400E,日照,None,山东烟台,None,None
2024-04-11,螺纹钢,Φ28-32,HRB400E,江苏镔鑫,None,山东烟台,None,None
2024-04-11,高线,Φ10,HPB300,莱钢永锋,None,山东烟台,None,None
2024-04-11,高线,Φ10,HPB300,石横特钢,None,山东烟台,None,None
2024-04-11,高线,Φ10,HPB300,江苏镔鑫,None,山东烟台,None,None
2024-04-11,高线,Φ12,HPB300,莱钢永锋,None,山东烟台,None,None
2024-04-11,高线,Φ12,HPB300,石横特钢,None,山东烟台,None,None
2024-04-11,高线,Φ6,HPB300,莱钢永锋,None,山东烟台,None,None
2024-04-11,高线,Φ6,HPB300,石横特钢,None,山东烟台,None,None
2024-04-11,高线,Φ6,HPB300,江苏镔鑫,None,山东烟台,None,None
2024-04-11,高线,Φ8,HPB300,莱钢永锋,None,山东烟台,None,None
2024-04-11,高线,Φ8,HPB300,石横特钢,None,山东烟台,None,None
2024-04-11,高线,Φ8,HPB300,江苏镔鑫,None,山东烟台,None,None
2024-04-10,圆钢,Φ12-22,HPB300,莱钢永锋,None,山东烟台,None,None
2024-04-10,圆钢,Φ12-22,HPB300,石横特钢,None,山东烟台,None,None
2024-04-10,圆钢,Φ25-32,HPB300,莱钢永锋,None,山东烟台,None,None
2024-04-10,圆钢,Φ25-32,HPB300,石横特钢,None,山东烟台,None,None
2024-04-10,盘螺,Φ10,HRB400E,莱钢永锋,None,山东烟台,None,None
2024-04-10,盘螺,Φ10,HRB400E,石横特钢,None,山东烟台,None,None
2024-04-10,盘螺,Φ10,HRB400E,日照,None,山东烟台,None,None
2024-04-10,盘螺,Φ10,HRB400E,江苏镔鑫,None,山东烟台,None,None
2024-04-10,盘螺,Φ10,HRB400E,日钢营口,None,山东烟台,None,None
2024-04-10,盘螺,Φ12,HRB400E,莱钢永锋,None,山东烟台,None,None
2024-04-10,盘螺,Φ12,HRB400E,石横特钢,None,山东烟台,None,None
2024-04-10,盘螺,Φ6,HRB400E,莱钢永锋,None,山东烟台,None,None
2024-04-10,盘螺,Φ6,HRB400E,石横特钢,None,山东烟台,None,None
2024-04-10,盘螺,Φ8,HRB400E,莱钢永锋,None,山东烟台,None,None
2024-04-10,盘螺,Φ8,HRB400E,石横特钢,None,山东烟台,None,None
2024-04-10,盘螺,Φ8,HRB400E,日照,None,山东烟台,None,None
2024-04-10,盘螺,Φ8,HRB400E,江苏镔鑫,None,山东烟台,None,None
2024-04-10,盘螺,Φ8,HRB400E,日钢营口,None,山东烟台,None,None
2024-04-10,螺纹钢,Φ10,HRB400E,莱钢,None,山东烟台,None,None
2024-04-10,螺纹钢,Φ10,HRB400E,莱钢永锋,None,山东烟台,None,None
2024-04-10,螺纹钢,Φ10,HRB400E,石横特钢,None,山东烟台,None,None
2024-04-10,螺纹钢,Φ12,HRB400E,莱钢,None,山东烟台,None,None
2024-04-10,螺纹钢,Φ12,HRB400E,莱钢永锋,None,山东烟台,None,None
2024-04-10,螺纹钢,Φ12,HRB400E,石横特钢,None,山东烟台,None,None
2024-04-10,螺纹钢,Φ12,HRB400E,日照,None,山东烟台,None,None
2024-04-10,螺纹钢,Φ12,HRB400E,江苏镔鑫,None,山东烟台,None,None
2024-04-10,螺纹钢,Φ12-14,HRB500E,莱钢,None,山东烟台,None,None
2024-04-10,螺纹钢,Φ12-14,HRB500E,莱钢永锋,None,山东烟台,None,None
2024-04-10,螺纹钢,Φ12-14,HRB500E,石横特钢,None,山东烟台,None,None
2024-04-10,螺纹钢,Φ14,HRB400E,莱钢,None,山东烟台,None,None
2024-04-10,螺纹钢,Φ14,HRB400E,莱钢永锋,None,山东烟台,None,None
2024-04-10,螺纹钢,Φ14,HRB400E,石横特钢,None,山东烟台,None,None
2024-04-10,螺纹钢,Φ14,HRB400E,日照,None,山东烟台,None,None
2024-04-10,螺纹钢,Φ14,HRB400E,江苏镔鑫,None,山东烟台,None,None
2024-04-10,螺纹钢,Φ16,HRB400E,莱钢,None,山东烟台,None,None
2024-04-10,螺纹钢,Φ16,HRB400E,莱钢永锋,None,山东烟台,None,None
2024-04-10,螺纹钢,Φ16,HRB400E,石横特钢,None,山东烟台,None,None
2024-04-10,螺纹钢,Φ16,HRB400E,日照,None,山东烟台,None,None
2024-04-10,螺纹钢,Φ16,HRB400E,江苏镔鑫,None,山东烟台,None,None
2024-04-10,螺纹钢,Φ18,HRB400E,莱钢,None,山东烟台,None,None
2024-04-10,螺纹钢,Φ18,HRB400E,莱钢永锋,None,山东烟台,None,None
2024-04-10,螺纹钢,Φ18,HRB400E,石横特钢,None,山东烟台,None,None
2024-04-10,螺纹钢,Φ18,HRB400E,日照,None,山东烟台,None,None
2024-04-10,螺纹钢,Φ18,HRB400E,江苏镔鑫,None,山东烟台,None,None
2024-04-10,螺纹钢,Φ20,HRB400E,莱钢,None,山东烟台,None,None
2024-04-10,螺纹钢,Φ20,HRB400E,莱钢永锋,None,山东烟台,None,None
2024-04-10,螺纹钢,Φ20,HRB400E,石横特钢,None,山东烟台,None,None
2024-04-10,螺纹钢,Φ20,HRB400E,日照,None,山东烟台,None,None
2024-04-10,螺纹钢,Φ20,HRB400E,江苏镔鑫,None,山东烟台,None,None
2024-04-10,螺纹钢,Φ22,HRB400E,莱钢,None,山东烟台,None,None
2024-04-10,螺纹钢,Φ22,HRB400E,莱钢永锋,None,山东烟台,None,None
2024-04-10,螺纹钢,Φ22,HRB400E,石横特钢,None,山东烟台,None,None
2024-04-10,螺纹钢,Φ22,HRB400E,日照,None,山东烟台,None,None
2024-04-10,螺纹钢,Φ22,HRB400E,江苏镔鑫,None,山东烟台,None,None
2024-04-10,螺纹钢,Φ25,HRB400E,莱钢,None,山东烟台,None,None
2024-04-10,螺纹钢,Φ25,HRB400E,莱钢永锋,None,山东烟台,None,None
2024-04-10,螺纹钢,Φ25,HRB400E,石横特钢,None,山东烟台,None,None
2024-04-10,螺纹钢,Φ25,HRB400E,日照,None,山东烟台,None,None
2024-04-10,螺纹钢,Φ25,HRB400E,江苏镔鑫,None,山东烟台,None,None
2024-04-10,螺纹钢,Φ28-32,HRB400E,莱钢,None,山东烟台,None,None
2024-04-10,螺纹钢,Φ28-32,HRB400E,莱钢永锋,None,山东烟台,None,None
2024-04-10,螺纹钢,Φ28-32,HRB400E,石横特钢,None,山东烟台,None,None
2024-04-10,螺纹钢,Φ28-32,HRB400E,日照,None,山东烟台,None,None
2024-04-10,螺纹钢,Φ28-32,HRB400E,江苏镔鑫,None,山东烟台,None,None
2024-04-10,高线,Φ10,HPB300,莱钢永锋,None,山东烟台,None,None
2024-04-10,高线,Φ10,HPB300,石横特钢,None,山东烟台,None,None
2024-04-10,高线,Φ10,HPB300,江苏镔鑫,None,山东烟台,None,None
2024-04-10,高线,Φ12,HPB300,莱钢永锋,None,山东烟台,None,None
2024-04-10,高线,Φ12,HPB300,石横特钢,None,山东烟台,None,None
2024-04-10,高线,Φ6,HPB300,莱钢永锋,None,山东烟台,None,None
2024-04-10,高线,Φ6,HPB300,石横特钢,None,山东烟台,None,None
2024-04-10,高线,Φ6,HPB300,江苏镔鑫,None,山东烟台,None,None
2024-04-10,高线,Φ8,HPB300,莱钢永锋,None,山东烟台,None,None
2024-04-10,高线,Φ8,HPB300,石横特钢,None,山东烟台,None,None
2024-04-10,高线,Φ8,HPB300,江苏镔鑫,None,山东烟台,None,None
2024-04-09,圆钢,Φ12-22,HPB300,莱钢永锋,None,山东烟台,None,None
2024-04-09,圆钢,Φ12-22,HPB300,石横特钢,None,山东烟台,None,None
2024-04-09,圆钢,Φ25-32,HPB300,莱钢永锋,None,山东烟台,None,None
2024-04-09,圆钢,Φ25-32,HPB300,石横特钢,None,山东烟台,None,None
2024-04-09,盘螺,Φ10,HRB400E,莱钢永锋,None,山东烟台,None,None
2024-04-09,盘螺,Φ10,HRB400E,石横特钢,None,山东烟台,None,None
2024-04-09,盘螺,Φ10,HRB400E,日照,None,山东烟台,None,None
2024-04-09,盘螺,Φ10,HRB400E,江苏镔鑫,None,山东烟台,None,None
2024-04-09,盘螺,Φ10,HRB400E,日钢营口,None,山东烟台,None,None
2024-04-09,盘螺,Φ12,HRB400E,莱钢永锋,None,山东烟台,None,None
2024-04-09,盘螺,Φ12,HRB400E,石横特钢,None,山东烟台,None,None
2024-04-09,盘螺,Φ6,HRB400E,莱钢永锋,None,山东烟台,None,None
2024-04-09,盘螺,Φ6,HRB400E,石横特钢,None,山东烟台,None,None
2024-04-09,盘螺,Φ8,HRB400E,莱钢永锋,None,山东烟台,None,None
2024-04-09,盘螺,Φ8,HRB400E,石横特钢,None,山东烟台,None,None
2024-04-09,盘螺,Φ8,HRB400E,日照,None,山东烟台,None,None
2024-04-09,盘螺,Φ8,HRB400E,江苏镔鑫,None,山东烟台,None,None
2024-04-09,盘螺,Φ8,HRB400E,日钢营口,None,山东烟台,None,None
2024-04-09,螺纹钢,Φ10,HRB400E,莱钢,None,山东烟台,None,None
2024-04-09,螺纹钢,Φ10,HRB400E,莱钢永锋,None,山东烟台,None,None
2024-04-09,螺纹钢,Φ10,HRB400E,石横特钢,None,山东烟台,None,None
2024-04-09,螺纹钢,Φ12,HRB400E,莱钢,None,山东烟台,None,None
2024-04-09,螺纹钢,Φ12,HRB400E,莱钢永锋,None,山东烟台,None,None
2024-04-09,螺纹钢,Φ12,HRB400E,石横特钢,None,山东烟台,None,None
2024-04-09,螺纹钢,Φ12,HRB400E,日照,None,山东烟台,None,None
2024-04-09,螺纹钢,Φ12,HRB400E,江苏镔鑫,None,山东烟台,None,None
2024-04-09,螺纹钢,Φ12-14,HRB500E,莱钢,None,山东烟台,None,None
2024-04-09,螺纹钢,Φ12-14,HRB500E,莱钢永锋,None,山东烟台,None,None
2024-04-09,螺纹钢,Φ12-14,HRB500E,石横特钢,None,山东烟台,None,None
2024-04-09,螺纹钢,Φ14,HRB400E,莱钢,None,山东烟台,None,None
2024-04-09,螺纹钢,Φ14,HRB400E,莱钢永锋,None,山东烟台,None,None
2024-04-09,螺纹钢,Φ14,HRB400E,石横特钢,None,山东烟台,None,None
2024-04-09,螺纹钢,Φ14,HRB400E,日照,None,山东烟台,None,None
2024-04-09,螺纹钢,Φ14,HRB400E,江苏镔鑫,None,山东烟台,None,None
2024-04-09,螺纹钢,Φ16,HRB400E,莱钢,None,山东烟台,None,None
2024-04-09,螺纹钢,Φ16,HRB400E,莱钢永锋,None,山东烟台,None,None
2024-04-09,螺纹钢,Φ16,HRB400E,石横特钢,None,山东烟台,None,None
2024-04-09,螺纹钢,Φ16,HRB400E,日照,None,山东烟台,None,None
2024-04-09,螺纹钢,Φ16,HRB400E,江苏镔鑫,None,山东烟台,None,None
2024-04-09,螺纹钢,Φ18,HRB400E,莱钢,None,山东烟台,None,None
2024-04-09,螺纹钢,Φ18,HRB400E,莱钢永锋,None,山东烟台,None,None
2024-04-09,螺纹钢,Φ18,HRB400E,石横特钢,None,山东烟台,None,None
2024-04-09,螺纹钢,Φ18,HRB400E,日照,None,山东烟台,None,None
2024-04-09,螺纹钢,Φ18,HRB400E,江苏镔鑫,None,山东烟台,None,None
2024-04-09,螺纹钢,Φ20,HRB400E,莱钢,None,山东烟台,None,None
2024-04-09,螺纹钢,Φ20,HRB400E,莱钢永锋,None,山东烟台,None,None
2024-04-09,螺纹钢,Φ20,HRB400E,石横特钢,None,山东烟台,None,None
2024-04-09,螺纹钢,Φ20,HRB400E,日照,None,山东烟台,None,None
2024-04-09,螺纹钢,Φ20,HRB400E,江苏镔鑫,None,山东烟台,None,None
2024-04-09,螺纹钢,Φ22,HRB400E,莱钢,None,山东烟台,None,None
2024-04-09,螺纹钢,Φ22,HRB400E,莱钢永锋,None,山东烟台,None,None
2024-04-09,螺纹钢,Φ22,HRB400E,石横特钢,None,山东烟台,None,None
2024-04-09,螺纹钢,Φ22,HRB400E,日照,None,山东烟台,None,None
2024-04-09,螺纹钢,Φ22,HRB400E,江苏镔鑫,None,山东烟台,None,None
2024-04-09,螺纹钢,Φ25,HRB400E,莱钢,None,山东烟台,None,None
2024-04-09,螺纹钢,Φ25,HRB400E,莱钢永锋,None,山东烟台,None,None
2024-04-09,螺纹钢,Φ25,HRB400E,石横特钢,None,山东烟台,None,None
2024-04-09,螺纹钢,Φ25,HRB400E,日照,None,山东烟台,None,None
2024-04-09,螺纹钢,Φ25,HRB400E,江苏镔鑫,None,山东烟台,None,None
2024-04-09,螺纹钢,Φ28-32,HRB400E,莱钢,None,山东烟台,None,None
2024-04-09,螺纹钢,Φ28-32,HRB400E,莱钢永锋,None,山东烟台,None,None
2024-04-09,螺纹钢,Φ28-32,HRB400E,石横特钢,None,山东烟台,None,None
2024-04-09,螺纹钢,Φ28-32,HRB400E,日照,None,山东烟台,None,None
2024-04-09,螺纹钢,Φ28-32,HRB400E,江苏镔鑫,None,山东烟台,None,None
2024-04-09,高线,Φ10,HPB300,莱钢永锋,None,山东烟台,None,None
2024-04-09,高线,Φ10,HPB300,石横特钢,None,山东烟台,None,None
2024-04-09,高线,Φ10,HPB300,江苏镔鑫,None,山东烟台,None,None
2024-04-09,高线,Φ12,HPB300,莱钢永锋,None,山东烟台,None,None
2024-04-09,高线,Φ12,HPB300,石横特钢,None,山东烟台,None,None
2024-04-09,高线,Φ6,HPB300,莱钢永锋,None,山东烟台,None,None
2024-04-09,高线,Φ6,HPB300,石横特钢,None,山东烟台,None,None
2024-04-09,高线,Φ6,HPB300,江苏镔鑫,None,山东烟台,None,None
2024-04-09,高线,Φ8,HPB300,莱钢永锋,None,山东烟台,None,None
2024-04-09,高线,Φ8,HPB300,石横特钢,None,山东烟台,None,None
2024-04-09,高线,Φ8,HPB300,江苏镔鑫,None,山东烟台,None,None
2024-04-08,圆钢,Φ12-22,HPB300,莱钢永锋,None,山东烟台,None,None
2024-04-08,圆钢,Φ12-22,HPB300,石横特钢,None,山东烟台,None,None
2024-04-08,圆钢,Φ25-32,HPB300,莱钢永锋,None,山东烟台,None,None
2024-04-08,圆钢,Φ25-32,HPB300,石横特钢,None,山东烟台,None,None
2024-04-08,盘螺,Φ10,HRB400E,莱钢永锋,None,山东烟台,None,None
2024-04-08,盘螺,Φ10,HRB400E,石横特钢,None,山东烟台,None,None
2024-04-08,盘螺,Φ10,HRB400E,日照,None,山东烟台,None,None
2024-04-08,盘螺,Φ10,HRB400E,江苏镔鑫,None,山东烟台,None,None
2024-04-08,盘螺,Φ10,HRB400E,日钢营口,None,山东烟台,None,None
2024-04-08,盘螺,Φ12,HRB400E,莱钢永锋,None,山东烟台,None,None
2024-04-08,盘螺,Φ12,HRB400E,石横特钢,None,山东烟台,None,None
2024-04-08,盘螺,Φ6,HRB400E,莱钢永锋,None,山东烟台,None,None
2024-04-08,盘螺,Φ6,HRB400E,石横特钢,None,山东烟台,None,None
2024-04-08,盘螺,Φ8,HRB400E,莱钢永锋,None,山东烟台,None,None
2024-04-08,盘螺,Φ8,HRB400E,石横特钢,None,山东烟台,None,None
2024-04-08,盘螺,Φ8,HRB400E,日照,None,山东烟台,None,None
2024-04-08,盘螺,Φ8,HRB400E,江苏镔鑫,None,山东烟台,None,None
2024-04-08,盘螺,Φ8,HRB400E,日钢营口,None,山东烟台,None,None
2024-04-08,螺纹钢,Φ10,HRB400E,莱钢,None,山东烟台,None,None
2024-04-08,螺纹钢,Φ10,HRB400E,莱钢永锋,None,山东烟台,None,None
2024-04-08,螺纹钢,Φ10,HRB400E,石横特钢,None,山东烟台,None,None
2024-04-08,螺纹钢,Φ12,HRB400E,莱钢,None,山东烟台,None,None
2024-04-08,螺纹钢,Φ12,HRB400E,莱钢永锋,None,山东烟台,None,None
2024-04-08,螺纹钢,Φ12,HRB400E,石横特钢,None,山东烟台,None,None
2024-04-08,螺纹钢,Φ12,HRB400E,日照,None,山东烟台,None,None
2024-04-08,螺纹钢,Φ12,HRB400E,江苏镔鑫,None,山东烟台,None,None
2024-04-08,螺纹钢,Φ12-14,HRB500E,莱钢,None,山东烟台,None,None
2024-04-08,螺纹钢,Φ12-14,HRB500E,莱钢永锋,None,山东烟台,None,None
2024-04-08,螺纹钢,Φ12-14,HRB500E,石横特钢,None,山东烟台,None,None
2024-04-08,螺纹钢,Φ14,HRB400E,莱钢,None,山东烟台,None,None
2024-04-08,螺纹钢,Φ14,HRB400E,莱钢永锋,None,山东烟台,None,None
2024-04-08,螺纹钢,Φ14,HRB400E,石横特钢,None,山东烟台,None,None
2024-04-08,螺纹钢,Φ14,HRB400E,日照,None,山东烟台,None,None
2024-04-08,螺纹钢,Φ14,HRB400E,江苏镔鑫,None,山东烟台,None,None
2024-04-08,螺纹钢,Φ16,HRB400E,莱钢,None,山东烟台,None,None
2024-04-08,螺纹钢,Φ16,HRB400E,莱钢永锋,None,山东烟台,None,None
2024-04-08,螺纹钢,Φ16,HRB400E,石横特钢,None,山东烟台,None,None
2024-04-08,螺纹钢,Φ16,HRB400E,日照,None,山东烟台,None,None
2024-04-08,螺纹钢,Φ16,HRB400E,江苏镔鑫,None,山东烟台,None,None
2024-04-08,螺纹钢,Φ18,HRB400E,莱钢,None,山东烟台,None,None
2024-04-08,螺纹钢,Φ18,HRB400E,莱钢永锋,None,山东烟台,None,None
2024-04-08,螺纹钢,Φ18,HRB400E,石横特钢,None,山东烟台,None,None
2024-04-08,螺纹钢,Φ18,HRB400E,日照,None,山东烟台,None,None
2024-04-08,螺纹钢,Φ18,HRB400E,江苏镔鑫,None,山东烟台,None,None
2024-04-08,螺纹钢,Φ20,HRB400E,莱钢,None,山东烟台,None,None
2024-04-08,螺纹钢,Φ20,HRB400E,莱钢永锋,None,山东烟台,None,None
2024-04-08,螺纹钢,Φ20,HRB400E,石横特钢,None,山东烟台,None,None
2024-04-08,螺纹钢,Φ20,HRB400E,日照,None,山东烟台,None,None
2024-04-08,螺纹钢,Φ20,HRB400E,江苏镔鑫,None,山东烟台,None,None
2024-04-08,螺纹钢,Φ22,HRB400E,莱钢,None,山东烟台,None,None
2024-04-08,螺纹钢,Φ22,HRB400E,莱钢永锋,None,山东烟台,None,None
2024-04-08,螺纹钢,Φ22,HRB400E,石横特钢,None,山东烟台,None,None
2024-04-08,螺纹钢,Φ22,HRB400E,日照,None,山东烟台,None,None
2024-04-08,螺纹钢,Φ22,HRB400E,江苏镔鑫,None,山东烟台,None,None
2024-04-08,螺纹钢,Φ25,HRB400E,莱钢,None,山东烟台,None,None
2024-04-08,螺纹钢,Φ25,HRB400E,莱钢永锋,None,山东烟台,None,None
2024-04-08,螺纹钢,Φ25,HRB400E,石横特钢,None,山东烟台,None,None
2024-04-08,螺纹钢,Φ25,HRB400E,日照,None,山东烟台,None,None
2024-04-08,螺纹钢,Φ25,HRB400E,江苏镔鑫,None,山东烟台,None,None
2024-04-08,螺纹钢,Φ28-32,HRB400E,莱钢,None,山东烟台,None,None
2024-04-08,螺纹钢,Φ28-32,HRB400E,莱钢永锋,None,山东烟台,None,None
2024-04-08,螺纹钢,Φ28-32,HRB400E,石横特钢,None,山东烟台,None,None
2024-04-08,螺纹钢,Φ28-32,HRB400E,日照,None,山东烟台,None,None
2024-04-08,螺纹钢,Φ28-32,HRB400E,江苏镔鑫,None,山东烟台,None,None
2024-04-08,高线,Φ10,HPB300,莱钢永锋,None,山东烟台,None,None
2024-04-08,高线,Φ10,HPB300,石横特钢,None,山东烟台,None,None
2024-04-08,高线,Φ10,HPB300,江苏镔鑫,None,山东烟台,None,None
2024-04-08,高线,Φ12,HPB300,莱钢永锋,None,山东烟台,None,None
2024-04-08,高线,Φ12,HPB300,石横特钢,None,山东烟台,None,None
2024-04-08,高线,Φ6,HPB300,莱钢永锋,None,山东烟台,None,None
2024-04-08,高线,Φ6,HPB300,石横特钢,None,山东烟台,None,None
2024-04-08,高线,Φ6,HPB300,江苏镔鑫,None,山东烟台,None,None
2024-04-08,高线,Φ8,HPB300,莱钢永锋,None,山东烟台,None,None
2024-04-08,高线,Φ8,HPB300,石横特钢,None,山东烟台,None,None
2024-04-08,高线,Φ8,HPB300,江苏镔鑫,None,山东烟台,None,None
2024-04-07,圆钢,Φ12-22,HPB300,莱钢永锋,None,山东烟台,None,None
2024-04-07,圆钢,Φ12-22,HPB300,石横特钢,None,山东烟台,None,None
2024-04-07,圆钢,Φ25-32,HPB300,莱钢永锋,None,山东烟台,None,None
2024-04-07,圆钢,Φ25-32,HPB300,石横特钢,None,山东烟台,None,None
2024-04-07,盘螺,Φ10,HRB400E,莱钢永锋,None,山东烟台,None,None
2024-04-07,盘螺,Φ10,HRB400E,石横特钢,None,山东烟台,None,None
2024-04-07,盘螺,Φ10,HRB400E,日照,None,山东烟台,None,None
2024-04-07,盘螺,Φ10,HRB400E,江苏镔鑫,None,山东烟台,None,None
2024-04-07,盘螺,Φ10,HRB400E,日钢营口,None,山东烟台,None,None
2024-04-07,盘螺,Φ12,HRB400E,莱钢永锋,None,山东烟台,None,None
2024-04-07,盘螺,Φ12,HRB400E,石横特钢,None,山东烟台,None,None
2024-04-07,盘螺,Φ6,HRB400E,莱钢永锋,None,山东烟台,None,None
2024-04-07,盘螺,Φ6,HRB400E,石横特钢,None,山东烟台,None,None
2024-04-07,盘螺,Φ8,HRB400E,莱钢永锋,None,山东烟台,None,None
2024-04-07,盘螺,Φ8,HRB400E,石横特钢,None,山东烟台,None,None
2024-04-07,盘螺,Φ8,HRB400E,日照,None,山东烟台,None,None
2024-04-07,盘螺,Φ8,HRB400E,江苏镔鑫,None,山东烟台,None,None
2024-04-07,盘螺,Φ8,HRB400E,日钢营口,None,山东烟台,None,None
2024-04-07,螺纹钢,Φ10,HRB400E,莱钢,None,山东烟台,None,None
2024-04-07,螺纹钢,Φ10,HRB400E,莱钢永锋,None,山东烟台,None,None
2024-04-07,螺纹钢,Φ10,HRB400E,石横特钢,None,山东烟台,None,None
2024-04-07,螺纹钢,Φ12,HRB400E,莱钢,None,山东烟台,None,None
2024-04-07,螺纹钢,Φ12,HRB400E,莱钢永锋,None,山东烟台,None,None
2024-04-07,螺纹钢,Φ12,HRB400E,石横特钢,None,山东烟台,None,None
2024-04-07,螺纹钢,Φ12,HRB400E,日照,None,山东烟台,None,None
2024-04-07,螺纹钢,Φ12,HRB400E,江苏镔鑫,None,山东烟台,None,None
2024-04-07,螺纹钢,Φ12-14,HRB500E,莱钢,None,山东烟台,None,None
2024-04-07,螺纹钢,Φ12-14,HRB500E,莱钢永锋,None,山东烟台,None,None
2024-04-07,螺纹钢,Φ12-14,HRB500E,石横特钢,None,山东烟台,None,None
2024-04-07,螺纹钢,Φ14,HRB400E,莱钢,None,山东烟台,None,None
2024-04-07,螺纹钢,Φ14,HRB400E,莱钢永锋,None,山东烟台,None,None
2024-04-07,螺纹钢,Φ14,HRB400E,石横特钢,None,山东烟台,None,None
2024-04-07,螺纹钢,Φ14,HRB400E,日照,None,山东烟台,None,None
2024-04-07,螺纹钢,Φ14,HRB400E,江苏镔鑫,None,山东烟台,None,None
2024-04-07,螺纹钢,Φ16,HRB400E,莱钢,None,山东烟台,None,None
2024-04-07,螺纹钢,Φ16,HRB400E,莱钢永锋,None,山东烟台,None,None
2024-04-07,螺纹钢,Φ16,HRB400E,石横特钢,None,山东烟台,None,None
2024-04-07,螺纹钢,Φ16,HRB400E,日照,None,山东烟台,None,None
2024-04-07,螺纹钢,Φ16,HRB400E,江苏镔鑫,None,山东烟台,None,None
2024-04-07,螺纹钢,Φ18,HRB400E,莱钢,None,山东烟台,None,None
2024-04-07,螺纹钢,Φ18,HRB400E,莱钢永锋,None,山东烟台,None,None
2024-04-07,螺纹钢,Φ18,HRB400E,石横特钢,None,山东烟台,None,None
2024-04-07,螺纹钢,Φ18,HRB400E,日照,None,山东烟台,None,None
2024-04-07,螺纹钢,Φ18,HRB400E,江苏镔鑫,None,山东烟台,None,None
2024-04-07,螺纹钢,Φ20,HRB400E,莱钢,None,山东烟台,None,None
2024-04-07,螺纹钢,Φ20,HRB400E,莱钢永锋,None,山东烟台,None,None
2024-04-07,螺纹钢,Φ20,HRB400E,石横特钢,None,山东烟台,None,None
2024-04-07,螺纹钢,Φ20,HRB400E,日照,None,山东烟台,None,None
2024-04-07,螺纹钢,Φ20,HRB400E,江苏镔鑫,None,山东烟台,None,None
2024-04-07,螺纹钢,Φ22,HRB400E,莱钢,None,山东烟台,None,None
2024-04-07,螺纹钢,Φ22,HRB400E,莱钢永锋,None,山东烟台,None,None
2024-04-07,螺纹钢,Φ22,HRB400E,石横特钢,None,山东烟台,None,None
2024-04-07,螺纹钢,Φ22,HRB400E,日照,None,山东烟台,None,None
2024-04-07,螺纹钢,Φ22,HRB400E,江苏镔鑫,None,山东烟台,None,None
2024-04-07,螺纹钢,Φ25,HRB400E,莱钢,None,山东烟台,None,None
2024-04-07,螺纹钢,Φ25,HRB400E,莱钢永锋,None,山东烟台,None,None
2024-04-07,螺纹钢,Φ25,HRB400E,石横特钢,None,山东烟台,None,None
2024-04-07,螺纹钢,Φ25,HRB400E,日照,None,山东烟台,None,None
2024-04-07,螺纹钢,Φ25,HRB400E,江苏镔鑫,None,山东烟台,None,None
2024-04-07,螺纹钢,Φ28-32,HRB400E,莱钢,None,山东烟台,None,None
2024-04-07,螺纹钢,Φ28-32,HRB400E,莱钢永锋,None,山东烟台,None,None
2024-04-07,螺纹钢,Φ28-32,HRB400E,石横特钢,None,山东烟台,None,None
2024-04-07,螺纹钢,Φ28-32,HRB400E,日照,None,山东烟台,None,None
2024-04-07,螺纹钢,Φ28-32,HRB400E,江苏镔鑫,None,山东烟台,None,None
2024-04-07,高线,Φ10,HPB300,莱钢永锋,None,山东烟台,None,None
2024-04-07,高线,Φ10,HPB300,石横特钢,None,山东烟台,None,None
2024-04-07,高线,Φ10,HPB300,江苏镔鑫,None,山东烟台,None,None
2024-04-07,高线,Φ12,HPB300,莱钢永锋,None,山东烟台,None,None
2024-04-07,高线,Φ12,HPB300,石横特钢,None,山东烟台,None,None
2024-04-07,高线,Φ6,HPB300,莱钢永锋,None,山东烟台,None,None
2024-04-07,高线,Φ6,HPB300,石横特钢,None,山东烟台,None,None
2024-04-07,高线,Φ6,HPB300,江苏镔鑫,None,山东烟台,None,None
2024-04-07,高线,Φ8,HPB300,莱钢永锋,None,山东烟台,None,None
2024-04-07,高线,Φ8,HPB300,石横特钢,None,山东烟台,None,None
2024-04-07,高线,Φ8,HPB300,江苏镔鑫,None,山东烟台,None,None
2024-04-03,圆钢,Φ12-22,HPB300,莱钢永锋,None,山东烟台,None,None
2024-04-03,圆钢,Φ12-22,HPB300,石横特钢,None,山东烟台,None,None
2024-04-03,圆钢,Φ25-32,HPB300,莱钢永锋,None,山东烟台,None,None
2024-04-03,圆钢,Φ25-32,HPB300,石横特钢,None,山东烟台,None,None
2024-04-03,盘螺,Φ10,HRB400E,莱钢永锋,None,山东烟台,None,None
2024-04-03,盘螺,Φ10,HRB400E,石横特钢,None,山东烟台,None,None
2024-04-03,盘螺,Φ10,HRB400E,日照,None,山东烟台,None,None
2024-04-03,盘螺,Φ10,HRB400E,江苏镔鑫,None,山东烟台,None,None
2024-04-03,盘螺,Φ10,HRB400E,日钢营口,None,山东烟台,None,None
2024-04-03,盘螺,Φ12,HRB400E,莱钢永锋,None,山东烟台,None,None
2024-04-03,盘螺,Φ12,HRB400E,石横特钢,None,山东烟台,None,None
2024-04-03,盘螺,Φ6,HRB400E,莱钢永锋,None,山东烟台,None,None
2024-04-03,盘螺,Φ6,HRB400E,石横特钢,None,山东烟台,None,None
2024-04-03,盘螺,Φ8,HRB400E,莱钢永锋,None,山东烟台,None,None
2024-04-03,盘螺,Φ8,HRB400E,石横特钢,None,山东烟台,None,None
2024-04-03,盘螺,Φ8,HRB400E,日照,None,山东烟台,None,None
2024-04-03,盘螺,Φ8,HRB400E,江苏镔鑫,None,山东烟台,None,None
2024-04-03,盘螺,Φ8,HRB400E,日钢营口,None,山东烟台,None,None
2024-04-03,螺纹钢,Φ10,HRB400E,莱钢,None,山东烟台,None,None
2024-04-03,螺纹钢,Φ10,HRB400E,莱钢永锋,None,山东烟台,None,None
2024-04-03,螺纹钢,Φ10,HRB400E,石横特钢,None,山东烟台,None,None
2024-04-03,螺纹钢,Φ12,HRB400E,莱钢,None,山东烟台,None,None
2024-04-03,螺纹钢,Φ12,HRB400E,莱钢永锋,None,山东烟台,None,None
2024-04-03,螺纹钢,Φ12,HRB400E,石横特钢,None,山东烟台,None,None
2024-04-03,螺纹钢,Φ12,HRB400E,日照,None,山东烟台,None,None
2024-04-03,螺纹钢,Φ12,HRB400E,江苏镔鑫,None,山东烟台,None,None
2024-04-03,螺纹钢,Φ12-14,HRB500E,莱钢,None,山东烟台,None,None
2024-04-03,螺纹钢,Φ12-14,HRB500E,莱钢永锋,None,山东烟台,None,None
2024-04-03,螺纹钢,Φ12-14,HRB500E,石横特钢,None,山东烟台,None,None
2024-04-03,螺纹钢,Φ14,HRB400E,莱钢,None,山东烟台,None,None
2024-04-03,螺纹钢,Φ14,HRB400E,莱钢永锋,None,山东烟台,None,None
2024-04-03,螺纹钢,Φ14,HRB400E,石横特钢,None,山东烟台,None,None
2024-04-03,螺纹钢,Φ14,HRB400E,日照,None,山东烟台,None,None
2024-04-03,螺纹钢,Φ14,HRB400E,江苏镔鑫,None,山东烟台,None,None
2024-04-03,螺纹钢,Φ16,HRB400E,莱钢,None,山东烟台,None,None
2024-04-03,螺纹钢,Φ16,HRB400E,莱钢永锋,None,山东烟台,None,None
2024-04-03,螺纹钢,Φ16,HRB400E,石横特钢,None,山东烟台,None,None
2024-04-03,螺纹钢,Φ16,HRB400E,日照,None,山东烟台,None,None
2024-04-03,螺纹钢,Φ16,HRB400E,江苏镔鑫,None,山东烟台,None,None
2024-04-03,螺纹钢,Φ18,HRB400E,莱钢,None,山东烟台,None,None
2024-04-03,螺纹钢,Φ18,HRB400E,莱钢永锋,None,山东烟台,None,None
2024-04-03,螺纹钢,Φ18,HRB400E,石横特钢,None,山东烟台,None,None
2024-04-03,螺纹钢,Φ18,HRB400E,日照,None,山东烟台,None,None
2024-04-03,螺纹钢,Φ18,HRB400E,江苏镔鑫,None,山东烟台,None,None
2024-04-03,螺纹钢,Φ20,HRB400E,莱钢,None,山东烟台,None,None
2024-04-03,螺纹钢,Φ20,HRB400E,莱钢永锋,None,山东烟台,None,None
2024-04-03,螺纹钢,Φ20,HRB400E,石横特钢,None,山东烟台,None,None
2024-04-03,螺纹钢,Φ20,HRB400E,日照,None,山东烟台,None,None
2024-04-03,螺纹钢,Φ20,HRB400E,江苏镔鑫,None,山东烟台,None,None
2024-04-03,螺纹钢,Φ22,HRB400E,莱钢,None,山东烟台,None,None
2024-04-03,螺纹钢,Φ22,HRB400E,莱钢永锋,None,山东烟台,None,None
2024-04-03,螺纹钢,Φ22,HRB400E,石横特钢,None,山东烟台,None,None
2024-04-03,螺纹钢,Φ22,HRB400E,日照,None,山东烟台,None,None
2024-04-03,螺纹钢,Φ22,HRB400E,江苏镔鑫,None,山东烟台,None,None
2024-04-03,螺纹钢,Φ25,HRB400E,莱钢,None,山东烟台,None,None
2024-04-03,螺纹钢,Φ25,HRB400E,莱钢永锋,None,山东烟台,None,None
2024-04-03,螺纹钢,Φ25,HRB400E,石横特钢,None,山东烟台,None,None
2024-04-03,螺纹钢,Φ25,HRB400E,日照,None,山东烟台,None,None
2024-04-03,螺纹钢,Φ25,HRB400E,江苏镔鑫,None,山东烟台,None,None
2024-04-03,螺纹钢,Φ28-32,HRB400E,莱钢,None,山东烟台,None,None
2024-04-03,螺纹钢,Φ28-32,HRB400E,莱钢永锋,None,山东烟台,None,None
2024-04-03,螺纹钢,Φ28-32,HRB400E,石横特钢,None,山东烟台,None,None
2024-04-03,螺纹钢,Φ28-32,HRB400E,日照,None,山东烟台,None,None
2024-04-03,螺纹钢,Φ28-32,HRB400E,江苏镔鑫,None,山东烟台,None,None
2024-04-03,高线,Φ10,HPB300,莱钢永锋,None,山东烟台,None,None
2024-04-03,高线,Φ10,HPB300,石横特钢,None,山东烟台,None,None
2024-04-03,高线,Φ10,HPB300,江苏镔鑫,None,山东烟台,None,None
2024-04-03,高线,Φ12,HPB300,莱钢永锋,None,山东烟台,None,None
2024-04-03,高线,Φ12,HPB300,石横特钢,None,山东烟台,None,None
2024-04-03,高线,Φ6,HPB300,莱钢永锋,None,山东烟台,None,None
2024-04-03,高线,Φ6,HPB300,石横特钢,None,山东烟台,None,None
2024-04-03,高线,Φ6,HPB300,江苏镔鑫,None,山东烟台,None,None
2024-04-03,高线,Φ8,HPB300,莱钢永锋,None,山东烟台,None,None
2024-04-03,高线,Φ8,HPB300,石横特钢,None,山东烟台,None,None
2024-04-03,高线,Φ8,HPB300,江苏镔鑫,None,山东烟台,None,None
2024-04-02,圆钢,Φ12-22,HPB300,莱钢永锋,None,山东烟台,None,None
2024-04-02,圆钢,Φ12-22,HPB300,石横特钢,None,山东烟台,None,None
2024-04-02,圆钢,Φ25-32,HPB300,莱钢永锋,None,山东烟台,None,None
2024-04-02,圆钢,Φ25-32,HPB300,石横特钢,None,山东烟台,None,None
2024-04-02,盘螺,Φ10,HRB400E,莱钢永锋,None,山东烟台,None,None
2024-04-02,盘螺,Φ10,HRB400E,石横特钢,None,山东烟台,None,None
2024-04-02,盘螺,Φ10,HRB400E,日照,None,山东烟台,None,None
2024-04-02,盘螺,Φ10,HRB400E,江苏镔鑫,None,山东烟台,None,None
2024-04-02,盘螺,Φ10,HRB400E,日钢营口,None,山东烟台,None,None
2024-04-02,盘螺,Φ12,HRB400E,莱钢永锋,None,山东烟台,None,None
2024-04-02,盘螺,Φ12,HRB400E,石横特钢,None,山东烟台,None,None
2024-04-02,盘螺,Φ6,HRB400E,莱钢永锋,None,山东烟台,None,None
2024-04-02,盘螺,Φ6,HRB400E,石横特钢,None,山东烟台,None,None
2024-04-02,盘螺,Φ8,HRB400E,莱钢永锋,None,山东烟台,None,None
2024-04-02,盘螺,Φ8,HRB400E,石横特钢,None,山东烟台,None,None
2024-04-02,盘螺,Φ8,HRB400E,日照,None,山东烟台,None,None
2024-04-02,盘螺,Φ8,HRB400E,江苏镔鑫,None,山东烟台,None,None
2024-04-02,盘螺,Φ8,HRB400E,日钢营口,None,山东烟台,None,None
2024-04-02,螺纹钢,Φ10,HRB400E,莱钢,None,山东烟台,None,None
2024-04-02,螺纹钢,Φ10,HRB400E,莱钢永锋,None,山东烟台,None,None
2024-04-02,螺纹钢,Φ10,HRB400E,石横特钢,None,山东烟台,None,None
2024-04-02,螺纹钢,Φ12,HRB400E,莱钢,None,山东烟台,None,None
2024-04-02,螺纹钢,Φ12,HRB400E,莱钢永锋,None,山东烟台,None,None
2024-04-02,螺纹钢,Φ12,HRB400E,石横特钢,None,山东烟台,None,None
2024-04-02,螺纹钢,Φ12,HRB400E,日照,None,山东烟台,None,None
2024-04-02,螺纹钢,Φ12,HRB400E,江苏镔鑫,None,山东烟台,None,None
2024-04-02,螺纹钢,Φ12-14,HRB500E,莱钢,None,山东烟台,None,None
2024-04-02,螺纹钢,Φ12-14,HRB500E,莱钢永锋,None,山东烟台,None,None
2024-04-02,螺纹钢,Φ12-14,HRB500E,石横特钢,None,山东烟台,None,None
2024-04-02,螺纹钢,Φ14,HRB400E,莱钢,None,山东烟台,None,None
2024-04-02,螺纹钢,Φ14,HRB400E,莱钢永锋,None,山东烟台,None,None
2024-04-02,螺纹钢,Φ14,HRB400E,石横特钢,None,山东烟台,None,None
2024-04-02,螺纹钢,Φ14,HRB400E,日照,None,山东烟台,None,None
2024-04-02,螺纹钢,Φ14,HRB400E,江苏镔鑫,None,山东烟台,None,None
2024-04-02,螺纹钢,Φ16,HRB400E,莱钢,None,山东烟台,None,None
2024-04-02,螺纹钢,Φ16,HRB400E,莱钢永锋,None,山东烟台,None,None
2024-04-02,螺纹钢,Φ16,HRB400E,石横特钢,None,山东烟台,None,None
2024-04-02,螺纹钢,Φ16,HRB400E,日照,None,山东烟台,None,None
2024-04-02,螺纹钢,Φ16,HRB400E,江苏镔鑫,None,山东烟台,None,None
2024-04-02,螺纹钢,Φ18,HRB400E,莱钢,None,山东烟台,None,None
2024-04-02,螺纹钢,Φ18,HRB400E,莱钢永锋,None,山东烟台,None,None
2024-04-02,螺纹钢,Φ18,HRB400E,石横特钢,None,山东烟台,None,None
2024-04-02,螺纹钢,Φ18,HRB400E,日照,None,山东烟台,None,None
2024-04-02,螺纹钢,Φ18,HRB400E,江苏镔鑫,None,山东烟台,None,None
2024-04-02,螺纹钢,Φ20,HRB400E,莱钢,None,山东烟台,None,None
2024-04-02,螺纹钢,Φ20,HRB400E,莱钢永锋,None,山东烟台,None,None
2024-04-02,螺纹钢,Φ20,HRB400E,石横特钢,None,山东烟台,None,None
2024-04-02,螺纹钢,Φ20,HRB400E,日照,None,山东烟台,None,None
2024-04-02,螺纹钢,Φ20,HRB400E,江苏镔鑫,None,山东烟台,None,None
2024-04-02,螺纹钢,Φ22,HRB400E,莱钢,None,山东烟台,None,None
2024-04-02,螺纹钢,Φ22,HRB400E,莱钢永锋,None,山东烟台,None,None
2024-04-02,螺纹钢,Φ22,HRB400E,石横特钢,None,山东烟台,None,None
2024-04-02,螺纹钢,Φ22,HRB400E,日照,None,山东烟台,None,None
2024-04-02,螺纹钢,Φ22,HRB400E,江苏镔鑫,None,山东烟台,None,None
2024-04-02,螺纹钢,Φ25,HRB400E,莱钢,None,山东烟台,None,None
2024-04-02,螺纹钢,Φ25,HRB400E,莱钢永锋,None,山东烟台,None,None
2024-04-02,螺纹钢,Φ25,HRB400E,石横特钢,None,山东烟台,None,None
2024-04-02,螺纹钢,Φ25,HRB400E,日照,None,山东烟台,None,None
2024-04-02,螺纹钢,Φ25,HRB400E,江苏镔鑫,None,山东烟台,None,None
2024-04-02,螺纹钢,Φ28-32,HRB400E,莱钢,None,山东烟台,None,None
2024-04-02,螺纹钢,Φ28-32,HRB400E,莱钢永锋,None,山东烟台,None,None
2024-04-02,螺纹钢,Φ28-32,HRB400E,石横特钢,None,山东烟台,None,None
2024-04-02,螺纹钢,Φ28-32,HRB400E,日照,None,山东烟台,None,None
2024-04-02,螺纹钢,Φ28-32,HRB400E,江苏镔鑫,None,山东烟台,None,None
2024-04-02,高线,Φ10,HPB300,莱钢永锋,None,山东烟台,None,None
2024-04-02,高线,Φ10,HPB300,石横特钢,None,山东烟台,None,None
2024-04-02,高线,Φ10,HPB300,江苏镔鑫,None,山东烟台,None,None
2024-04-02,高线,Φ12,HPB300,莱钢永锋,None,山东烟台,None,None
2024-04-02,高线,Φ12,HPB300,石横特钢,None,山东烟台,None,None
2024-04-02,高线,Φ6,HPB300,莱钢永锋,None,山东烟台,None,None
2024-04-02,高线,Φ6,HPB300,石横特钢,None,山东烟台,None,None
2024-04-02,高线,Φ6,HPB300,江苏镔鑫,None,山东烟台,None,None
2024-04-02,高线,Φ8,HPB300,莱钢永锋,None,山东烟台,None,None
2024-04-02,高线,Φ8,HPB300,石横特钢,None,山东烟台,None,None
2024-04-02,高线,Φ8,HPB300,江苏镔鑫,None,山东烟台,None,None
2024-04-01,圆钢,Φ12-22,HPB300,莱钢永锋,None,山东烟台,None,None
2024-04-01,圆钢,Φ12-22,HPB300,石横特钢,None,山东烟台,None,None
2024-04-01,圆钢,Φ25-32,HPB300,莱钢永锋,None,山东烟台,None,None
2024-04-01,圆钢,Φ25-32,HPB300,石横特钢,None,山东烟台,None,None
2024-04-01,盘螺,Φ10,HRB400E,莱钢永锋,None,山东烟台,None,None
2024-04-01,盘螺,Φ10,HRB400E,石横特钢,None,山东烟台,None,None
2024-04-01,盘螺,Φ10,HRB400E,日照,None,山东烟台,None,None
2024-04-01,盘螺,Φ10,HRB400E,江苏镔鑫,None,山东烟台,None,None
2024-04-01,盘螺,Φ10,HRB400E,日钢营口,None,山东烟台,None,None
2024-04-01,盘螺,Φ12,HRB400E,莱钢永锋,None,山东烟台,None,None
2024-04-01,盘螺,Φ12,HRB400E,石横特钢,None,山东烟台,None,None
2024-04-01,盘螺,Φ6,HRB400E,莱钢永锋,None,山东烟台,None,None
2024-04-01,盘螺,Φ6,HRB400E,石横特钢,None,山东烟台,None,None
2024-04-01,盘螺,Φ8,HRB400E,莱钢永锋,None,山东烟台,None,None
2024-04-01,盘螺,Φ8,HRB400E,石横特钢,None,山东烟台,None,None
2024-04-01,盘螺,Φ8,HRB400E,日照,None,山东烟台,None,None
2024-04-01,盘螺,Φ8,HRB400E,江苏镔鑫,None,山东烟台,None,None
2024-04-01,盘螺,Φ8,HRB400E,日钢营口,None,山东烟台,None,None
2024-04-01,螺纹钢,Φ10,HRB400E,莱钢,None,山东烟台,None,None
2024-04-01,螺纹钢,Φ10,HRB400E,莱钢永锋,None,山东烟台,None,None
2024-04-01,螺纹钢,Φ10,HRB400E,石横特钢,None,山东烟台,None,None
2024-04-01,螺纹钢,Φ12,HRB400E,莱钢,None,山东烟台,None,None
2024-04-01,螺纹钢,Φ12,HRB400E,莱钢永锋,None,山东烟台,None,None
2024-04-01,螺纹钢,Φ12,HRB400E,石横特钢,None,山东烟台,None,None
2024-04-01,螺纹钢,Φ12,HRB400E,日照,None,山东烟台,None,None
2024-04-01,螺纹钢,Φ12,HRB400E,江苏镔鑫,None,山东烟台,None,None
2024-04-01,螺纹钢,Φ12-14,HRB500E,莱钢,None,山东烟台,None,None
2024-04-01,螺纹钢,Φ12-14,HRB500E,莱钢永锋,None,山东烟台,None,None
2024-04-01,螺纹钢,Φ12-14,HRB500E,石横特钢,None,山东烟台,None,None
2024-04-01,螺纹钢,Φ14,HRB400E,莱钢,None,山东烟台,None,None
2024-04-01,螺纹钢,Φ14,HRB400E,莱钢永锋,None,山东烟台,None,None
2024-04-01,螺纹钢,Φ14,HRB400E,石横特钢,None,山东烟台,None,None
2024-04-01,螺纹钢,Φ14,HRB400E,日照,None,山东烟台,None,None
2024-04-01,螺纹钢,Φ14,HRB400E,江苏镔鑫,None,山东烟台,None,None
2024-04-01,螺纹钢,Φ16,HRB400E,莱钢,None,山东烟台,None,None
2024-04-01,螺纹钢,Φ16,HRB400E,莱钢永锋,None,山东烟台,None,None
2024-04-01,螺纹钢,Φ16,HRB400E,石横特钢,None,山东烟台,None,None
2024-04-01,螺纹钢,Φ16,HRB400E,日照,None,山东烟台,None,None
2024-04-01,螺纹钢,Φ16,HRB400E,江苏镔鑫,None,山东烟台,None,None
2024-04-01,螺纹钢,Φ18,HRB400E,莱钢,None,山东烟台,None,None
2024-04-01,螺纹钢,Φ18,HRB400E,莱钢永锋,None,山东烟台,None,None
2024-04-01,螺纹钢,Φ18,HRB400E,石横特钢,None,山东烟台,None,None
2024-04-01,螺纹钢,Φ18,HRB400E,日照,None,山东烟台,None,None
2024-04-01,螺纹钢,Φ18,HRB400E,江苏镔鑫,None,山东烟台,None,None
2024-04-01,螺纹钢,Φ20,HRB400E,莱钢,None,山东烟台,None,None
2024-04-01,螺纹钢,Φ20,HRB400E,莱钢永锋,None,山东烟台,None,None
2024-04-01,螺纹钢,Φ20,HRB400E,石横特钢,None,山东烟台,None,None
2024-04-01,螺纹钢,Φ20,HRB400E,日照,None,山东烟台,None,None
2024-04-01,螺纹钢,Φ20,HRB400E,江苏镔鑫,None,山东烟台,None,None
2024-04-01,螺纹钢,Φ22,HRB400E,莱钢,None,山东烟台,None,None
2024-04-01,螺纹钢,Φ22,HRB400E,莱钢永锋,None,山东烟台,None,None
2024-04-01,螺纹钢,Φ22,HRB400E,石横特钢,None,山东烟台,None,None
2024-04-01,螺纹钢,Φ22,HRB400E,日照,None,山东烟台,None,None
2024-04-01,螺纹钢,Φ22,HRB400E,江苏镔鑫,None,山东烟台,None,None
2024-04-01,螺纹钢,Φ25,HRB400E,莱钢,None,山东烟台,None,None
2024-04-01,螺纹钢,Φ25,HRB400E,莱钢永锋,None,山东烟台,None,None
2024-04-01,螺纹钢,Φ25,HRB400E,石横特钢,None,山东烟台,None,None
2024-04-01,螺纹钢,Φ25,HRB400E,日照,None,山东烟台,None,None
2024-04-01,螺纹钢,Φ25,HRB400E,江苏镔鑫,None,山东烟台,None,None
2024-04-01,螺纹钢,Φ28-32,HRB400E,莱钢,None,山东烟台,None,None
2024-04-01,螺纹钢,Φ28-32,HRB400E,莱钢永锋,None,山东烟台,None,None
2024-04-01,螺纹钢,Φ28-32,HRB400E,石横特钢,None,山东烟台,None,None
2024-04-01,螺纹钢,Φ28-32,HRB400E,日照,None,山东烟台,None,None
2024-04-01,螺纹钢,Φ28-32,HRB400E,江苏镔鑫,None,山东烟台,None,None
2024-04-01,高线,Φ10,HPB300,莱钢永锋,None,山东烟台,None,None
2024-04-01,高线,Φ10,HPB300,石横特钢,None,山东烟台,None,None
2024-04-01,高线,Φ10,HPB300,江苏镔鑫,None,山东烟台,None,None
2024-04-01,高线,Φ12,HPB300,莱钢永锋,None,山东烟台,None,None
2024-04-01,高线,Φ12,HPB300,石横特钢,None,山东烟台,None,None
2024-04-01,高线,Φ6,HPB300,莱钢永锋,None,山东烟台,None,None
2024-04-01,高线,Φ6,HPB300,石横特钢,None,山东烟台,None,None
2024-04-01,高线,Φ6,HPB300,江苏镔鑫,None,山东烟台,None,None
2024-04-01,高线,Φ8,HPB300,莱钢永锋,None,山东烟台,None,None
2024-04-01,高线,Φ8,HPB300,石横特钢,None,山东烟台,None,None
2024-04-01,高线,Φ8,HPB300,江苏镔鑫,None,山东烟台,None,None
2024-03-29,圆钢,Φ12-22,HPB300,莱钢永锋,None,山东烟台,None,None
2024-03-29,圆钢,Φ12-22,HPB300,石横特钢,None,山东烟台,None,None
2024-03-29,圆钢,Φ25-32,HPB300,莱钢永锋,None,山东烟台,None,None
2024-03-29,圆钢,Φ25-32,HPB300,石横特钢,None,山东烟台,None,None
2024-03-29,盘螺,Φ10,HRB400E,莱钢永锋,None,山东烟台,None,None
2024-03-29,盘螺,Φ10,HRB400E,石横特钢,None,山东烟台,None,None
2024-03-29,盘螺,Φ10,HRB400E,日照,None,山东烟台,None,None
2024-03-29,盘螺,Φ10,HRB400E,江苏镔鑫,None,山东烟台,None,None
2024-03-29,盘螺,Φ10,HRB400E,日钢营口,None,山东烟台,None,None
2024-03-29,盘螺,Φ12,HRB400E,莱钢永锋,None,山东烟台,None,None
2024-03-29,盘螺,Φ12,HRB400E,石横特钢,None,山东烟台,None,None
2024-03-29,盘螺,Φ6,HRB400E,莱钢永锋,None,山东烟台,None,None
2024-03-29,盘螺,Φ6,HRB400E,石横特钢,None,山东烟台,None,None
2024-03-29,盘螺,Φ8,HRB400E,莱钢永锋,None,山东烟台,None,None
2024-03-29,盘螺,Φ8,HRB400E,石横特钢,None,山东烟台,None,None
2024-03-29,盘螺,Φ8,HRB400E,日照,None,山东烟台,None,None
2024-03-29,盘螺,Φ8,HRB400E,江苏镔鑫,None,山东烟台,None,None
2024-03-29,盘螺,Φ8,HRB400E,日钢营口,None,山东烟台,None,None
2024-03-29,螺纹钢,Φ10,HRB400E,莱钢,None,山东烟台,None,None
2024-03-29,螺纹钢,Φ10,HRB400E,莱钢永锋,None,山东烟台,None,None
2024-03-29,螺纹钢,Φ10,HRB400E,石横特钢,None,山东烟台,None,None
2024-03-29,螺纹钢,Φ12,HRB400E,莱钢,None,山东烟台,None,None
2024-03-29,螺纹钢,Φ12,HRB400E,莱钢永锋,None,山东烟台,None,None
2024-03-29,螺纹钢,Φ12,HRB400E,石横特钢,None,山东烟台,None,None
2024-03-29,螺纹钢,Φ12,HRB400E,日照,None,山东烟台,None,None
2024-03-29,螺纹钢,Φ12,HRB400E,江苏镔鑫,None,山东烟台,None,None
2024-03-29,螺纹钢,Φ12-14,HRB500E,莱钢,None,山东烟台,None,None
2024-03-29,螺纹钢,Φ12-14,HRB500E,莱钢永锋,None,山东烟台,None,None
2024-03-29,螺纹钢,Φ12-14,HRB500E,石横特钢,None,山东烟台,None,None
2024-03-29,螺纹钢,Φ14,HRB400E,莱钢,None,山东烟台,None,None
2024-03-29,螺纹钢,Φ14,HRB400E,莱钢永锋,None,山东烟台,None,None
2024-03-29,螺纹钢,Φ14,HRB400E,石横特钢,None,山东烟台,None,None
2024-03-29,螺纹钢,Φ14,HRB400E,日照,None,山东烟台,None,None
2024-03-29,螺纹钢,Φ14,HRB400E,江苏镔鑫,None,山东烟台,None,None
2024-03-29,螺纹钢,Φ16,HRB400E,莱钢,None,山东烟台,None,None
2024-03-29,螺纹钢,Φ16,HRB400E,莱钢永锋,None,山东烟台,None,None
2024-03-29,螺纹钢,Φ16,HRB400E,石横特钢,None,山东烟台,None,None
2024-03-29,螺纹钢,Φ16,HRB400E,日照,None,山东烟台,None,None
2024-03-29,螺纹钢,Φ16,HRB400E,江苏镔鑫,None,山东烟台,None,None
2024-03-29,螺纹钢,Φ18,HRB400E,莱钢,None,山东烟台,None,None
2024-03-29,螺纹钢,Φ18,HRB400E,莱钢永锋,None,山东烟台,None,None
2024-03-29,螺纹钢,Φ18,HRB400E,石横特钢,None,山东烟台,None,None
2024-03-29,螺纹钢,Φ18,HRB400E,日照,None,山东烟台,None,None
2024-03-29,螺纹钢,Φ18,HRB400E,江苏镔鑫,None,山东烟台,None,None
2024-03-29,螺纹钢,Φ20,HRB400E,莱钢,None,山东烟台,None,None
2024-03-29,螺纹钢,Φ20,HRB400E,莱钢永锋,None,山东烟台,None,None
2024-03-29,螺纹钢,Φ20,HRB400E,石横特钢,None,山东烟台,None,None
2024-03-29,螺纹钢,Φ20,HRB400E,日照,None,山东烟台,None,None
2024-03-29,螺纹钢,Φ20,HRB400E,江苏镔鑫,None,山东烟台,None,None
2024-03-29,螺纹钢,Φ22,HRB400E,莱钢,None,山东烟台,None,None
2024-03-29,螺纹钢,Φ22,HRB400E,莱钢永锋,None,山东烟台,None,None
2024-03-29,螺纹钢,Φ22,HRB400E,石横特钢,None,山东烟台,None,None
2024-03-29,螺纹钢,Φ22,HRB400E,日照,None,山东烟台,None,None
2024-03-29,螺纹钢,Φ22,HRB400E,江苏镔鑫,None,山东烟台,None,None
2024-03-29,螺纹钢,Φ25,HRB400E,莱钢,None,山东烟台,None,None
2024-03-29,螺纹钢,Φ25,HRB400E,莱钢永锋,None,山东烟台,None,None
2024-03-29,螺纹钢,Φ25,HRB400E,石横特钢,None,山东烟台,None,None
2024-03-29,螺纹钢,Φ25,HRB400E,日照,None,山东烟台,None,None
2024-03-29,螺纹钢,Φ25,HRB400E,江苏镔鑫,None,山东烟台,None,None
2024-03-29,螺纹钢,Φ28-32,HRB400E,莱钢,None,山东烟台,None,None
2024-03-29,螺纹钢,Φ28-32,HRB400E,莱钢永锋,None,山东烟台,None,None
2024-03-29,螺纹钢,Φ28-32,HRB400E,石横特钢,None,山东烟台,None,None
2024-03-29,螺纹钢,Φ28-32,HRB400E,日照,None,山东烟台,None,None
2024-03-29,螺纹钢,Φ28-32,HRB400E,江苏镔鑫,None,山东烟台,None,None
2024-03-29,高线,Φ10,HPB300,莱钢永锋,None,山东烟台,None,None
2024-03-29,高线,Φ10,HPB300,石横特钢,None,山东烟台,None,None
2024-03-29,高线,Φ10,HPB300,江苏镔鑫,None,山东烟台,None,None
2024-03-29,高线,Φ12,HPB300,莱钢永锋,None,山东烟台,None,None
2024-03-29,高线,Φ12,HPB300,石横特钢,None,山东烟台,None,None
2024-03-29,高线,Φ6,HPB300,莱钢永锋,None,山东烟台,None,None
2024-03-29,高线,Φ6,HPB300,石横特钢,None,山东烟台,None,None
2024-03-29,高线,Φ6,HPB300,江苏镔鑫,None,山东烟台,None,None
2024-03-29,高线,Φ8,HPB300,莱钢永锋,None,山东烟台,None,None
2024-03-29,高线,Φ8,HPB300,石横特钢,None,山东烟台,None,None
2024-03-29,高线,Φ8,HPB300,江苏镔鑫,None,山东烟台,None,None
2024-03-28,圆钢,Φ12-22,HPB300,莱钢永锋,None,山东烟台,None,None
2024-03-28,圆钢,Φ12-22,HPB300,石横特钢,None,山东烟台,None,None
2024-03-28,圆钢,Φ25-32,HPB300,莱钢永锋,None,山东烟台,None,None
2024-03-28,圆钢,Φ25-32,HPB300,石横特钢,None,山东烟台,None,None
2024-03-28,盘螺,Φ10,HRB400E,莱钢永锋,None,山东烟台,None,None
2024-03-28,盘螺,Φ10,HRB400E,石横特钢,None,山东烟台,None,None
2024-03-28,盘螺,Φ10,HRB400E,日照,None,山东烟台,None,None
2024-03-28,盘螺,Φ10,HRB400E,江苏镔鑫,None,山东烟台,None,None
2024-03-28,盘螺,Φ10,HRB400E,日钢营口,None,山东烟台,None,None
2024-03-28,盘螺,Φ12,HRB400E,莱钢永锋,None,山东烟台,None,None
2024-03-28,盘螺,Φ12,HRB400E,石横特钢,None,山东烟台,None,None
2024-03-28,盘螺,Φ6,HRB400E,莱钢永锋,None,山东烟台,None,None
2024-03-28,盘螺,Φ6,HRB400E,石横特钢,None,山东烟台,None,None
2024-03-28,盘螺,Φ8,HRB400E,莱钢永锋,None,山东烟台,None,None
2024-03-28,盘螺,Φ8,HRB400E,石横特钢,None,山东烟台,None,None
2024-03-28,盘螺,Φ8,HRB400E,日照,None,山东烟台,None,None
2024-03-28,盘螺,Φ8,HRB400E,江苏镔鑫,None,山东烟台,None,None
2024-03-28,盘螺,Φ8,HRB400E,日钢营口,None,山东烟台,None,None
2024-03-28,螺纹钢,Φ10,HRB400E,莱钢,None,山东烟台,None,None
2024-03-28,螺纹钢,Φ10,HRB400E,莱钢永锋,None,山东烟台,None,None
2024-03-28,螺纹钢,Φ10,HRB400E,石横特钢,None,山东烟台,None,None
2024-03-28,螺纹钢,Φ12,HRB400E,莱钢,None,山东烟台,None,None
2024-03-28,螺纹钢,Φ12,HRB400E,莱钢永锋,None,山东烟台,None,None
2024-03-28,螺纹钢,Φ12,HRB400E,石横特钢,None,山东烟台,None,None
2024-03-28,螺纹钢,Φ12,HRB400E,日照,None,山东烟台,None,None
2024-03-28,螺纹钢,Φ12,HRB400E,江苏镔鑫,None,山东烟台,None,None
2024-03-28,螺纹钢,Φ12-14,HRB500E,莱钢,None,山东烟台,None,None
2024-03-28,螺纹钢,Φ12-14,HRB500E,莱钢永锋,None,山东烟台,None,None
2024-03-28,螺纹钢,Φ12-14,HRB500E,石横特钢,None,山东烟台,None,None
2024-03-28,螺纹钢,Φ14,HRB400E,莱钢,None,山东烟台,None,None
2024-03-28,螺纹钢,Φ14,HRB400E,莱钢永锋,None,山东烟台,None,None
2024-03-28,螺纹钢,Φ14,HRB400E,石横特钢,None,山东烟台,None,None
2024-03-28,螺纹钢,Φ14,HRB400E,日照,None,山东烟台,None,None
2024-03-28,螺纹钢,Φ14,HRB400E,江苏镔鑫,None,山东烟台,None,None
2024-03-28,螺纹钢,Φ16,HRB400E,莱钢,None,山东烟台,None,None
2024-03-28,螺纹钢,Φ16,HRB400E,莱钢永锋,None,山东烟台,None,None
2024-03-28,螺纹钢,Φ16,HRB400E,石横特钢,None,山东烟台,None,None
2024-03-28,螺纹钢,Φ16,HRB400E,日照,None,山东烟台,None,None
2024-03-28,螺纹钢,Φ16,HRB400E,江苏镔鑫,None,山东烟台,None,None
2024-03-28,螺纹钢,Φ18,HRB400E,莱钢,None,山东烟台,None,None
2024-03-28,螺纹钢,Φ18,HRB400E,莱钢永锋,None,山东烟台,None,None
2024-03-28,螺纹钢,Φ18,HRB400E,石横特钢,None,山东烟台,None,None
2024-03-28,螺纹钢,Φ18,HRB400E,日照,None,山东烟台,None,None
2024-03-28,螺纹钢,Φ18,HRB400E,江苏镔鑫,None,山东烟台,None,None
2024-03-28,螺纹钢,Φ20,HRB400E,莱钢,None,山东烟台,None,None
2024-03-28,螺纹钢,Φ20,HRB400E,莱钢永锋,None,山东烟台,None,None
2024-03-28,螺纹钢,Φ20,HRB400E,石横特钢,None,山东烟台,None,None
2024-03-28,螺纹钢,Φ20,HRB400E,日照,None,山东烟台,None,None
2024-03-28,螺纹钢,Φ20,HRB400E,江苏镔鑫,None,山东烟台,None,None
2024-03-28,螺纹钢,Φ22,HRB400E,莱钢,None,山东烟台,None,None
2024-03-28,螺纹钢,Φ22,HRB400E,莱钢永锋,None,山东烟台,None,None
2024-03-28,螺纹钢,Φ22,HRB400E,石横特钢,None,山东烟台,None,None
2024-03-28,螺纹钢,Φ22,HRB400E,日照,None,山东烟台,None,None
2024-03-28,螺纹钢,Φ22,HRB400E,江苏镔鑫,None,山东烟台,None,None
2024-03-28,螺纹钢,Φ25,HRB400E,莱钢,None,山东烟台,None,None
2024-03-28,螺纹钢,Φ25,HRB400E,莱钢永锋,None,山东烟台,None,None
2024-03-28,螺纹钢,Φ25,HRB400E,石横特钢,None,山东烟台,None,None
2024-03-28,螺纹钢,Φ25,HRB400E,日照,None,山东烟台,None,None
2024-03-28,螺纹钢,Φ25,HRB400E,江苏镔鑫,None,山东烟台,None,None
2024-03-28,螺纹钢,Φ28-32,HRB400E,莱钢,None,山东烟台,None,None
2024-03-28,螺纹钢,Φ28-32,HRB400E,莱钢永锋,None,山东烟台,None,None
2024-03-28,螺纹钢,Φ28-32,HRB400E,石横特钢,None,山东烟台,None,None
2024-03-28,螺纹钢,Φ28-32,HRB400E,日照,None,山东烟台,None,None
2024-03-28,螺纹钢,Φ28-32,HRB400E,江苏镔鑫,None,山东烟台,None,None
2024-03-28,高线,Φ10,HPB300,莱钢永锋,None,山东烟台,None,None
2024-03-28,高线,Φ10,HPB300,石横特钢,None,山东烟台,None,None
2024-03-28,高线,Φ10,HPB300,江苏镔鑫,None,山东烟台,None,None
2024-03-28,高线,Φ12,HPB300,莱钢永锋,None,山东烟台,None,None
2024-03-28,高线,Φ12,HPB300,石横特钢,None,山东烟台,None,None
2024-03-28,高线,Φ6,HPB300,莱钢永锋,None,山东烟台,None,None
2024-03-28,高线,Φ6,HPB300,石横特钢,None,山东烟台,None,None
2024-03-28,高线,Φ6,HPB300,江苏镔鑫,None,山东烟台,None,None
2024-03-28,高线,Φ8,HPB300,莱钢永锋,None,山东烟台,None,None
2024-03-28,高线,Φ8,HPB300,石横特钢,None,山东烟台,None,None
2024-03-28,高线,Φ8,HPB300,江苏镔鑫,None,山东烟台,None,None
2024-03-27,圆钢,Φ12-22,HPB300,莱钢永锋,None,山东烟台,None,None
2024-03-27,圆钢,Φ12-22,HPB300,石横特钢,None,山东烟台,None,None
2024-03-27,圆钢,Φ25-32,HPB300,莱钢永锋,None,山东烟台,None,None
2024-03-27,圆钢,Φ25-32,HPB300,石横特钢,None,山东烟台,None,None
2024-03-27,盘螺,Φ10,HRB400E,莱钢永锋,None,山东烟台,None,None
2024-03-27,盘螺,Φ10,HRB400E,石横特钢,None,山东烟台,None,None
2024-03-27,盘螺,Φ10,HRB400E,日照,None,山东烟台,None,None
2024-03-27,盘螺,Φ10,HRB400E,江苏镔鑫,None,山东烟台,None,None
2024-03-27,盘螺,Φ10,HRB400E,日钢营口,None,山东烟台,None,None
2024-03-27,盘螺,Φ12,HRB400E,莱钢永锋,None,山东烟台,None,None
2024-03-27,盘螺,Φ12,HRB400E,石横特钢,None,山东烟台,None,None
2024-03-27,盘螺,Φ6,HRB400E,莱钢永锋,None,山东烟台,None,None
2024-03-27,盘螺,Φ6,HRB400E,石横特钢,None,山东烟台,None,None
2024-03-27,盘螺,Φ8,HRB400E,莱钢永锋,None,山东烟台,None,None
2024-03-27,盘螺,Φ8,HRB400E,石横特钢,None,山东烟台,None,None
2024-03-27,盘螺,Φ8,HRB400E,日照,None,山东烟台,None,None
2024-03-27,盘螺,Φ8,HRB400E,江苏镔鑫,None,山东烟台,None,None
2024-03-27,盘螺,Φ8,HRB400E,日钢营口,None,山东烟台,None,None
2024-03-27,螺纹钢,Φ10,HRB400E,莱钢,None,山东烟台,None,None
2024-03-27,螺纹钢,Φ10,HRB400E,莱钢永锋,None,山东烟台,None,None
2024-03-27,螺纹钢,Φ10,HRB400E,石横特钢,None,山东烟台,None,None
2024-03-27,螺纹钢,Φ12,HRB400E,莱钢,None,山东烟台,None,None
2024-03-27,螺纹钢,Φ12,HRB400E,莱钢永锋,None,山东烟台,None,None
2024-03-27,螺纹钢,Φ12,HRB400E,石横特钢,None,山东烟台,None,None
2024-03-27,螺纹钢,Φ12,HRB400E,日照,None,山东烟台,None,None
2024-03-27,螺纹钢,Φ12,HRB400E,江苏镔鑫,None,山东烟台,None,None
2024-03-27,螺纹钢,Φ12-14,HRB500E,莱钢,None,山东烟台,None,None
2024-03-27,螺纹钢,Φ12-14,HRB500E,莱钢永锋,None,山东烟台,None,None
2024-03-27,螺纹钢,Φ12-14,HRB500E,石横特钢,None,山东烟台,None,None
2024-03-27,螺纹钢,Φ14,HRB400E,莱钢,None,山东烟台,None,None
2024-03-27,螺纹钢,Φ14,HRB400E,莱钢永锋,None,山东烟台,None,None
2024-03-27,螺纹钢,Φ14,HRB400E,石横特钢,None,山东烟台,None,None
2024-03-27,螺纹钢,Φ14,HRB400E,日照,None,山东烟台,None,None
2024-03-27,螺纹钢,Φ14,HRB400E,江苏镔鑫,None,山东烟台,None,None
2024-03-27,螺纹钢,Φ16,HRB400E,莱钢,None,山东烟台,None,None
2024-03-27,螺纹钢,Φ16,HRB400E,莱钢永锋,None,山东烟台,None,None
2024-03-27,螺纹钢,Φ16,HRB400E,石横特钢,None,山东烟台,None,None
2024-03-27,螺纹钢,Φ16,HRB400E,日照,None,山东烟台,None,None
2024-03-27,螺纹钢,Φ16,HRB400E,江苏镔鑫,None,山东烟台,None,None
2024-03-27,螺纹钢,Φ18,HRB400E,莱钢,None,山东烟台,None,None
2024-03-27,螺纹钢,Φ18,HRB400E,莱钢永锋,None,山东烟台,None,None
2024-03-27,螺纹钢,Φ18,HRB400E,石横特钢,None,山东烟台,None,None
2024-03-27,螺纹钢,Φ18,HRB400E,日照,None,山东烟台,None,None
2024-03-27,螺纹钢,Φ18,HRB400E,江苏镔鑫,None,山东烟台,None,None
2024-03-27,螺纹钢,Φ20,HRB400E,莱钢,None,山东烟台,None,None
2024-03-27,螺纹钢,Φ20,HRB400E,莱钢永锋,None,山东烟台,None,None
2024-03-27,螺纹钢,Φ20,HRB400E,石横特钢,None,山东烟台,None,None
2024-03-27,螺纹钢,Φ20,HRB400E,日照,None,山东烟台,None,None
2024-03-27,螺纹钢,Φ20,HRB400E,江苏镔鑫,None,山东烟台,None,None
2024-03-27,螺纹钢,Φ22,HRB400E,莱钢,None,山东烟台,None,None
2024-03-27,螺纹钢,Φ22,HRB400E,莱钢永锋,None,山东烟台,None,None
2024-03-27,螺纹钢,Φ22,HRB400E,石横特钢,None,山东烟台,None,None
2024-03-27,螺纹钢,Φ22,HRB400E,日照,None,山东烟台,None,None
2024-03-27,螺纹钢,Φ22,HRB400E,江苏镔鑫,None,山东烟台,None,None
2024-03-27,螺纹钢,Φ25,HRB400E,莱钢,None,山东烟台,None,None
2024-03-27,螺纹钢,Φ25,HRB400E,莱钢永锋,None,山东烟台,None,None
2024-03-27,螺纹钢,Φ25,HRB400E,石横特钢,None,山东烟台,None,None
2024-03-27,螺纹钢,Φ25,HRB400E,日照,None,山东烟台,None,None
2024-03-27,螺纹钢,Φ25,HRB400E,江苏镔鑫,None,山东烟台,None,None
2024-03-27,螺纹钢,Φ28-32,HRB400E,莱钢,None,山东烟台,None,None
2024-03-27,螺纹钢,Φ28-32,HRB400E,莱钢永锋,None,山东烟台,None,None
2024-03-27,螺纹钢,Φ28-32,HRB400E,石横特钢,None,山东烟台,None,None
2024-03-27,螺纹钢,Φ28-32,HRB400E,日照,None,山东烟台,None,None
2024-03-27,螺纹钢,Φ28-32,HRB400E,江苏镔鑫,None,山东烟台,None,None
2024-03-27,高线,Φ10,HPB300,莱钢永锋,None,山东烟台,None,None
2024-03-27,高线,Φ10,HPB300,石横特钢,None,山东烟台,None,None
2024-03-27,高线,Φ10,HPB300,江苏镔鑫,None,山东烟台,None,None
2024-03-27,高线,Φ12,HPB300,莱钢永锋,None,山东烟台,None,None
2024-03-27,高线,Φ12,HPB300,石横特钢,None,山东烟台,None,None
2024-03-27,高线,Φ6,HPB300,莱钢永锋,None,山东烟台,None,None
2024-03-27,高线,Φ6,HPB300,石横特钢,None,山东烟台,None,None
2024-03-27,高线,Φ6,HPB300,江苏镔鑫,None,山东烟台,None,None
2024-03-27,高线,Φ8,HPB300,莱钢永锋,None,山东烟台,None,None
2024-03-27,高线,Φ8,HPB300,石横特钢,None,山东烟台,None,None
2024-03-27,高线,Φ8,HPB300,江苏镔鑫,None,山东烟台,None,None
2024-03-26,圆钢,Φ12-22,HPB300,莱钢永锋,None,山东烟台,None,None
2024-03-26,圆钢,Φ12-22,HPB300,石横特钢,None,山东烟台,None,None
2024-03-26,圆钢,Φ25-32,HPB300,莱钢永锋,None,山东烟台,None,None
2024-03-26,圆钢,Φ25-32,HPB300,石横特钢,None,山东烟台,None,None
2024-03-26,盘螺,Φ10,HRB400E,莱钢永锋,None,山东烟台,None,None
2024-03-26,盘螺,Φ10,HRB400E,石横特钢,None,山东烟台,None,None
2024-03-26,盘螺,Φ10,HRB400E,日照,None,山东烟台,None,None
2024-03-26,盘螺,Φ10,HRB400E,江苏镔鑫,None,山东烟台,None,None
2024-03-26,盘螺,Φ10,HRB400E,日钢营口,None,山东烟台,None,None
2024-03-26,盘螺,Φ12,HRB400E,莱钢永锋,None,山东烟台,None,None
2024-03-26,盘螺,Φ12,HRB400E,石横特钢,None,山东烟台,None,None
2024-03-26,盘螺,Φ6,HRB400E,莱钢永锋,None,山东烟台,None,None
2024-03-26,盘螺,Φ6,HRB400E,石横特钢,None,山东烟台,None,None
2024-03-26,盘螺,Φ8,HRB400E,莱钢永锋,None,山东烟台,None,None
2024-03-26,盘螺,Φ8,HRB400E,石横特钢,None,山东烟台,None,None
2024-03-26,盘螺,Φ8,HRB400E,日照,None,山东烟台,None,None
2024-03-26,盘螺,Φ8,HRB400E,江苏镔鑫,None,山东烟台,None,None
2024-03-26,盘螺,Φ8,HRB400E,日钢营口,None,山东烟台,None,None
2024-03-26,螺纹钢,Φ10,HRB400E,莱钢,None,山东烟台,None,None
2024-03-26,螺纹钢,Φ10,HRB400E,莱钢永锋,None,山东烟台,None,None
2024-03-26,螺纹钢,Φ10,HRB400E,石横特钢,None,山东烟台,None,None
2024-03-26,螺纹钢,Φ12,HRB400E,莱钢,None,山东烟台,None,None
2024-03-26,螺纹钢,Φ12,HRB400E,莱钢永锋,None,山东烟台,None,None
2024-03-26,螺纹钢,Φ12,HRB400E,石横特钢,None,山东烟台,None,None
2024-03-26,螺纹钢,Φ12,HRB400E,日照,None,山东烟台,None,None
2024-03-26,螺纹钢,Φ12,HRB400E,江苏镔鑫,None,山东烟台,None,None
2024-03-26,螺纹钢,Φ12-14,HRB500E,莱钢,None,山东烟台,None,None
2024-03-26,螺纹钢,Φ12-14,HRB500E,莱钢永锋,None,山东烟台,None,None
2024-03-26,螺纹钢,Φ12-14,HRB500E,石横特钢,None,山东烟台,None,None
2024-03-26,螺纹钢,Φ14,HRB400E,莱钢,None,山东烟台,None,None
2024-03-26,螺纹钢,Φ14,HRB400E,莱钢永锋,None,山东烟台,None,None
2024-03-26,螺纹钢,Φ14,HRB400E,石横特钢,None,山东烟台,None,None
2024-03-26,螺纹钢,Φ14,HRB400E,日照,None,山东烟台,None,None
2024-03-26,螺纹钢,Φ14,HRB400E,江苏镔鑫,None,山东烟台,None,None
2024-03-26,螺纹钢,Φ16,HRB400E,莱钢,None,山东烟台,None,None
2024-03-26,螺纹钢,Φ16,HRB400E,莱钢永锋,None,山东烟台,None,None
2024-03-26,螺纹钢,Φ16,HRB400E,石横特钢,None,山东烟台,None,None
2024-03-26,螺纹钢,Φ16,HRB400E,日照,None,山东烟台,None,None
2024-03-26,螺纹钢,Φ16,HRB400E,江苏镔鑫,None,山东烟台,None,None
2024-03-26,螺纹钢,Φ18,HRB400E,莱钢,None,山东烟台,None,None
2024-03-26,螺纹钢,Φ18,HRB400E,莱钢永锋,None,山东烟台,None,None
2024-03-26,螺纹钢,Φ18,HRB400E,石横特钢,None,山东烟台,None,None
2024-03-26,螺纹钢,Φ18,HRB400E,日照,None,山东烟台,None,None
2024-03-26,螺纹钢,Φ18,HRB400E,江苏镔鑫,None,山东烟台,None,None
2024-03-26,螺纹钢,Φ20,HRB400E,莱钢,None,山东烟台,None,None
2024-03-26,螺纹钢,Φ20,HRB400E,莱钢永锋,None,山东烟台,None,None
2024-03-26,螺纹钢,Φ20,HRB400E,石横特钢,None,山东烟台,None,None
2024-03-26,螺纹钢,Φ20,HRB400E,日照,None,山东烟台,None,None
2024-03-26,螺纹钢,Φ20,HRB400E,江苏镔鑫,None,山东烟台,None,None
2024-03-26,螺纹钢,Φ22,HRB400E,莱钢,None,山东烟台,None,None
2024-03-26,螺纹钢,Φ22,HRB400E,莱钢永锋,None,山东烟台,None,None
2024-03-26,螺纹钢,Φ22,HRB400E,石横特钢,None,山东烟台,None,None
2024-03-26,螺纹钢,Φ22,HRB400E,日照,None,山东烟台,None,None
2024-03-26,螺纹钢,Φ22,HRB400E,江苏镔鑫,None,山东烟台,None,None
2024-03-26,螺纹钢,Φ25,HRB400E,莱钢,None,山东烟台,None,None
2024-03-26,螺纹钢,Φ25,HRB400E,莱钢永锋,None,山东烟台,None,None
2024-03-26,螺纹钢,Φ25,HRB400E,石横特钢,None,山东烟台,None,None
2024-03-26,螺纹钢,Φ25,HRB400E,日照,None,山东烟台,None,None
2024-03-26,螺纹钢,Φ25,HRB400E,江苏镔鑫,None,山东烟台,None,None
2024-03-26,螺纹钢,Φ28-32,HRB400E,莱钢,None,山东烟台,None,None
2024-03-26,螺纹钢,Φ28-32,HRB400E,莱钢永锋,None,山东烟台,None,None
2024-03-26,螺纹钢,Φ28-32,HRB400E,石横特钢,None,山东烟台,None,None
2024-03-26,螺纹钢,Φ28-32,HRB400E,日照,None,山东烟台,None,None
2024-03-26,螺纹钢,Φ28-32,HRB400E,江苏镔鑫,None,山东烟台,None,None
2024-03-26,高线,Φ10,HPB300,莱钢永锋,None,山东烟台,None,None
2024-03-26,高线,Φ10,HPB300,石横特钢,None,山东烟台,None,None
2024-03-26,高线,Φ10,HPB300,江苏镔鑫,None,山东烟台,None,None
2024-03-26,高线,Φ12,HPB300,莱钢永锋,None,山东烟台,None,None
2024-03-26,高线,Φ12,HPB300,石横特钢,None,山东烟台,None,None
2024-03-26,高线,Φ6,HPB300,莱钢永锋,None,山东烟台,None,None
2024-03-26,高线,Φ6,HPB300,石横特钢,None,山东烟台,None,None
2024-03-26,高线,Φ6,HPB300,江苏镔鑫,None,山东烟台,None,None
2024-03-26,高线,Φ8,HPB300,莱钢永锋,None,山东烟台,None,None
2024-03-26,高线,Φ8,HPB300,石横特钢,None,山东烟台,None,None
2024-03-26,高线,Φ8,HPB300,江苏镔鑫,None,山东烟台,None,None
2024-03-25,圆钢,Φ12-22,HPB300,莱钢永锋,None,山东烟台,None,None
2024-03-25,圆钢,Φ12-22,HPB300,石横特钢,None,山东烟台,None,None
2024-03-25,圆钢,Φ25-32,HPB300,莱钢永锋,None,山东烟台,None,None
2024-03-25,圆钢,Φ25-32,HPB300,石横特钢,None,山东烟台,None,None
2024-03-25,盘螺,Φ10,HRB400E,莱钢永锋,None,山东烟台,None,None
2024-03-25,盘螺,Φ10,HRB400E,石横特钢,None,山东烟台,None,None
2024-03-25,盘螺,Φ10,HRB400E,日照,None,山东烟台,None,None
2024-03-25,盘螺,Φ10,HRB400E,江苏镔鑫,None,山东烟台,None,None
2024-03-25,盘螺,Φ10,HRB400E,日钢营口,None,山东烟台,None,None
2024-03-25,盘螺,Φ12,HRB400E,莱钢永锋,None,山东烟台,None,None
2024-03-25,盘螺,Φ12,HRB400E,石横特钢,None,山东烟台,None,None
2024-03-25,盘螺,Φ6,HRB400E,莱钢永锋,None,山东烟台,None,None
2024-03-25,盘螺,Φ6,HRB400E,石横特钢,None,山东烟台,None,None
2024-03-25,盘螺,Φ8,HRB400E,莱钢永锋,None,山东烟台,None,None
2024-03-25,盘螺,Φ8,HRB400E,石横特钢,None,山东烟台,None,None
2024-03-25,盘螺,Φ8,HRB400E,日照,None,山东烟台,None,None
2024-03-25,盘螺,Φ8,HRB400E,江苏镔鑫,None,山东烟台,None,None
2024-03-25,盘螺,Φ8,HRB400E,日钢营口,None,山东烟台,None,None
2024-03-25,螺纹钢,Φ10,HRB400E,莱钢,None,山东烟台,None,None
2024-03-25,螺纹钢,Φ10,HRB400E,莱钢永锋,None,山东烟台,None,None
2024-03-25,螺纹钢,Φ10,HRB400E,石横特钢,None,山东烟台,None,None
2024-03-25,螺纹钢,Φ12,HRB400E,莱钢,None,山东烟台,None,None
2024-03-25,螺纹钢,Φ12,HRB400E,莱钢永锋,None,山东烟台,None,None
2024-03-25,螺纹钢,Φ12,HRB400E,石横特钢,None,山东烟台,None,None
2024-03-25,螺纹钢,Φ12,HRB400E,日照,None,山东烟台,None,None
2024-03-25,螺纹钢,Φ12,HRB400E,江苏镔鑫,None,山东烟台,None,None
2024-03-25,螺纹钢,Φ12-14,HRB500E,莱钢,None,山东烟台,None,None
2024-03-25,螺纹钢,Φ12-14,HRB500E,莱钢永锋,None,山东烟台,None,None
2024-03-25,螺纹钢,Φ12-14,HRB500E,石横特钢,None,山东烟台,None,None
2024-03-25,螺纹钢,Φ14,HRB400E,莱钢,None,山东烟台,None,None
2024-03-25,螺纹钢,Φ14,HRB400E,莱钢永锋,None,山东烟台,None,None
2024-03-25,螺纹钢,Φ14,HRB400E,石横特钢,None,山东烟台,None,None
2024-03-25,螺纹钢,Φ14,HRB400E,日照,None,山东烟台,None,None
2024-03-25,螺纹钢,Φ14,HRB400E,江苏镔鑫,None,山东烟台,None,None
2024-03-25,螺纹钢,Φ16,HRB400E,莱钢,None,山东烟台,None,None
2024-03-25,螺纹钢,Φ16,HRB400E,莱钢永锋,None,山东烟台,None,None
2024-03-25,螺纹钢,Φ16,HRB400E,石横特钢,None,山东烟台,None,None
2024-03-25,螺纹钢,Φ16,HRB400E,日照,None,山东烟台,None,None
2024-03-25,螺纹钢,Φ16,HRB400E,江苏镔鑫,None,山东烟台,None,None
2024-03-25,螺纹钢,Φ18,HRB400E,莱钢,None,山东烟台,None,None
2024-03-25,螺纹钢,Φ18,HRB400E,莱钢永锋,None,山东烟台,None,None
2024-03-25,螺纹钢,Φ18,HRB400E,石横特钢,None,山东烟台,None,None
2024-03-25,螺纹钢,Φ18,HRB400E,日照,None,山东烟台,None,None
2024-03-25,螺纹钢,Φ18,HRB400E,江苏镔鑫,None,山东烟台,None,None
2024-03-25,螺纹钢,Φ20,HRB400E,莱钢,None,山东烟台,None,None
2024-03-25,螺纹钢,Φ20,HRB400E,莱钢永锋,None,山东烟台,None,None
2024-03-25,螺纹钢,Φ20,HRB400E,石横特钢,None,山东烟台,None,None
2024-03-25,螺纹钢,Φ20,HRB400E,日照,None,山东烟台,None,None
2024-03-25,螺纹钢,Φ20,HRB400E,江苏镔鑫,None,山东烟台,None,None
2024-03-25,螺纹钢,Φ22,HRB400E,莱钢,None,山东烟台,None,None
2024-03-25,螺纹钢,Φ22,HRB400E,莱钢永锋,None,山东烟台,None,None
2024-03-25,螺纹钢,Φ22,HRB400E,石横特钢,None,山东烟台,None,None
2024-03-25,螺纹钢,Φ22,HRB400E,日照,None,山东烟台,None,None
2024-03-25,螺纹钢,Φ22,HRB400E,江苏镔鑫,None,山东烟台,None,None
2024-03-25,螺纹钢,Φ25,HRB400E,莱钢,None,山东烟台,None,None
2024-03-25,螺纹钢,Φ25,HRB400E,莱钢永锋,None,山东烟台,None,None
2024-03-25,螺纹钢,Φ25,HRB400E,石横特钢,None,山东烟台,None,None
2024-03-25,螺纹钢,Φ25,HRB400E,日照,None,山东烟台,None,None
2024-03-25,螺纹钢,Φ25,HRB400E,江苏镔鑫,None,山东烟台,None,None
2024-03-25,螺纹钢,Φ28-32,HRB400E,莱钢,None,山东烟台,None,None
2024-03-25,螺纹钢,Φ28-32,HRB400E,莱钢永锋,None,山东烟台,None,None
2024-03-25,螺纹钢,Φ28-32,HRB400E,石横特钢,None,山东烟台,None,None
2024-03-25,螺纹钢,Φ28-32,HRB400E,日照,None,山东烟台,None,None
2024-03-25,螺纹钢,Φ28-32,HRB400E,江苏镔鑫,None,山东烟台,None,None
2024-03-25,高线,Φ10,HPB300,莱钢永锋,None,山东烟台,None,None
2024-03-25,高线,Φ10,HPB300,石横特钢,None,山东烟台,None,None
2024-03-25,高线,Φ10,HPB300,江苏镔鑫,None,山东烟台,None,None
2024-03-25,高线,Φ12,HPB300,莱钢永锋,None,山东烟台,None,None
2024-03-25,高线,Φ12,HPB300,石横特钢,None,山东烟台,None,None
2024-03-25,高线,Φ6,HPB300,莱钢永锋,None,山东烟台,None,None
2024-03-25,高线,Φ6,HPB300,石横特钢,None,山东烟台,None,None
2024-03-25,高线,Φ6,HPB300,江苏镔鑫,None,山东烟台,None,None
2024-03-25,高线,Φ8,HPB300,莱钢永锋,None,山东烟台,None,None
2024-03-25,高线,Φ8,HPB300,石横特钢,None,山东烟台,None,None
2024-03-25,高线,Φ8,HPB300,江苏镔鑫,None,山东烟台,None,None
2024-03-22,圆钢,Φ12-22,HPB300,莱钢永锋,None,山东烟台,None,None
2024-03-22,圆钢,Φ12-22,HPB300,石横特钢,None,山东烟台,None,None
2024-03-22,圆钢,Φ25-32,HPB300,莱钢永锋,None,山东烟台,None,None
2024-03-22,圆钢,Φ25-32,HPB300,石横特钢,None,山东烟台,None,None
2024-03-22,盘螺,Φ10,HRB400E,莱钢永锋,None,山东烟台,None,None
2024-03-22,盘螺,Φ10,HRB400E,石横特钢,None,山东烟台,None,None
2024-03-22,盘螺,Φ10,HRB400E,日照,None,山东烟台,None,None
2024-03-22,盘螺,Φ10,HRB400E,江苏镔鑫,None,山东烟台,None,None
2024-03-22,盘螺,Φ10,HRB400E,日钢营口,None,山东烟台,None,None
2024-03-22,盘螺,Φ12,HRB400E,莱钢永锋,None,山东烟台,None,None
2024-03-22,盘螺,Φ12,HRB400E,石横特钢,None,山东烟台,None,None
2024-03-22,盘螺,Φ6,HRB400E,莱钢永锋,None,山东烟台,None,None
2024-03-22,盘螺,Φ6,HRB400E,石横特钢,None,山东烟台,None,None
2024-03-22,盘螺,Φ8,HRB400E,莱钢永锋,None,山东烟台,None,None
2024-03-22,盘螺,Φ8,HRB400E,石横特钢,None,山东烟台,None,None
2024-03-22,盘螺,Φ8,HRB400E,日照,None,山东烟台,None,None
2024-03-22,盘螺,Φ8,HRB400E,江苏镔鑫,None,山东烟台,None,None
2024-03-22,盘螺,Φ8,HRB400E,日钢营口,None,山东烟台,None,None
2024-03-22,螺纹钢,Φ10,HRB400E,莱钢,None,山东烟台,None,None
2024-03-22,螺纹钢,Φ10,HRB400E,莱钢永锋,None,山东烟台,None,None
2024-03-22,螺纹钢,Φ10,HRB400E,石横特钢,None,山东烟台,None,None
2024-03-22,螺纹钢,Φ12,HRB400E,莱钢,None,山东烟台,None,None
2024-03-22,螺纹钢,Φ12,HRB400E,莱钢永锋,None,山东烟台,None,None
2024-03-22,螺纹钢,Φ12,HRB400E,石横特钢,None,山东烟台,None,None
2024-03-22,螺纹钢,Φ12,HRB400E,日照,None,山东烟台,None,None
2024-03-22,螺纹钢,Φ12,HRB400E,江苏镔鑫,None,山东烟台,None,None
2024-03-22,螺纹钢,Φ12-14,HRB500E,莱钢,None,山东烟台,None,None
2024-03-22,螺纹钢,Φ12-14,HRB500E,莱钢永锋,None,山东烟台,None,None
2024-03-22,螺纹钢,Φ12-14,HRB500E,石横特钢,None,山东烟台,None,None
2024-03-22,螺纹钢,Φ14,HRB400E,莱钢,None,山东烟台,None,None
2024-03-22,螺纹钢,Φ14,HRB400E,莱钢永锋,None,山东烟台,None,None
2024-03-22,螺纹钢,Φ14,HRB400E,石横特钢,None,山东烟台,None,None
2024-03-22,螺纹钢,Φ14,HRB400E,日照,None,山东烟台,None,None
2024-03-22,螺纹钢,Φ14,HRB400E,江苏镔鑫,None,山东烟台,None,None
2024-03-22,螺纹钢,Φ16,HRB400E,莱钢,None,山东烟台,None,None
2024-03-22,螺纹钢,Φ16,HRB400E,莱钢永锋,None,山东烟台,None,None
2024-03-22,螺纹钢,Φ16,HRB400E,石横特钢,None,山东烟台,None,None
2024-03-22,螺纹钢,Φ16,HRB400E,日照,None,山东烟台,None,None
2024-03-22,螺纹钢,Φ16,HRB400E,江苏镔鑫,None,山东烟台,None,None
2024-03-22,螺纹钢,Φ18,HRB400E,莱钢,None,山东烟台,None,None
2024-03-22,螺纹钢,Φ18,HRB400E,莱钢永锋,None,山东烟台,None,None
2024-03-22,螺纹钢,Φ18,HRB400E,石横特钢,None,山东烟台,None,None
2024-03-22,螺纹钢,Φ18,HRB400E,日照,None,山东烟台,None,None
2024-03-22,螺纹钢,Φ18,HRB400E,江苏镔鑫,None,山东烟台,None,None
2024-03-22,螺纹钢,Φ20,HRB400E,莱钢,None,山东烟台,None,None
2024-03-22,螺纹钢,Φ20,HRB400E,莱钢永锋,None,山东烟台,None,None
2024-03-22,螺纹钢,Φ20,HRB400E,石横特钢,None,山东烟台,None,None
2024-03-22,螺纹钢,Φ20,HRB400E,日照,None,山东烟台,None,None
2024-03-22,螺纹钢,Φ20,HRB400E,江苏镔鑫,None,山东烟台,None,None
2024-03-22,螺纹钢,Φ22,HRB400E,莱钢,None,山东烟台,None,None
2024-03-22,螺纹钢,Φ22,HRB400E,莱钢永锋,None,山东烟台,None,None
2024-03-22,螺纹钢,Φ22,HRB400E,石横特钢,None,山东烟台,None,None
2024-03-22,螺纹钢,Φ22,HRB400E,日照,None,山东烟台,None,None
2024-03-22,螺纹钢,Φ22,HRB400E,江苏镔鑫,None,山东烟台,None,None
2024-03-22,螺纹钢,Φ25,HRB400E,莱钢,None,山东烟台,None,None
2024-03-22,螺纹钢,Φ25,HRB400E,莱钢永锋,None,山东烟台,None,None
2024-03-22,螺纹钢,Φ25,HRB400E,石横特钢,None,山东烟台,None,None
2024-03-22,螺纹钢,Φ25,HRB400E,日照,None,山东烟台,None,None
2024-03-22,螺纹钢,Φ25,HRB400E,江苏镔鑫,None,山东烟台,None,None
2024-03-22,螺纹钢,Φ28-32,HRB400E,莱钢,None,山东烟台,None,None
2024-03-22,螺纹钢,Φ28-32,HRB400E,莱钢永锋,None,山东烟台,None,None
2024-03-22,螺纹钢,Φ28-32,HRB400E,石横特钢,None,山东烟台,None,None
2024-03-22,螺纹钢,Φ28-32,HRB400E,日照,None,山东烟台,None,None
2024-03-22,螺纹钢,Φ28-32,HRB400E,江苏镔鑫,None,山东烟台,None,None
2024-03-22,高线,Φ10,HPB300,莱钢永锋,None,山东烟台,None,None
2024-03-22,高线,Φ10,HPB300,石横特钢,None,山东烟台,None,None
2024-03-22,高线,Φ10,HPB300,江苏镔鑫,None,山东烟台,None,None
2024-03-22,高线,Φ12,HPB300,莱钢永锋,None,山东烟台,None,None
2024-03-22,高线,Φ12,HPB300,石横特钢,None,山东烟台,None,None
2024-03-22,高线,Φ6,HPB300,莱钢永锋,None,山东烟台,None,None
2024-03-22,高线,Φ6,HPB300,石横特钢,None,山东烟台,None,None
2024-03-22,高线,Φ6,HPB300,江苏镔鑫,None,山东烟台,None,None
2024-03-22,高线,Φ8,HPB300,莱钢永锋,None,山东烟台,None,None
2024-03-22,高线,Φ8,HPB300,石横特钢,None,山东烟台,None,None
2024-03-22,高线,Φ8,HPB300,江苏镔鑫,None,山东烟台,None,None
2024-03-21,圆钢,Φ12-22,HPB300,莱钢永锋,None,山东烟台,None,None
2024-03-21,圆钢,Φ12-22,HPB300,石横特钢,None,山东烟台,None,None
2024-03-21,圆钢,Φ25-32,HPB300,莱钢永锋,None,山东烟台,None,None
2024-03-21,圆钢,Φ25-32,HPB300,石横特钢,None,山东烟台,None,None
2024-03-21,盘螺,Φ10,HRB400E,莱钢永锋,None,山东烟台,None,None
2024-03-21,盘螺,Φ10,HRB400E,石横特钢,None,山东烟台,None,None
2024-03-21,盘螺,Φ10,HRB400E,日照,None,山东烟台,None,None
2024-03-21,盘螺,Φ10,HRB400E,江苏镔鑫,None,山东烟台,None,None
2024-03-21,盘螺,Φ10,HRB400E,日钢营口,None,山东烟台,None,None
2024-03-21,盘螺,Φ12,HRB400E,莱钢永锋,None,山东烟台,None,None
2024-03-21,盘螺,Φ12,HRB400E,石横特钢,None,山东烟台,None,None
2024-03-21,盘螺,Φ6,HRB400E,莱钢永锋,None,山东烟台,None,None
2024-03-21,盘螺,Φ6,HRB400E,石横特钢,None,山东烟台,None,None
2024-03-21,盘螺,Φ8,HRB400E,莱钢永锋,None,山东烟台,None,None
2024-03-21,盘螺,Φ8,HRB400E,石横特钢,None,山东烟台,None,None
2024-03-21,盘螺,Φ8,HRB400E,日照,None,山东烟台,None,None
2024-03-21,盘螺,Φ8,HRB400E,江苏镔鑫,None,山东烟台,None,None
2024-03-21,盘螺,Φ8,HRB400E,日钢营口,None,山东烟台,None,None
2024-03-21,螺纹钢,Φ10,HRB400E,莱钢,None,山东烟台,None,None
2024-03-21,螺纹钢,Φ10,HRB400E,莱钢永锋,None,山东烟台,None,None
2024-03-21,螺纹钢,Φ10,HRB400E,石横特钢,None,山东烟台,None,None
2024-03-21,螺纹钢,Φ12,HRB400E,莱钢,None,山东烟台,None,None
2024-03-21,螺纹钢,Φ12,HRB400E,莱钢永锋,None,山东烟台,None,None
2024-03-21,螺纹钢,Φ12,HRB400E,石横特钢,None,山东烟台,None,None
2024-03-21,螺纹钢,Φ12,HRB400E,日照,None,山东烟台,None,None
2024-03-21,螺纹钢,Φ12,HRB400E,江苏镔鑫,None,山东烟台,None,None
2024-03-21,螺纹钢,Φ12-14,HRB500E,莱钢,None,山东烟台,None,None
2024-03-21,螺纹钢,Φ12-14,HRB500E,莱钢永锋,None,山东烟台,None,None
2024-03-21,螺纹钢,Φ12-14,HRB500E,石横特钢,None,山东烟台,None,None
2024-03-21,螺纹钢,Φ14,HRB400E,莱钢,None,山东烟台,None,None
2024-03-21,螺纹钢,Φ14,HRB400E,莱钢永锋,None,山东烟台,None,None
2024-03-21,螺纹钢,Φ14,HRB400E,石横特钢,None,山东烟台,None,None
2024-03-21,螺纹钢,Φ14,HRB400E,日照,None,山东烟台,None,None
2024-03-21,螺纹钢,Φ14,HRB400E,江苏镔鑫,None,山东烟台,None,None
2024-03-21,螺纹钢,Φ16,HRB400E,莱钢,None,山东烟台,None,None
2024-03-21,螺纹钢,Φ16,HRB400E,莱钢永锋,None,山东烟台,None,None
2024-03-21,螺纹钢,Φ16,HRB400E,石横特钢,None,山东烟台,None,None
2024-03-21,螺纹钢,Φ16,HRB400E,日照,None,山东烟台,None,None
2024-03-21,螺纹钢,Φ16,HRB400E,江苏镔鑫,None,山东烟台,None,None
2024-03-21,螺纹钢,Φ18,HRB400E,莱钢,None,山东烟台,None,None
2024-03-21,螺纹钢,Φ18,HRB400E,莱钢永锋,None,山东烟台,None,None
2024-03-21,螺纹钢,Φ18,HRB400E,石横特钢,None,山东烟台,None,None
2024-03-21,螺纹钢,Φ18,HRB400E,日照,None,山东烟台,None,None
2024-03-21,螺纹钢,Φ18,HRB400E,江苏镔鑫,None,山东烟台,None,None
2024-03-21,螺纹钢,Φ20,HRB400E,莱钢,None,山东烟台,None,None
2024-03-21,螺纹钢,Φ20,HRB400E,莱钢永锋,None,山东烟台,None,None
2024-03-21,螺纹钢,Φ20,HRB400E,石横特钢,None,山东烟台,None,None
2024-03-21,螺纹钢,Φ20,HRB400E,日照,None,山东烟台,None,None
2024-03-21,螺纹钢,Φ20,HRB400E,江苏镔鑫,None,山东烟台,None,None
2024-03-21,螺纹钢,Φ22,HRB400E,莱钢,None,山东烟台,None,None
2024-03-21,螺纹钢,Φ22,HRB400E,莱钢永锋,None,山东烟台,None,None
2024-03-21,螺纹钢,Φ22,HRB400E,石横特钢,None,山东烟台,None,None
2024-03-21,螺纹钢,Φ22,HRB400E,日照,None,山东烟台,None,None
2024-03-21,螺纹钢,Φ22,HRB400E,江苏镔鑫,None,山东烟台,None,None
2024-03-21,螺纹钢,Φ25,HRB400E,莱钢,None,山东烟台,None,None
2024-03-21,螺纹钢,Φ25,HRB400E,莱钢永锋,None,山东烟台,None,None
2024-03-21,螺纹钢,Φ25,HRB400E,石横特钢,None,山东烟台,None,None
2024-03-21,螺纹钢,Φ25,HRB400E,日照,None,山东烟台,None,None
2024-03-21,螺纹钢,Φ25,HRB400E,江苏镔鑫,None,山东烟台,None,None
2024-03-21,螺纹钢,Φ28-32,HRB400E,莱钢,None,山东烟台,None,None
2024-03-21,螺纹钢,Φ28-32,HRB400E,莱钢永锋,None,山东烟台,None,None
2024-03-21,螺纹钢,Φ28-32,HRB400E,石横特钢,None,山东烟台,None,None
2024-03-21,螺纹钢,Φ28-32,HRB400E,日照,None,山东烟台,None,None
2024-03-21,螺纹钢,Φ28-32,HRB400E,江苏镔鑫,None,山东烟台,None,None
2024-03-21,高线,Φ10,HPB300,莱钢永锋,None,山东烟台,None,None
2024-03-21,高线,Φ10,HPB300,石横特钢,None,山东烟台,None,None
2024-03-21,高线,Φ10,HPB300,江苏镔鑫,None,山东烟台,None,None
2024-03-21,高线,Φ12,HPB300,莱钢永锋,None,山东烟台,None,None
2024-03-21,高线,Φ12,HPB300,石横特钢,None,山东烟台,None,None
2024-03-21,高线,Φ6,HPB300,莱钢永锋,None,山东烟台,None,None
2024-03-21,高线,Φ6,HPB300,石横特钢,None,山东烟台,None,None
2024-03-21,高线,Φ6,HPB300,江苏镔鑫,None,山东烟台,None,None
2024-03-21,高线,Φ8,HPB300,莱钢永锋,None,山东烟台,None,None
2024-03-21,高线,Φ8,HPB300,石横特钢,None,山东烟台,None,None
2024-03-21,高线,Φ8,HPB300,江苏镔鑫,None,山东烟台,None,None
2024-03-20,圆钢,Φ12-22,HPB300,莱钢永锋,None,山东烟台,None,None
2024-03-20,圆钢,Φ12-22,HPB300,石横特钢,None,山东烟台,None,None
2024-03-20,圆钢,Φ25-32,HPB300,莱钢永锋,None,山东烟台,None,None
2024-03-20,圆钢,Φ25-32,HPB300,石横特钢,None,山东烟台,None,None
2024-03-20,盘螺,Φ10,HRB400E,莱钢永锋,None,山东烟台,None,None
2024-03-20,盘螺,Φ10,HRB400E,石横特钢,None,山东烟台,None,None
2024-03-20,盘螺,Φ10,HRB400E,日照,None,山东烟台,None,None
2024-03-20,盘螺,Φ10,HRB400E,江苏镔鑫,None,山东烟台,None,None
2024-03-20,盘螺,Φ10,HRB400E,日钢营口,None,山东烟台,None,None
2024-03-20,盘螺,Φ12,HRB400E,莱钢永锋,None,山东烟台,None,None
2024-03-20,盘螺,Φ12,HRB400E,石横特钢,None,山东烟台,None,None
2024-03-20,盘螺,Φ6,HRB400E,莱钢永锋,None,山东烟台,None,None
2024-03-20,盘螺,Φ6,HRB400E,石横特钢,None,山东烟台,None,None
2024-03-20,盘螺,Φ8,HRB400E,莱钢永锋,None,山东烟台,None,None
2024-03-20,盘螺,Φ8,HRB400E,石横特钢,None,山东烟台,None,None
2024-03-20,盘螺,Φ8,HRB400E,日照,None,山东烟台,None,None
2024-03-20,盘螺,Φ8,HRB400E,江苏镔鑫,None,山东烟台,None,None
2024-03-20,盘螺,Φ8,HRB400E,日钢营口,None,山东烟台,None,None
2024-03-20,螺纹钢,Φ10,HRB400E,莱钢,None,山东烟台,None,None
2024-03-20,螺纹钢,Φ10,HRB400E,莱钢永锋,None,山东烟台,None,None
2024-03-20,螺纹钢,Φ10,HRB400E,石横特钢,None,山东烟台,None,None
2024-03-20,螺纹钢,Φ12,HRB400E,莱钢,None,山东烟台,None,None
2024-03-20,螺纹钢,Φ12,HRB400E,莱钢永锋,None,山东烟台,None,None
2024-03-20,螺纹钢,Φ12,HRB400E,石横特钢,None,山东烟台,None,None
2024-03-20,螺纹钢,Φ12,HRB400E,日照,None,山东烟台,None,None
2024-03-20,螺纹钢,Φ12,HRB400E,江苏镔鑫,None,山东烟台,None,None
2024-03-20,螺纹钢,Φ12-14,HRB500E,莱钢,None,山东烟台,None,None
2024-03-20,螺纹钢,Φ12-14,HRB500E,莱钢永锋,None,山东烟台,None,None
2024-03-20,螺纹钢,Φ12-14,HRB500E,石横特钢,None,山东烟台,None,None
2024-03-20,螺纹钢,Φ14,HRB400E,莱钢,None,山东烟台,None,None
2024-03-20,螺纹钢,Φ14,HRB400E,莱钢永锋,None,山东烟台,None,None
2024-03-20,螺纹钢,Φ14,HRB400E,石横特钢,None,山东烟台,None,None
2024-03-20,螺纹钢,Φ14,HRB400E,日照,None,山东烟台,None,None
2024-03-20,螺纹钢,Φ14,HRB400E,江苏镔鑫,None,山东烟台,None,None
2024-03-20,螺纹钢,Φ16,HRB400E,莱钢,None,山东烟台,None,None
2024-03-20,螺纹钢,Φ16,HRB400E,莱钢永锋,None,山东烟台,None,None
2024-03-20,螺纹钢,Φ16,HRB400E,石横特钢,None,山东烟台,None,None
2024-03-20,螺纹钢,Φ16,HRB400E,日照,None,山东烟台,None,None
2024-03-20,螺纹钢,Φ16,HRB400E,江苏镔鑫,None,山东烟台,None,None
2024-03-20,螺纹钢,Φ18,HRB400E,莱钢,None,山东烟台,None,None
2024-03-20,螺纹钢,Φ18,HRB400E,莱钢永锋,None,山东烟台,None,None
2024-03-20,螺纹钢,Φ18,HRB400E,石横特钢,None,山东烟台,None,None
2024-03-20,螺纹钢,Φ18,HRB400E,日照,None,山东烟台,None,None
2024-03-20,螺纹钢,Φ18,HRB400E,江苏镔鑫,None,山东烟台,None,None
2024-03-20,螺纹钢,Φ20,HRB400E,莱钢,None,山东烟台,None,None
2024-03-20,螺纹钢,Φ20,HRB400E,莱钢永锋,None,山东烟台,None,None
2024-03-20,螺纹钢,Φ20,HRB400E,石横特钢,None,山东烟台,None,None
2024-03-20,螺纹钢,Φ20,HRB400E,日照,None,山东烟台,None,None
2024-03-20,螺纹钢,Φ20,HRB400E,江苏镔鑫,None,山东烟台,None,None
2024-03-20,螺纹钢,Φ22,HRB400E,莱钢,None,山东烟台,None,None
2024-03-20,螺纹钢,Φ22,HRB400E,莱钢永锋,None,山东烟台,None,None
2024-03-20,螺纹钢,Φ22,HRB400E,石横特钢,None,山东烟台,None,None
2024-03-20,螺纹钢,Φ22,HRB400E,日照,None,山东烟台,None,None
2024-03-20,螺纹钢,Φ22,HRB400E,江苏镔鑫,None,山东烟台,None,None
2024-03-20,螺纹钢,Φ25,HRB400E,莱钢,None,山东烟台,None,None
2024-03-20,螺纹钢,Φ25,HRB400E,莱钢永锋,None,山东烟台,None,None
2024-03-20,螺纹钢,Φ25,HRB400E,石横特钢,None,山东烟台,None,None
2024-03-20,螺纹钢,Φ25,HRB400E,日照,None,山东烟台,None,None
2024-03-20,螺纹钢,Φ25,HRB400E,江苏镔鑫,None,山东烟台,None,None
2024-03-20,螺纹钢,Φ28-32,HRB400E,莱钢,None,山东烟台,None,None
2024-03-20,螺纹钢,Φ28-32,HRB400E,莱钢永锋,None,山东烟台,None,None
2024-03-20,螺纹钢,Φ28-32,HRB400E,石横特钢,None,山东烟台,None,None
2024-03-20,螺纹钢,Φ28-32,HRB400E,日照,None,山东烟台,None,None
2024-03-20,螺纹钢,Φ28-32,HRB400E,江苏镔鑫,None,山东烟台,None,None
2024-03-20,高线,Φ10,HPB300,莱钢永锋,None,山东烟台,None,None
2024-03-20,高线,Φ10,HPB300,石横特钢,None,山东烟台,None,None
2024-03-20,高线,Φ10,HPB300,江苏镔鑫,None,山东烟台,None,None
2024-03-20,高线,Φ12,HPB300,莱钢永锋,None,山东烟台,None,None
2024-03-20,高线,Φ12,HPB300,石横特钢,None,山东烟台,None,None
2024-03-20,高线,Φ6,HPB300,莱钢永锋,None,山东烟台,None,None
2024-03-20,高线,Φ6,HPB300,石横特钢,None,山东烟台,None,None
2024-03-20,高线,Φ6,HPB300,江苏镔鑫,None,山东烟台,None,None
2024-03-20,高线,Φ8,HPB300,莱钢永锋,None,山东烟台,None,None
2024-03-20,高线,Φ8,HPB300,石横特钢,None,山东烟台,None,None
2024-03-20,高线,Φ8,HPB300,江苏镔鑫,None,山东烟台,None,None
2024-03-19,圆钢,Φ12-22,HPB300,莱钢永锋,None,山东烟台,None,None
2024-03-19,圆钢,Φ12-22,HPB300,石横特钢,None,山东烟台,None,None
2024-03-19,圆钢,Φ25-32,HPB300,莱钢永锋,None,山东烟台,None,None
2024-03-19,圆钢,Φ25-32,HPB300,石横特钢,None,山东烟台,None,None
2024-03-19,盘螺,Φ10,HRB400E,莱钢永锋,None,山东烟台,None,None
2024-03-19,盘螺,Φ10,HRB400E,石横特钢,None,山东烟台,None,None
2024-03-19,盘螺,Φ10,HRB400E,日照,None,山东烟台,None,None
2024-03-19,盘螺,Φ10,HRB400E,江苏镔鑫,None,山东烟台,None,None
2024-03-19,盘螺,Φ10,HRB400E,日钢营口,None,山东烟台,None,None
2024-03-19,盘螺,Φ12,HRB400E,莱钢永锋,None,山东烟台,None,None
2024-03-19,盘螺,Φ12,HRB400E,石横特钢,None,山东烟台,None,None
2024-03-19,盘螺,Φ6,HRB400E,莱钢永锋,None,山东烟台,None,None
2024-03-19,盘螺,Φ6,HRB400E,石横特钢,None,山东烟台,None,None
2024-03-19,盘螺,Φ8,HRB400E,莱钢永锋,None,山东烟台,None,None
2024-03-19,盘螺,Φ8,HRB400E,石横特钢,None,山东烟台,None,None
2024-03-19,盘螺,Φ8,HRB400E,日照,None,山东烟台,None,None
2024-03-19,盘螺,Φ8,HRB400E,江苏镔鑫,None,山东烟台,None,None
2024-03-19,盘螺,Φ8,HRB400E,日钢营口,None,山东烟台,None,None
2024-03-19,螺纹钢,Φ10,HRB400E,莱钢,None,山东烟台,None,None
2024-03-19,螺纹钢,Φ10,HRB400E,莱钢永锋,None,山东烟台,None,None
2024-03-19,螺纹钢,Φ10,HRB400E,石横特钢,None,山东烟台,None,None
2024-03-19,螺纹钢,Φ12,HRB400E,莱钢,None,山东烟台,None,None
2024-03-19,螺纹钢,Φ12,HRB400E,莱钢永锋,None,山东烟台,None,None
2024-03-19,螺纹钢,Φ12,HRB400E,石横特钢,None,山东烟台,None,None
2024-03-19,螺纹钢,Φ12,HRB400E,日照,None,山东烟台,None,None
2024-03-19,螺纹钢,Φ12,HRB400E,江苏镔鑫,None,山东烟台,None,None
2024-03-19,螺纹钢,Φ12-14,HRB500E,莱钢,None,山东烟台,None,None
2024-03-19,螺纹钢,Φ12-14,HRB500E,莱钢永锋,None,山东烟台,None,None
2024-03-19,螺纹钢,Φ12-14,HRB500E,石横特钢,None,山东烟台,None,None
2024-03-19,螺纹钢,Φ14,HRB400E,莱钢,None,山东烟台,None,None
2024-03-19,螺纹钢,Φ14,HRB400E,莱钢永锋,None,山东烟台,None,None
2024-03-19,螺纹钢,Φ14,HRB400E,石横特钢,None,山东烟台,None,None
2024-03-19,螺纹钢,Φ14,HRB400E,日照,None,山东烟台,None,None
2024-03-19,螺纹钢,Φ14,HRB400E,江苏镔鑫,None,山东烟台,None,None
2024-03-19,螺纹钢,Φ16,HRB400E,莱钢,None,山东烟台,None,None
2024-03-19,螺纹钢,Φ16,HRB400E,莱钢永锋,None,山东烟台,None,None
2024-03-19,螺纹钢,Φ16,HRB400E,石横特钢,None,山东烟台,None,None
2024-03-19,螺纹钢,Φ16,HRB400E,日照,None,山东烟台,None,None
2024-03-19,螺纹钢,Φ16,HRB400E,江苏镔鑫,None,山东烟台,None,None
2024-03-19,螺纹钢,Φ18,HRB400E,莱钢,None,山东烟台,None,None
2024-03-19,螺纹钢,Φ18,HRB400E,莱钢永锋,None,山东烟台,None,None
2024-03-19,螺纹钢,Φ18,HRB400E,石横特钢,None,山东烟台,None,None
2024-03-19,螺纹钢,Φ18,HRB400E,日照,None,山东烟台,None,None
2024-03-19,螺纹钢,Φ18,HRB400E,江苏镔鑫,None,山东烟台,None,None
2024-03-19,螺纹钢,Φ20,HRB400E,莱钢,None,山东烟台,None,None
2024-03-19,螺纹钢,Φ20,HRB400E,莱钢永锋,None,山东烟台,None,None
2024-03-19,螺纹钢,Φ20,HRB400E,石横特钢,None,山东烟台,None,None
2024-03-19,螺纹钢,Φ20,HRB400E,日照,None,山东烟台,None,None
2024-03-19,螺纹钢,Φ20,HRB400E,江苏镔鑫,None,山东烟台,None,None
2024-03-19,螺纹钢,Φ22,HRB400E,莱钢,None,山东烟台,None,None
2024-03-19,螺纹钢,Φ22,HRB400E,莱钢永锋,None,山东烟台,None,None
2024-03-19,螺纹钢,Φ22,HRB400E,石横特钢,None,山东烟台,None,None
2024-03-19,螺纹钢,Φ22,HRB400E,日照,None,山东烟台,None,None
2024-03-19,螺纹钢,Φ22,HRB400E,江苏镔鑫,None,山东烟台,None,None
2024-03-19,螺纹钢,Φ25,HRB400E,莱钢,None,山东烟台,None,None
2024-03-19,螺纹钢,Φ25,HRB400E,莱钢永锋,None,山东烟台,None,None
2024-03-19,螺纹钢,Φ25,HRB400E,石横特钢,None,山东烟台,None,None
2024-03-19,螺纹钢,Φ25,HRB400E,日照,None,山东烟台,None,None
2024-03-19,螺纹钢,Φ25,HRB400E,江苏镔鑫,None,山东烟台,None,None
2024-03-19,螺纹钢,Φ28-32,HRB400E,莱钢,None,山东烟台,None,None
2024-03-19,螺纹钢,Φ28-32,HRB400E,莱钢永锋,None,山东烟台,None,None
2024-03-19,螺纹钢,Φ28-32,HRB400E,石横特钢,None,山东烟台,None,None
2024-03-19,螺纹钢,Φ28-32,HRB400E,日照,None,山东烟台,None,None
2024-03-19,螺纹钢,Φ28-32,HRB400E,江苏镔鑫,None,山东烟台,None,None
2024-03-19,高线,Φ10,HPB300,莱钢永锋,None,山东烟台,None,None
2024-03-19,高线,Φ10,HPB300,石横特钢,None,山东烟台,None,None
2024-03-19,高线,Φ10,HPB300,江苏镔鑫,None,山东烟台,None,None
2024-03-19,高线,Φ12,HPB300,莱钢永锋,None,山东烟台,None,None
2024-03-19,高线,Φ12,HPB300,石横特钢,None,山东烟台,None,None
2024-03-19,高线,Φ6,HPB300,莱钢永锋,None,山东烟台,None,None
2024-03-19,高线,Φ6,HPB300,石横特钢,None,山东烟台,None,None
2024-03-19,高线,Φ6,HPB300,江苏镔鑫,None,山东烟台,None,None
2024-03-19,高线,Φ8,HPB300,莱钢永锋,None,山东烟台,None,None
2024-03-19,高线,Φ8,HPB300,石横特钢,None,山东烟台,None,None
2024-03-19,高线,Φ8,HPB300,江苏镔鑫,None,山东烟台,None,None
2024-03-18,圆钢,Φ12-22,HPB300,莱钢永锋,None,山东烟台,None,None
2024-03-18,圆钢,Φ12-22,HPB300,石横特钢,None,山东烟台,None,None
2024-03-18,圆钢,Φ25-32,HPB300,莱钢永锋,None,山东烟台,None,None
2024-03-18,圆钢,Φ25-32,HPB300,石横特钢,None,山东烟台,None,None
2024-03-18,盘螺,Φ10,HRB400E,莱钢永锋,None,山东烟台,None,None
2024-03-18,盘螺,Φ10,HRB400E,石横特钢,None,山东烟台,None,None
2024-03-18,盘螺,Φ10,HRB400E,日照,None,山东烟台,None,None
2024-03-18,盘螺,Φ10,HRB400E,江苏镔鑫,None,山东烟台,None,None
2024-03-18,盘螺,Φ10,HRB400E,日钢营口,None,山东烟台,None,None
2024-03-18,盘螺,Φ12,HRB400E,莱钢永锋,None,山东烟台,None,None
2024-03-18,盘螺,Φ12,HRB400E,石横特钢,None,山东烟台,None,None
2024-03-18,盘螺,Φ6,HRB400E,莱钢永锋,None,山东烟台,None,None
2024-03-18,盘螺,Φ6,HRB400E,石横特钢,None,山东烟台,None,None
2024-03-18,盘螺,Φ8,HRB400E,莱钢永锋,None,山东烟台,None,None
2024-03-18,盘螺,Φ8,HRB400E,石横特钢,None,山东烟台,None,None
2024-03-18,盘螺,Φ8,HRB400E,日照,None,山东烟台,None,None
2024-03-18,盘螺,Φ8,HRB400E,江苏镔鑫,None,山东烟台,None,None
2024-03-18,盘螺,Φ8,HRB400E,日钢营口,None,山东烟台,None,None
2024-03-18,螺纹钢,Φ10,HRB400E,莱钢,None,山东烟台,None,None
2024-03-18,螺纹钢,Φ10,HRB400E,莱钢永锋,None,山东烟台,None,None
2024-03-18,螺纹钢,Φ10,HRB400E,石横特钢,None,山东烟台,None,None
2024-03-18,螺纹钢,Φ12,HRB400E,莱钢,None,山东烟台,None,None
2024-03-18,螺纹钢,Φ12,HRB400E,莱钢永锋,None,山东烟台,None,None
2024-03-18,螺纹钢,Φ12,HRB400E,石横特钢,None,山东烟台,None,None
2024-03-18,螺纹钢,Φ12,HRB400E,日照,None,山东烟台,None,None
2024-03-18,螺纹钢,Φ12,HRB400E,江苏镔鑫,None,山东烟台,None,None
2024-03-18,螺纹钢,Φ12-14,HRB500E,莱钢,None,山东烟台,None,None
2024-03-18,螺纹钢,Φ12-14,HRB500E,莱钢永锋,None,山东烟台,None,None
2024-03-18,螺纹钢,Φ12-14,HRB500E,石横特钢,None,山东烟台,None,None
2024-03-18,螺纹钢,Φ14,HRB400E,莱钢,None,山东烟台,None,None
2024-03-18,螺纹钢,Φ14,HRB400E,莱钢永锋,None,山东烟台,None,None
2024-03-18,螺纹钢,Φ14,HRB400E,石横特钢,None,山东烟台,None,None
2024-03-18,螺纹钢,Φ14,HRB400E,日照,None,山东烟台,None,None
2024-03-18,螺纹钢,Φ14,HRB400E,江苏镔鑫,None,山东烟台,None,None
2024-03-18,螺纹钢,Φ16,HRB400E,莱钢,None,山东烟台,None,None
2024-03-18,螺纹钢,Φ16,HRB400E,莱钢永锋,None,山东烟台,None,None
2024-03-18,螺纹钢,Φ16,HRB400E,石横特钢,None,山东烟台,None,None
2024-03-18,螺纹钢,Φ16,HRB400E,日照,None,山东烟台,None,None
2024-03-18,螺纹钢,Φ16,HRB400E,江苏镔鑫,None,山东烟台,None,None
2024-03-18,螺纹钢,Φ18,HRB400E,莱钢,None,山东烟台,None,None
2024-03-18,螺纹钢,Φ18,HRB400E,莱钢永锋,None,山东烟台,None,None
2024-03-18,螺纹钢,Φ18,HRB400E,石横特钢,None,山东烟台,None,None
2024-03-18,螺纹钢,Φ18,HRB400E,日照,None,山东烟台,None,None
2024-03-18,螺纹钢,Φ18,HRB400E,江苏镔鑫,None,山东烟台,None,None
2024-03-18,螺纹钢,Φ20,HRB400E,莱钢,None,山东烟台,None,None
2024-03-18,螺纹钢,Φ20,HRB400E,莱钢永锋,None,山东烟台,None,None
2024-03-18,螺纹钢,Φ20,HRB400E,石横特钢,None,山东烟台,None,None
2024-03-18,螺纹钢,Φ20,HRB400E,日照,None,山东烟台,None,None
2024-03-18,螺纹钢,Φ20,HRB400E,江苏镔鑫,None,山东烟台,None,None
2024-03-18,螺纹钢,Φ22,HRB400E,莱钢,None,山东烟台,None,None
2024-03-18,螺纹钢,Φ22,HRB400E,莱钢永锋,None,山东烟台,None,None
2024-03-18,螺纹钢,Φ22,HRB400E,石横特钢,None,山东烟台,None,None
2024-03-18,螺纹钢,Φ22,HRB400E,日照,None,山东烟台,None,None
2024-03-18,螺纹钢,Φ22,HRB400E,江苏镔鑫,None,山东烟台,None,None
2024-03-18,螺纹钢,Φ25,HRB400E,莱钢,None,山东烟台,None,None
2024-03-18,螺纹钢,Φ25,HRB400E,莱钢永锋,None,山东烟台,None,None
2024-03-18,螺纹钢,Φ25,HRB400E,石横特钢,None,山东烟台,None,None
2024-03-18,螺纹钢,Φ25,HRB400E,日照,None,山东烟台,None,None
2024-03-18,螺纹钢,Φ25,HRB400E,江苏镔鑫,None,山东烟台,None,None
2024-03-18,螺纹钢,Φ28-32,HRB400E,莱钢,None,山东烟台,None,None
2024-03-18,螺纹钢,Φ28-32,HRB400E,莱钢永锋,None,山东烟台,None,None
2024-03-18,螺纹钢,Φ28-32,HRB400E,石横特钢,None,山东烟台,None,None
2024-03-18,螺纹钢,Φ28-32,HRB400E,日照,None,山东烟台,None,None
2024-03-18,螺纹钢,Φ28-32,HRB400E,江苏镔鑫,None,山东烟台,None,None
2024-03-18,高线,Φ10,HPB300,莱钢永锋,None,山东烟台,None,None
2024-03-18,高线,Φ10,HPB300,石横特钢,None,山东烟台,None,None
2024-03-18,高线,Φ10,HPB300,江苏镔鑫,None,山东烟台,None,None
2024-03-18,高线,Φ12,HPB300,莱钢永锋,None,山东烟台,None,None
2024-03-18,高线,Φ12,HPB300,石横特钢,None,山东烟台,None,None
2024-03-18,高线,Φ6,HPB300,莱钢永锋,None,山东烟台,None,None
2024-03-18,高线,Φ6,HPB300,石横特钢,None,山东烟台,None,None
2024-03-18,高线,Φ6,HPB300,江苏镔鑫,None,山东烟台,None,None
2024-03-18,高线,Φ8,HPB300,莱钢永锋,None,山东烟台,None,None
2024-03-18,高线,Φ8,HPB300,石横特钢,None,山东烟台,None,None
2024-03-18,高线,Φ8,HPB300,江苏镔鑫,None,山东烟台,None,None
2024-03-15,圆钢,Φ12-22,HPB300,莱钢永锋,None,山东烟台,None,None
2024-03-15,圆钢,Φ12-22,HPB300,石横特钢,None,山东烟台,None,None
2024-03-15,圆钢,Φ25-32,HPB300,莱钢永锋,None,山东烟台,None,None
2024-03-15,圆钢,Φ25-32,HPB300,石横特钢,None,山东烟台,None,None
2024-03-15,盘螺,Φ10,HRB400E,莱钢永锋,None,山东烟台,None,None
2024-03-15,盘螺,Φ10,HRB400E,石横特钢,None,山东烟台,None,None
2024-03-15,盘螺,Φ10,HRB400E,日照,None,山东烟台,None,None
2024-03-15,盘螺,Φ10,HRB400E,江苏镔鑫,None,山东烟台,None,None
2024-03-15,盘螺,Φ10,HRB400E,日钢营口,None,山东烟台,None,None
2024-03-15,盘螺,Φ12,HRB400E,莱钢永锋,None,山东烟台,None,None
2024-03-15,盘螺,Φ12,HRB400E,石横特钢,None,山东烟台,None,None
2024-03-15,盘螺,Φ6,HRB400E,莱钢永锋,None,山东烟台,None,None
2024-03-15,盘螺,Φ6,HRB400E,石横特钢,None,山东烟台,None,None
2024-03-15,盘螺,Φ8,HRB400E,莱钢永锋,None,山东烟台,None,None
2024-03-15,盘螺,Φ8,HRB400E,石横特钢,None,山东烟台,None,None
2024-03-15,盘螺,Φ8,HRB400E,日照,None,山东烟台,None,None
2024-03-15,盘螺,Φ8,HRB400E,江苏镔鑫,None,山东烟台,None,None
2024-03-15,盘螺,Φ8,HRB400E,日钢营口,None,山东烟台,None,None
2024-03-15,螺纹钢,Φ10,HRB400E,莱钢,None,山东烟台,None,None
2024-03-15,螺纹钢,Φ10,HRB400E,莱钢永锋,None,山东烟台,None,None
2024-03-15,螺纹钢,Φ10,HRB400E,石横特钢,None,山东烟台,None,None
2024-03-15,螺纹钢,Φ12,HRB400E,莱钢,None,山东烟台,None,None
2024-03-15,螺纹钢,Φ12,HRB400E,莱钢永锋,None,山东烟台,None,None
2024-03-15,螺纹钢,Φ12,HRB400E,石横特钢,None,山东烟台,None,None
2024-03-15,螺纹钢,Φ12,HRB400E,日照,None,山东烟台,None,None
2024-03-15,螺纹钢,Φ12,HRB400E,江苏镔鑫,None,山东烟台,None,None
2024-03-15,螺纹钢,Φ12-14,HRB500E,莱钢,None,山东烟台,None,None
2024-03-15,螺纹钢,Φ12-14,HRB500E,莱钢永锋,None,山东烟台,None,None
2024-03-15,螺纹钢,Φ12-14,HRB500E,石横特钢,None,山东烟台,None,None
2024-03-15,螺纹钢,Φ14,HRB400E,莱钢,None,山东烟台,None,None
2024-03-15,螺纹钢,Φ14,HRB400E,莱钢永锋,None,山东烟台,None,None
2024-03-15,螺纹钢,Φ14,HRB400E,石横特钢,None,山东烟台,None,None
2024-03-15,螺纹钢,Φ14,HRB400E,日照,None,山东烟台,None,None
2024-03-15,螺纹钢,Φ14,HRB400E,江苏镔鑫,None,山东烟台,None,None
2024-03-15,螺纹钢,Φ16,HRB400E,莱钢,None,山东烟台,None,None
2024-03-15,螺纹钢,Φ16,HRB400E,莱钢永锋,None,山东烟台,None,None
2024-03-15,螺纹钢,Φ16,HRB400E,石横特钢,None,山东烟台,None,None
2024-03-15,螺纹钢,Φ16,HRB400E,日照,None,山东烟台,None,None
2024-03-15,螺纹钢,Φ16,HRB400E,江苏镔鑫,None,山东烟台,None,None
2024-03-15,螺纹钢,Φ18,HRB400E,莱钢,None,山东烟台,None,None
2024-03-15,螺纹钢,Φ18,HRB400E,莱钢永锋,None,山东烟台,None,None
2024-03-15,螺纹钢,Φ18,HRB400E,石横特钢,None,山东烟台,None,None
2024-03-15,螺纹钢,Φ18,HRB400E,日照,None,山东烟台,None,None
2024-03-15,螺纹钢,Φ18,HRB400E,江苏镔鑫,None,山东烟台,None,None
2024-03-15,螺纹钢,Φ20,HRB400E,莱钢,None,山东烟台,None,None
2024-03-15,螺纹钢,Φ20,HRB400E,莱钢永锋,None,山东烟台,None,None
2024-03-15,螺纹钢,Φ20,HRB400E,石横特钢,None,山东烟台,None,None
2024-03-15,螺纹钢,Φ20,HRB400E,日照,None,山东烟台,None,None
2024-03-15,螺纹钢,Φ20,HRB400E,江苏镔鑫,None,山东烟台,None,None
2024-03-15,螺纹钢,Φ22,HRB400E,莱钢,None,山东烟台,None,None
2024-03-15,螺纹钢,Φ22,HRB400E,莱钢永锋,None,山东烟台,None,None
2024-03-15,螺纹钢,Φ22,HRB400E,石横特钢,None,山东烟台,None,None
2024-03-15,螺纹钢,Φ22,HRB400E,日照,None,山东烟台,None,None
2024-03-15,螺纹钢,Φ22,HRB400E,江苏镔鑫,None,山东烟台,None,None
2024-03-15,螺纹钢,Φ25,HRB400E,莱钢,None,山东烟台,None,None
2024-03-15,螺纹钢,Φ25,HRB400E,莱钢永锋,None,山东烟台,None,None
2024-03-15,螺纹钢,Φ25,HRB400E,石横特钢,None,山东烟台,None,None
2024-03-15,螺纹钢,Φ25,HRB400E,日照,None,山东烟台,None,None
2024-03-15,螺纹钢,Φ25,HRB400E,江苏镔鑫,None,山东烟台,None,None
2024-03-15,螺纹钢,Φ28-32,HRB400E,莱钢,None,山东烟台,None,None
2024-03-15,螺纹钢,Φ28-32,HRB400E,莱钢永锋,None,山东烟台,None,None
2024-03-15,螺纹钢,Φ28-32,HRB400E,石横特钢,None,山东烟台,None,None
2024-03-15,螺纹钢,Φ28-32,HRB400E,日照,None,山东烟台,None,None
2024-03-15,螺纹钢,Φ28-32,HRB400E,江苏镔鑫,None,山东烟台,None,None
2024-03-15,高线,Φ10,HPB300,莱钢永锋,None,山东烟台,None,None
2024-03-15,高线,Φ10,HPB300,石横特钢,None,山东烟台,None,None
2024-03-15,高线,Φ10,HPB300,江苏镔鑫,None,山东烟台,None,None
2024-03-15,高线,Φ12,HPB300,莱钢永锋,None,山东烟台,None,None
2024-03-15,高线,Φ12,HPB300,石横特钢,None,山东烟台,None,None
2024-03-15,高线,Φ6,HPB300,莱钢永锋,None,山东烟台,None,None
2024-03-15,高线,Φ6,HPB300,石横特钢,None,山东烟台,None,None
2024-03-15,高线,Φ6,HPB300,江苏镔鑫,None,山东烟台,None,None
2024-03-15,高线,Φ8,HPB300,莱钢永锋,None,山东烟台,None,None
2024-03-15,高线,Φ8,HPB300,石横特钢,None,山东烟台,None,None
2024-03-15,高线,Φ8,HPB300,江苏镔鑫,None,山东烟台,None,None
2024-03-14,圆钢,Φ12-22,HPB300,莱钢永锋,None,山东烟台,None,None
2024-03-14,圆钢,Φ12-22,HPB300,石横特钢,None,山东烟台,None,None
2024-03-14,圆钢,Φ25-32,HPB300,莱钢永锋,None,山东烟台,None,None
2024-03-14,圆钢,Φ25-32,HPB300,石横特钢,None,山东烟台,None,None
2024-03-14,盘螺,Φ10,HRB400E,莱钢永锋,None,山东烟台,None,None
2024-03-14,盘螺,Φ10,HRB400E,石横特钢,None,山东烟台,None,None
2024-03-14,盘螺,Φ10,HRB400E,日照,None,山东烟台,None,None
2024-03-14,盘螺,Φ10,HRB400E,江苏镔鑫,None,山东烟台,None,None
2024-03-14,盘螺,Φ10,HRB400E,日钢营口,None,山东烟台,None,None
2024-03-14,盘螺,Φ12,HRB400E,莱钢永锋,None,山东烟台,None,None
2024-03-14,盘螺,Φ12,HRB400E,石横特钢,None,山东烟台,None,None
2024-03-14,盘螺,Φ6,HRB400E,莱钢永锋,None,山东烟台,None,None
2024-03-14,盘螺,Φ6,HRB400E,石横特钢,None,山东烟台,None,None
2024-03-14,盘螺,Φ8,HRB400E,莱钢永锋,None,山东烟台,None,None
2024-03-14,盘螺,Φ8,HRB400E,石横特钢,None,山东烟台,None,None
2024-03-14,盘螺,Φ8,HRB400E,日照,None,山东烟台,None,None
2024-03-14,盘螺,Φ8,HRB400E,江苏镔鑫,None,山东烟台,None,None
2024-03-14,盘螺,Φ8,HRB400E,日钢营口,None,山东烟台,None,None
2024-03-14,螺纹钢,Φ10,HRB400E,莱钢,None,山东烟台,None,None
2024-03-14,螺纹钢,Φ10,HRB400E,莱钢永锋,None,山东烟台,None,None
2024-03-14,螺纹钢,Φ10,HRB400E,石横特钢,None,山东烟台,None,None
2024-03-14,螺纹钢,Φ12,HRB400E,莱钢,None,山东烟台,None,None
2024-03-14,螺纹钢,Φ12,HRB400E,莱钢永锋,None,山东烟台,None,None
2024-03-14,螺纹钢,Φ12,HRB400E,石横特钢,None,山东烟台,None,None
2024-03-14,螺纹钢,Φ12,HRB400E,日照,None,山东烟台,None,None
2024-03-14,螺纹钢,Φ12,HRB400E,江苏镔鑫,None,山东烟台,None,None
2024-03-14,螺纹钢,Φ12-14,HRB500E,莱钢,None,山东烟台,None,None
2024-03-14,螺纹钢,Φ12-14,HRB500E,莱钢永锋,None,山东烟台,None,None
2024-03-14,螺纹钢,Φ12-14,HRB500E,石横特钢,None,山东烟台,None,None
2024-03-14,螺纹钢,Φ14,HRB400E,莱钢,None,山东烟台,None,None
2024-03-14,螺纹钢,Φ14,HRB400E,莱钢永锋,None,山东烟台,None,None
2024-03-14,螺纹钢,Φ14,HRB400E,石横特钢,None,山东烟台,None,None
2024-03-14,螺纹钢,Φ14,HRB400E,日照,None,山东烟台,None,None
2024-03-14,螺纹钢,Φ14,HRB400E,江苏镔鑫,None,山东烟台,None,None
2024-03-14,螺纹钢,Φ16,HRB400E,莱钢,None,山东烟台,None,None
2024-03-14,螺纹钢,Φ16,HRB400E,莱钢永锋,None,山东烟台,None,None
2024-03-14,螺纹钢,Φ16,HRB400E,石横特钢,None,山东烟台,None,None
2024-03-14,螺纹钢,Φ16,HRB400E,日照,None,山东烟台,None,None
2024-03-14,螺纹钢,Φ16,HRB400E,江苏镔鑫,None,山东烟台,None,None
2024-03-14,螺纹钢,Φ18,HRB400E,莱钢,None,山东烟台,None,None
2024-03-14,螺纹钢,Φ18,HRB400E,莱钢永锋,None,山东烟台,None,None
2024-03-14,螺纹钢,Φ18,HRB400E,石横特钢,None,山东烟台,None,None
2024-03-14,螺纹钢,Φ18,HRB400E,日照,None,山东烟台,None,None
2024-03-14,螺纹钢,Φ18,HRB400E,江苏镔鑫,None,山东烟台,None,None
2024-03-14,螺纹钢,Φ20,HRB400E,莱钢,None,山东烟台,None,None
2024-03-14,螺纹钢,Φ20,HRB400E,莱钢永锋,None,山东烟台,None,None
2024-03-14,螺纹钢,Φ20,HRB400E,石横特钢,None,山东烟台,None,None
2024-03-14,螺纹钢,Φ20,HRB400E,日照,None,山东烟台,None,None
2024-03-14,螺纹钢,Φ20,HRB400E,江苏镔鑫,None,山东烟台,None,None
2024-03-14,螺纹钢,Φ22,HRB400E,莱钢,None,山东烟台,None,None
2024-03-14,螺纹钢,Φ22,HRB400E,莱钢永锋,None,山东烟台,None,None
2024-03-14,螺纹钢,Φ22,HRB400E,石横特钢,None,山东烟台,None,None
2024-03-14,螺纹钢,Φ22,HRB400E,日照,None,山东烟台,None,None
2024-03-14,螺纹钢,Φ22,HRB400E,江苏镔鑫,None,山东烟台,None,None
2024-03-14,螺纹钢,Φ25,HRB400E,莱钢,None,山东烟台,None,None
2024-03-14,螺纹钢,Φ25,HRB400E,莱钢永锋,None,山东烟台,None,None
2024-03-14,螺纹钢,Φ25,HRB400E,石横特钢,None,山东烟台,None,None
2024-03-14,螺纹钢,Φ25,HRB400E,日照,None,山东烟台,None,None
2024-03-14,螺纹钢,Φ25,HRB400E,江苏镔鑫,None,山东烟台,None,None
2024-03-14,螺纹钢,Φ28-32,HRB400E,莱钢,None,山东烟台,None,None
2024-03-14,螺纹钢,Φ28-32,HRB400E,莱钢永锋,None,山东烟台,None,None
2024-03-14,螺纹钢,Φ28-32,HRB400E,石横特钢,None,山东烟台,None,None
2024-03-14,螺纹钢,Φ28-32,HRB400E,日照,None,山东烟台,None,None
2024-03-14,螺纹钢,Φ28-32,HRB400E,江苏镔鑫,None,山东烟台,None,None
2024-03-14,高线,Φ10,HPB300,莱钢永锋,None,山东烟台,None,None
2024-03-14,高线,Φ10,HPB300,石横特钢,None,山东烟台,None,None
2024-03-14,高线,Φ10,HPB300,江苏镔鑫,None,山东烟台,None,None
2024-03-14,高线,Φ12,HPB300,莱钢永锋,None,山东烟台,None,None
2024-03-14,高线,Φ12,HPB300,石横特钢,None,山东烟台,None,None
2024-03-14,高线,Φ6,HPB300,莱钢永锋,None,山东烟台,None,None
2024-03-14,高线,Φ6,HPB300,石横特钢,None,山东烟台,None,None
2024-03-14,高线,Φ6,HPB300,江苏镔鑫,None,山东烟台,None,None
2024-03-14,高线,Φ8,HPB300,莱钢永锋,None,山东烟台,None,None
2024-03-14,高线,Φ8,HPB300,石横特钢,None,山东烟台,None,None
2024-03-14,高线,Φ8,HPB300,江苏镔鑫,None,山东烟台,None,None
2024-03-13,圆钢,Φ12-22,HPB300,莱钢永锋,None,山东烟台,None,None
2024-03-13,圆钢,Φ12-22,HPB300,石横特钢,None,山东烟台,None,None
2024-03-13,圆钢,Φ25-32,HPB300,莱钢永锋,None,山东烟台,None,None
2024-03-13,圆钢,Φ25-32,HPB300,石横特钢,None,山东烟台,None,None
2024-03-13,盘螺,Φ10,HRB400E,莱钢永锋,None,山东烟台,None,None
2024-03-13,盘螺,Φ10,HRB400E,石横特钢,None,山东烟台,None,None
2024-03-13,盘螺,Φ10,HRB400E,日照,None,山东烟台,None,None
2024-03-13,盘螺,Φ10,HRB400E,江苏镔鑫,None,山东烟台,None,None
2024-03-13,盘螺,Φ10,HRB400E,日钢营口,None,山东烟台,None,None
2024-03-13,盘螺,Φ12,HRB400E,莱钢永锋,None,山东烟台,None,None
2024-03-13,盘螺,Φ12,HRB400E,石横特钢,None,山东烟台,None,None
2024-03-13,盘螺,Φ6,HRB400E,莱钢永锋,None,山东烟台,None,None
2024-03-13,盘螺,Φ6,HRB400E,石横特钢,None,山东烟台,None,None
2024-03-13,盘螺,Φ8,HRB400E,莱钢永锋,None,山东烟台,None,None
2024-03-13,盘螺,Φ8,HRB400E,石横特钢,None,山东烟台,None,None
2024-03-13,盘螺,Φ8,HRB400E,日照,None,山东烟台,None,None
2024-03-13,盘螺,Φ8,HRB400E,江苏镔鑫,None,山东烟台,None,None
2024-03-13,盘螺,Φ8,HRB400E,日钢营口,None,山东烟台,None,None
2024-03-13,螺纹钢,Φ10,HRB400E,莱钢,None,山东烟台,None,None
2024-03-13,螺纹钢,Φ10,HRB400E,莱钢永锋,None,山东烟台,None,None
2024-03-13,螺纹钢,Φ10,HRB400E,石横特钢,None,山东烟台,None,None
2024-03-13,螺纹钢,Φ12,HRB400E,莱钢,None,山东烟台,None,None
2024-03-13,螺纹钢,Φ12,HRB400E,莱钢永锋,None,山东烟台,None,None
2024-03-13,螺纹钢,Φ12,HRB400E,石横特钢,None,山东烟台,None,None
2024-03-13,螺纹钢,Φ12,HRB400E,日照,None,山东烟台,None,None
2024-03-13,螺纹钢,Φ12,HRB400E,江苏镔鑫,None,山东烟台,None,None
2024-03-13,螺纹钢,Φ12-14,HRB500E,莱钢,None,山东烟台,None,None
2024-03-13,螺纹钢,Φ12-14,HRB500E,莱钢永锋,None,山东烟台,None,None
2024-03-13,螺纹钢,Φ12-14,HRB500E,石横特钢,None,山东烟台,None,None
2024-03-13,螺纹钢,Φ14,HRB400E,莱钢,None,山东烟台,None,None
2024-03-13,螺纹钢,Φ14,HRB400E,莱钢永锋,None,山东烟台,None,None
2024-03-13,螺纹钢,Φ14,HRB400E,石横特钢,None,山东烟台,None,None
2024-03-13,螺纹钢,Φ14,HRB400E,日照,None,山东烟台,None,None
2024-03-13,螺纹钢,Φ14,HRB400E,江苏镔鑫,None,山东烟台,None,None
2024-03-13,螺纹钢,Φ16,HRB400E,莱钢,None,山东烟台,None,None
2024-03-13,螺纹钢,Φ16,HRB400E,莱钢永锋,None,山东烟台,None,None
2024-03-13,螺纹钢,Φ16,HRB400E,石横特钢,None,山东烟台,None,None
2024-03-13,螺纹钢,Φ16,HRB400E,日照,None,山东烟台,None,None
2024-03-13,螺纹钢,Φ16,HRB400E,江苏镔鑫,None,山东烟台,None,None
2024-03-13,螺纹钢,Φ18,HRB400E,莱钢,None,山东烟台,None,None
2024-03-13,螺纹钢,Φ18,HRB400E,莱钢永锋,None,山东烟台,None,None
2024-03-13,螺纹钢,Φ18,HRB400E,石横特钢,None,山东烟台,None,None
2024-03-13,螺纹钢,Φ18,HRB400E,日照,None,山东烟台,None,None
2024-03-13,螺纹钢,Φ18,HRB400E,江苏镔鑫,None,山东烟台,None,None
2024-03-13,螺纹钢,Φ20,HRB400E,莱钢,None,山东烟台,None,None
2024-03-13,螺纹钢,Φ20,HRB400E,莱钢永锋,None,山东烟台,None,None
2024-03-13,螺纹钢,Φ20,HRB400E,石横特钢,None,山东烟台,None,None
2024-03-13,螺纹钢,Φ20,HRB400E,日照,None,山东烟台,None,None
2024-03-13,螺纹钢,Φ20,HRB400E,江苏镔鑫,None,山东烟台,None,None
2024-03-13,螺纹钢,Φ22,HRB400E,莱钢,None,山东烟台,None,None
2024-03-13,螺纹钢,Φ22,HRB400E,莱钢永锋,None,山东烟台,None,None
2024-03-13,螺纹钢,Φ22,HRB400E,石横特钢,None,山东烟台,None,None
2024-03-13,螺纹钢,Φ22,HRB400E,日照,None,山东烟台,None,None
2024-03-13,螺纹钢,Φ22,HRB400E,江苏镔鑫,None,山东烟台,None,None
2024-03-13,螺纹钢,Φ25,HRB400E,莱钢,None,山东烟台,None,None
2024-03-13,螺纹钢,Φ25,HRB400E,莱钢永锋,None,山东烟台,None,None
2024-03-13,螺纹钢,Φ25,HRB400E,石横特钢,None,山东烟台,None,None
2024-03-13,螺纹钢,Φ25,HRB400E,日照,None,山东烟台,None,None
2024-03-13,螺纹钢,Φ25,HRB400E,江苏镔鑫,None,山东烟台,None,None
2024-03-13,螺纹钢,Φ28-32,HRB400E,莱钢,None,山东烟台,None,None
2024-03-13,螺纹钢,Φ28-32,HRB400E,莱钢永锋,None,山东烟台,None,None
2024-03-13,螺纹钢,Φ28-32,HRB400E,石横特钢,None,山东烟台,None,None
2024-03-13,螺纹钢,Φ28-32,HRB400E,日照,None,山东烟台,None,None
2024-03-13,螺纹钢,Φ28-32,HRB400E,江苏镔鑫,None,山东烟台,None,None
2024-03-13,高线,Φ10,HPB300,莱钢永锋,None,山东烟台,None,None
2024-03-13,高线,Φ10,HPB300,石横特钢,None,山东烟台,None,None
2024-03-13,高线,Φ10,HPB300,江苏镔鑫,None,山东烟台,None,None
2024-03-13,高线,Φ12,HPB300,莱钢永锋,None,山东烟台,None,None
2024-03-13,高线,Φ12,HPB300,石横特钢,None,山东烟台,None,None
2024-03-13,高线,Φ6,HPB300,莱钢永锋,None,山东烟台,None,None
2024-03-13,高线,Φ6,HPB300,石横特钢,None,山东烟台,None,None
2024-03-13,高线,Φ6,HPB300,江苏镔鑫,None,山东烟台,None,None
2024-03-13,高线,Φ8,HPB300,莱钢永锋,None,山东烟台,None,None
2024-03-13,高线,Φ8,HPB300,石横特钢,None,山东烟台,None,None
2024-03-13,高线,Φ8,HPB300,江苏镔鑫,None,山东烟台,None,None
2024-03-12,圆钢,Φ12-22,HPB300,莱钢永锋,None,山东烟台,None,None
2024-03-12,圆钢,Φ12-22,HPB300,石横特钢,None,山东烟台,None,None
2024-03-12,圆钢,Φ25-32,HPB300,莱钢永锋,None,山东烟台,None,None
2024-03-12,圆钢,Φ25-32,HPB300,石横特钢,None,山东烟台,None,None
2024-03-12,盘螺,Φ10,HRB400E,莱钢永锋,None,山东烟台,None,None
2024-03-12,盘螺,Φ10,HRB400E,石横特钢,None,山东烟台,None,None
2024-03-12,盘螺,Φ10,HRB400E,日照,None,山东烟台,None,None
2024-03-12,盘螺,Φ10,HRB400E,江苏镔鑫,None,山东烟台,None,None
2024-03-12,盘螺,Φ10,HRB400E,日钢营口,None,山东烟台,None,None
2024-03-12,盘螺,Φ12,HRB400E,莱钢永锋,None,山东烟台,None,None
2024-03-12,盘螺,Φ12,HRB400E,石横特钢,None,山东烟台,None,None
2024-03-12,盘螺,Φ6,HRB400E,莱钢永锋,None,山东烟台,None,None
2024-03-12,盘螺,Φ6,HRB400E,石横特钢,None,山东烟台,None,None
2024-03-12,盘螺,Φ8,HRB400E,莱钢永锋,None,山东烟台,None,None
2024-03-12,盘螺,Φ8,HRB400E,石横特钢,None,山东烟台,None,None
2024-03-12,盘螺,Φ8,HRB400E,日照,None,山东烟台,None,None
2024-03-12,盘螺,Φ8,HRB400E,江苏镔鑫,None,山东烟台,None,None
2024-03-12,盘螺,Φ8,HRB400E,日钢营口,None,山东烟台,None,None
2024-03-12,螺纹钢,Φ10,HRB400E,莱钢,None,山东烟台,None,None
2024-03-12,螺纹钢,Φ10,HRB400E,莱钢永锋,None,山东烟台,None,None
2024-03-12,螺纹钢,Φ10,HRB400E,石横特钢,None,山东烟台,None,None
2024-03-12,螺纹钢,Φ12,HRB400E,莱钢,None,山东烟台,None,None
2024-03-12,螺纹钢,Φ12,HRB400E,莱钢永锋,None,山东烟台,None,None
2024-03-12,螺纹钢,Φ12,HRB400E,石横特钢,None,山东烟台,None,None
2024-03-12,螺纹钢,Φ12,HRB400E,日照,None,山东烟台,None,None
2024-03-12,螺纹钢,Φ12,HRB400E,江苏镔鑫,None,山东烟台,None,None
2024-03-12,螺纹钢,Φ12-14,HRB500E,莱钢,None,山东烟台,None,None
2024-03-12,螺纹钢,Φ12-14,HRB500E,莱钢永锋,None,山东烟台,None,None
2024-03-12,螺纹钢,Φ12-14,HRB500E,石横特钢,None,山东烟台,None,None
2024-03-12,螺纹钢,Φ14,HRB400E,莱钢,None,山东烟台,None,None
2024-03-12,螺纹钢,Φ14,HRB400E,莱钢永锋,None,山东烟台,None,None
2024-03-12,螺纹钢,Φ14,HRB400E,石横特钢,None,山东烟台,None,None
2024-03-12,螺纹钢,Φ14,HRB400E,日照,None,山东烟台,None,None
2024-03-12,螺纹钢,Φ14,HRB400E,江苏镔鑫,None,山东烟台,None,None
2024-03-12,螺纹钢,Φ16,HRB400E,莱钢,None,山东烟台,None,None
2024-03-12,螺纹钢,Φ16,HRB400E,莱钢永锋,None,山东烟台,None,None
2024-03-12,螺纹钢,Φ16,HRB400E,石横特钢,None,山东烟台,None,None
2024-03-12,螺纹钢,Φ16,HRB400E,日照,None,山东烟台,None,None
2024-03-12,螺纹钢,Φ16,HRB400E,江苏镔鑫,None,山东烟台,None,None
2024-03-12,螺纹钢,Φ18,HRB400E,莱钢,None,山东烟台,None,None
2024-03-12,螺纹钢,Φ18,HRB400E,莱钢永锋,None,山东烟台,None,None
2024-03-12,螺纹钢,Φ18,HRB400E,石横特钢,None,山东烟台,None,None
2024-03-12,螺纹钢,Φ18,HRB400E,日照,None,山东烟台,None,None
2024-03-12,螺纹钢,Φ18,HRB400E,江苏镔鑫,None,山东烟台,None,None
2024-03-12,螺纹钢,Φ20,HRB400E,莱钢,None,山东烟台,None,None
2024-03-12,螺纹钢,Φ20,HRB400E,莱钢永锋,None,山东烟台,None,None
2024-03-12,螺纹钢,Φ20,HRB400E,石横特钢,None,山东烟台,None,None
2024-03-12,螺纹钢,Φ20,HRB400E,日照,None,山东烟台,None,None
2024-03-12,螺纹钢,Φ20,HRB400E,江苏镔鑫,None,山东烟台,None,None
2024-03-12,螺纹钢,Φ22,HRB400E,莱钢,None,山东烟台,None,None
2024-03-12,螺纹钢,Φ22,HRB400E,莱钢永锋,None,山东烟台,None,None
2024-03-12,螺纹钢,Φ22,HRB400E,石横特钢,None,山东烟台,None,None
2024-03-12,螺纹钢,Φ22,HRB400E,日照,None,山东烟台,None,None
2024-03-12,螺纹钢,Φ22,HRB400E,江苏镔鑫,None,山东烟台,None,None
2024-03-12,螺纹钢,Φ25,HRB400E,莱钢,None,山东烟台,None,None
2024-03-12,螺纹钢,Φ25,HRB400E,莱钢永锋,None,山东烟台,None,None
2024-03-12,螺纹钢,Φ25,HRB400E,石横特钢,None,山东烟台,None,None
2024-03-12,螺纹钢,Φ25,HRB400E,日照,None,山东烟台,None,None
2024-03-12,螺纹钢,Φ25,HRB400E,江苏镔鑫,None,山东烟台,None,None
2024-03-12,螺纹钢,Φ28-32,HRB400E,莱钢,None,山东烟台,None,None
2024-03-12,螺纹钢,Φ28-32,HRB400E,莱钢永锋,None,山东烟台,None,None
2024-03-12,螺纹钢,Φ28-32,HRB400E,石横特钢,None,山东烟台,None,None
2024-03-12,螺纹钢,Φ28-32,HRB400E,日照,None,山东烟台,None,None
2024-03-12,螺纹钢,Φ28-32,HRB400E,江苏镔鑫,None,山东烟台,None,None
2024-03-12,高线,Φ10,HPB300,莱钢永锋,None,山东烟台,None,None
2024-03-12,高线,Φ10,HPB300,石横特钢,None,山东烟台,None,None
2024-03-12,高线,Φ10,HPB300,江苏镔鑫,None,山东烟台,None,None
2024-03-12,高线,Φ12,HPB300,莱钢永锋,None,山东烟台,None,None
2024-03-12,高线,Φ12,HPB300,石横特钢,None,山东烟台,None,None
2024-03-12,高线,Φ6,HPB300,莱钢永锋,None,山东烟台,None,None
2024-03-12,高线,Φ6,HPB300,石横特钢,None,山东烟台,None,None
2024-03-12,高线,Φ6,HPB300,江苏镔鑫,None,山东烟台,None,None
2024-03-12,高线,Φ8,HPB300,莱钢永锋,None,山东烟台,None,None
2024-03-12,高线,Φ8,HPB300,石横特钢,None,山东烟台,None,None
2024-03-12,高线,Φ8,HPB300,江苏镔鑫,None,山东烟台,None,None
2024-03-11,圆钢,Φ12-22,HPB300,莱钢永锋,None,山东烟台,None,None
2024-03-11,圆钢,Φ12-22,HPB300,石横特钢,None,山东烟台,None,None
2024-03-11,圆钢,Φ25-32,HPB300,莱钢永锋,None,山东烟台,None,None
2024-03-11,圆钢,Φ25-32,HPB300,石横特钢,None,山东烟台,None,None
2024-03-11,盘螺,Φ10,HRB400E,莱钢永锋,None,山东烟台,None,None
2024-03-11,盘螺,Φ10,HRB400E,石横特钢,None,山东烟台,None,None
2024-03-11,盘螺,Φ10,HRB400E,日照,None,山东烟台,None,None
2024-03-11,盘螺,Φ10,HRB400E,江苏镔鑫,None,山东烟台,None,None
2024-03-11,盘螺,Φ10,HRB400E,日钢营口,None,山东烟台,None,None
2024-03-11,盘螺,Φ12,HRB400E,莱钢永锋,None,山东烟台,None,None
2024-03-11,盘螺,Φ12,HRB400E,石横特钢,None,山东烟台,None,None
2024-03-11,盘螺,Φ6,HRB400E,莱钢永锋,None,山东烟台,None,None
2024-03-11,盘螺,Φ6,HRB400E,石横特钢,None,山东烟台,None,None
2024-03-11,盘螺,Φ8,HRB400E,莱钢永锋,None,山东烟台,None,None
2024-03-11,盘螺,Φ8,HRB400E,石横特钢,None,山东烟台,None,None
2024-03-11,盘螺,Φ8,HRB400E,日照,None,山东烟台,None,None
2024-03-11,盘螺,Φ8,HRB400E,江苏镔鑫,None,山东烟台,None,None
2024-03-11,盘螺,Φ8,HRB400E,日钢营口,None,山东烟台,None,None
2024-03-11,螺纹钢,Φ10,HRB400E,莱钢,None,山东烟台,None,None
2024-03-11,螺纹钢,Φ10,HRB400E,莱钢永锋,None,山东烟台,None,None
2024-03-11,螺纹钢,Φ10,HRB400E,石横特钢,None,山东烟台,None,None
2024-03-11,螺纹钢,Φ12,HRB400E,莱钢,None,山东烟台,None,None
2024-03-11,螺纹钢,Φ12,HRB400E,莱钢永锋,None,山东烟台,None,None
2024-03-11,螺纹钢,Φ12,HRB400E,石横特钢,None,山东烟台,None,None
2024-03-11,螺纹钢,Φ12,HRB400E,日照,None,山东烟台,None,None
2024-03-11,螺纹钢,Φ12,HRB400E,江苏镔鑫,None,山东烟台,None,None
2024-03-11,螺纹钢,Φ12-14,HRB500E,莱钢,None,山东烟台,None,None
2024-03-11,螺纹钢,Φ12-14,HRB500E,莱钢永锋,None,山东烟台,None,None
2024-03-11,螺纹钢,Φ12-14,HRB500E,石横特钢,None,山东烟台,None,None
2024-03-11,螺纹钢,Φ14,HRB400E,莱钢,None,山东烟台,None,None
2024-03-11,螺纹钢,Φ14,HRB400E,莱钢永锋,None,山东烟台,None,None
2024-03-11,螺纹钢,Φ14,HRB400E,石横特钢,None,山东烟台,None,None
2024-03-11,螺纹钢,Φ14,HRB400E,日照,None,山东烟台,None,None
2024-03-11,螺纹钢,Φ14,HRB400E,江苏镔鑫,None,山东烟台,None,None
2024-03-11,螺纹钢,Φ16,HRB400E,莱钢,None,山东烟台,None,None
2024-03-11,螺纹钢,Φ16,HRB400E,莱钢永锋,None,山东烟台,None,None
2024-03-11,螺纹钢,Φ16,HRB400E,石横特钢,None,山东烟台,None,None
2024-03-11,螺纹钢,Φ16,HRB400E,日照,None,山东烟台,None,None
2024-03-11,螺纹钢,Φ16,HRB400E,江苏镔鑫,None,山东烟台,None,None
2024-03-11,螺纹钢,Φ18,HRB400E,莱钢,None,山东烟台,None,None
2024-03-11,螺纹钢,Φ18,HRB400E,莱钢永锋,None,山东烟台,None,None
2024-03-11,螺纹钢,Φ18,HRB400E,石横特钢,None,山东烟台,None,None
2024-03-11,螺纹钢,Φ18,HRB400E,日照,None,山东烟台,None,None
2024-03-11,螺纹钢,Φ18,HRB400E,江苏镔鑫,None,山东烟台,None,None
2024-03-11,螺纹钢,Φ20,HRB400E,莱钢,None,山东烟台,None,None
2024-03-11,螺纹钢,Φ20,HRB400E,莱钢永锋,None,山东烟台,None,None
2024-03-11,螺纹钢,Φ20,HRB400E,石横特钢,None,山东烟台,None,None
2024-03-11,螺纹钢,Φ20,HRB400E,日照,None,山东烟台,None,None
2024-03-11,螺纹钢,Φ20,HRB400E,江苏镔鑫,None,山东烟台,None,None
2024-03-11,螺纹钢,Φ22,HRB400E,莱钢,None,山东烟台,None,None
2024-03-11,螺纹钢,Φ22,HRB400E,莱钢永锋,None,山东烟台,None,None
2024-03-11,螺纹钢,Φ22,HRB400E,石横特钢,None,山东烟台,None,None
2024-03-11,螺纹钢,Φ22,HRB400E,日照,None,山东烟台,None,None
2024-03-11,螺纹钢,Φ22,HRB400E,江苏镔鑫,None,山东烟台,None,None
2024-03-11,螺纹钢,Φ25,HRB400E,莱钢,None,山东烟台,None,None
2024-03-11,螺纹钢,Φ25,HRB400E,莱钢永锋,None,山东烟台,None,None
2024-03-11,螺纹钢,Φ25,HRB400E,石横特钢,None,山东烟台,None,None
2024-03-11,螺纹钢,Φ25,HRB400E,日照,None,山东烟台,None,None
2024-03-11,螺纹钢,Φ25,HRB400E,江苏镔鑫,None,山东烟台,None,None
2024-03-11,螺纹钢,Φ28-32,HRB400E,莱钢,None,山东烟台,None,None
2024-03-11,螺纹钢,Φ28-32,HRB400E,莱钢永锋,None,山东烟台,None,None
2024-03-11,螺纹钢,Φ28-32,HRB400E,石横特钢,None,山东烟台,None,None
2024-03-11,螺纹钢,Φ28-32,HRB400E,日照,None,山东烟台,None,None
2024-03-11,螺纹钢,Φ28-32,HRB400E,江苏镔鑫,None,山东烟台,None,None
2024-03-11,高线,Φ10,HPB300,莱钢永锋,None,山东烟台,None,None
2024-03-11,高线,Φ10,HPB300,石横特钢,None,山东烟台,None,None
2024-03-11,高线,Φ10,HPB300,江苏镔鑫,None,山东烟台,None,None
2024-03-11,高线,Φ12,HPB300,莱钢永锋,None,山东烟台,None,None
2024-03-11,高线,Φ12,HPB300,石横特钢,None,山东烟台,None,None
2024-03-11,高线,Φ6,HPB300,莱钢永锋,None,山东烟台,None,None
2024-03-11,高线,Φ6,HPB300,石横特钢,None,山东烟台,None,None
2024-03-11,高线,Φ6,HPB300,江苏镔鑫,None,山东烟台,None,None
2024-03-11,高线,Φ8,HPB300,莱钢永锋,None,山东烟台,None,None
2024-03-11,高线,Φ8,HPB300,石横特钢,None,山东烟台,None,None
2024-03-11,高线,Φ8,HPB300,江苏镔鑫,None,山东烟台,None,None
2024-03-08,圆钢,Φ12-22,HPB300,莱钢永锋,None,山东烟台,None,None
2024-03-08,圆钢,Φ12-22,HPB300,石横特钢,None,山东烟台,None,None
2024-03-08,圆钢,Φ25-32,HPB300,莱钢永锋,None,山东烟台,None,None
2024-03-08,圆钢,Φ25-32,HPB300,石横特钢,None,山东烟台,None,None
2024-03-08,盘螺,Φ10,HRB400E,莱钢永锋,None,山东烟台,None,None
2024-03-08,盘螺,Φ10,HRB400E,石横特钢,None,山东烟台,None,None
2024-03-08,盘螺,Φ10,HRB400E,日照,None,山东烟台,None,None
2024-03-08,盘螺,Φ10,HRB400E,江苏镔鑫,None,山东烟台,None,None
2024-03-08,盘螺,Φ10,HRB400E,日钢营口,None,山东烟台,None,None
2024-03-08,盘螺,Φ12,HRB400E,莱钢永锋,None,山东烟台,None,None
2024-03-08,盘螺,Φ12,HRB400E,石横特钢,None,山东烟台,None,None
2024-03-08,盘螺,Φ6,HRB400E,莱钢永锋,None,山东烟台,None,None
2024-03-08,盘螺,Φ6,HRB400E,石横特钢,None,山东烟台,None,None
2024-03-08,盘螺,Φ8,HRB400E,莱钢永锋,None,山东烟台,None,None
2024-03-08,盘螺,Φ8,HRB400E,石横特钢,None,山东烟台,None,None
2024-03-08,盘螺,Φ8,HRB400E,日照,None,山东烟台,None,None
2024-03-08,盘螺,Φ8,HRB400E,江苏镔鑫,None,山东烟台,None,None
2024-03-08,盘螺,Φ8,HRB400E,日钢营口,None,山东烟台,None,None
2024-03-08,螺纹钢,Φ10,HRB400E,莱钢,None,山东烟台,None,None
2024-03-08,螺纹钢,Φ10,HRB400E,莱钢永锋,None,山东烟台,None,None
2024-03-08,螺纹钢,Φ10,HRB400E,石横特钢,None,山东烟台,None,None
2024-03-08,螺纹钢,Φ12,HRB400E,莱钢,None,山东烟台,None,None
2024-03-08,螺纹钢,Φ12,HRB400E,莱钢永锋,None,山东烟台,None,None
2024-03-08,螺纹钢,Φ12,HRB400E,石横特钢,None,山东烟台,None,None
2024-03-08,螺纹钢,Φ12,HRB400E,日照,None,山东烟台,None,None
2024-03-08,螺纹钢,Φ12,HRB400E,江苏镔鑫,None,山东烟台,None,None
2024-03-08,螺纹钢,Φ12-14,HRB500E,莱钢,None,山东烟台,None,None
2024-03-08,螺纹钢,Φ12-14,HRB500E,莱钢永锋,None,山东烟台,None,None
2024-03-08,螺纹钢,Φ12-14,HRB500E,石横特钢,None,山东烟台,None,None
2024-03-08,螺纹钢,Φ14,HRB400E,莱钢,None,山东烟台,None,None
2024-03-08,螺纹钢,Φ14,HRB400E,莱钢永锋,None,山东烟台,None,None
2024-03-08,螺纹钢,Φ14,HRB400E,石横特钢,None,山东烟台,None,None
2024-03-08,螺纹钢,Φ14,HRB400E,日照,None,山东烟台,None,None
2024-03-08,螺纹钢,Φ14,HRB400E,江苏镔鑫,None,山东烟台,None,None
2024-03-08,螺纹钢,Φ16,HRB400E,莱钢,None,山东烟台,None,None
2024-03-08,螺纹钢,Φ16,HRB400E,莱钢永锋,None,山东烟台,None,None
2024-03-08,螺纹钢,Φ16,HRB400E,石横特钢,None,山东烟台,None,None
2024-03-08,螺纹钢,Φ16,HRB400E,日照,None,山东烟台,None,None
2024-03-08,螺纹钢,Φ16,HRB400E,江苏镔鑫,None,山东烟台,None,None
2024-03-08,螺纹钢,Φ18,HRB400E,莱钢,None,山东烟台,None,None
2024-03-08,螺纹钢,Φ18,HRB400E,莱钢永锋,None,山东烟台,None,None
2024-03-08,螺纹钢,Φ18,HRB400E,石横特钢,None,山东烟台,None,None
2024-03-08,螺纹钢,Φ18,HRB400E,日照,None,山东烟台,None,None
2024-03-08,螺纹钢,Φ18,HRB400E,江苏镔鑫,None,山东烟台,None,None
2024-03-08,螺纹钢,Φ20,HRB400E,莱钢,None,山东烟台,None,None
2024-03-08,螺纹钢,Φ20,HRB400E,莱钢永锋,None,山东烟台,None,None
2024-03-08,螺纹钢,Φ20,HRB400E,石横特钢,None,山东烟台,None,None
2024-03-08,螺纹钢,Φ20,HRB400E,日照,None,山东烟台,None,None
2024-03-08,螺纹钢,Φ20,HRB400E,江苏镔鑫,None,山东烟台,None,None
2024-03-08,螺纹钢,Φ22,HRB400E,莱钢,None,山东烟台,None,None
2024-03-08,螺纹钢,Φ22,HRB400E,莱钢永锋,None,山东烟台,None,None
2024-03-08,螺纹钢,Φ22,HRB400E,石横特钢,None,山东烟台,None,None
2024-03-08,螺纹钢,Φ22,HRB400E,日照,None,山东烟台,None,None
2024-03-08,螺纹钢,Φ22,HRB400E,江苏镔鑫,None,山东烟台,None,None
2024-03-08,螺纹钢,Φ25,HRB400E,莱钢,None,山东烟台,None,None
2024-03-08,螺纹钢,Φ25,HRB400E,莱钢永锋,None,山东烟台,None,None
2024-03-08,螺纹钢,Φ25,HRB400E,石横特钢,None,山东烟台,None,None
2024-03-08,螺纹钢,Φ25,HRB400E,日照,None,山东烟台,None,None
2024-03-08,螺纹钢,Φ25,HRB400E,江苏镔鑫,None,山东烟台,None,None
2024-03-08,螺纹钢,Φ28-32,HRB400E,莱钢,None,山东烟台,None,None
2024-03-08,螺纹钢,Φ28-32,HRB400E,莱钢永锋,None,山东烟台,None,None
2024-03-08,螺纹钢,Φ28-32,HRB400E,石横特钢,None,山东烟台,None,None
2024-03-08,螺纹钢,Φ28-32,HRB400E,日照,None,山东烟台,None,None
2024-03-08,螺纹钢,Φ28-32,HRB400E,江苏镔鑫,None,山东烟台,None,None
2024-03-08,高线,Φ10,HPB300,莱钢永锋,None,山东烟台,None,None
2024-03-08,高线,Φ10,HPB300,石横特钢,None,山东烟台,None,None
2024-03-08,高线,Φ10,HPB300,江苏镔鑫,None,山东烟台,None,None
2024-03-08,高线,Φ12,HPB300,莱钢永锋,None,山东烟台,None,None
2024-03-08,高线,Φ12,HPB300,石横特钢,None,山东烟台,None,None
2024-03-08,高线,Φ6,HPB300,莱钢永锋,None,山东烟台,None,None
2024-03-08,高线,Φ6,HPB300,石横特钢,None,山东烟台,None,None
2024-03-08,高线,Φ6,HPB300,江苏镔鑫,None,山东烟台,None,None
2024-03-08,高线,Φ8,HPB300,莱钢永锋,None,山东烟台,None,None
2024-03-08,高线,Φ8,HPB300,石横特钢,None,山东烟台,None,None
2024-03-08,高线,Φ8,HPB300,江苏镔鑫,None,山东烟台,None,None
2024-03-07,圆钢,Φ12-22,HPB300,莱钢永锋,None,山东烟台,None,None
2024-03-07,圆钢,Φ12-22,HPB300,石横特钢,None,山东烟台,None,None
2024-03-07,圆钢,Φ25-32,HPB300,莱钢永锋,None,山东烟台,None,None
2024-03-07,圆钢,Φ25-32,HPB300,石横特钢,None,山东烟台,None,None
2024-03-07,盘螺,Φ10,HRB400E,莱钢永锋,None,山东烟台,None,None
2024-03-07,盘螺,Φ10,HRB400E,石横特钢,None,山东烟台,None,None
2024-03-07,盘螺,Φ10,HRB400E,日照,None,山东烟台,None,None
2024-03-07,盘螺,Φ10,HRB400E,江苏镔鑫,None,山东烟台,None,None
2024-03-07,盘螺,Φ10,HRB400E,日钢营口,None,山东烟台,None,None
2024-03-07,盘螺,Φ12,HRB400E,莱钢永锋,None,山东烟台,None,None
2024-03-07,盘螺,Φ12,HRB400E,石横特钢,None,山东烟台,None,None
2024-03-07,盘螺,Φ6,HRB400E,莱钢永锋,None,山东烟台,None,None
2024-03-07,盘螺,Φ6,HRB400E,石横特钢,None,山东烟台,None,None
2024-03-07,盘螺,Φ8,HRB400E,莱钢永锋,None,山东烟台,None,None
2024-03-07,盘螺,Φ8,HRB400E,石横特钢,None,山东烟台,None,None
2024-03-07,盘螺,Φ8,HRB400E,日照,None,山东烟台,None,None
2024-03-07,盘螺,Φ8,HRB400E,江苏镔鑫,None,山东烟台,None,None
2024-03-07,盘螺,Φ8,HRB400E,日钢营口,None,山东烟台,None,None
2024-03-07,螺纹钢,Φ10,HRB400E,莱钢,None,山东烟台,None,None
2024-03-07,螺纹钢,Φ10,HRB400E,莱钢永锋,None,山东烟台,None,None
2024-03-07,螺纹钢,Φ10,HRB400E,石横特钢,None,山东烟台,None,None
2024-03-07,螺纹钢,Φ12,HRB400E,莱钢,None,山东烟台,None,None
2024-03-07,螺纹钢,Φ12,HRB400E,莱钢永锋,None,山东烟台,None,None
2024-03-07,螺纹钢,Φ12,HRB400E,石横特钢,None,山东烟台,None,None
2024-03-07,螺纹钢,Φ12,HRB400E,日照,None,山东烟台,None,None
2024-03-07,螺纹钢,Φ12,HRB400E,江苏镔鑫,None,山东烟台,None,None
2024-03-07,螺纹钢,Φ12-14,HRB500E,莱钢,None,山东烟台,None,None
2024-03-07,螺纹钢,Φ12-14,HRB500E,莱钢永锋,None,山东烟台,None,None
2024-03-07,螺纹钢,Φ12-14,HRB500E,石横特钢,None,山东烟台,None,None
2024-03-07,螺纹钢,Φ14,HRB400E,莱钢,None,山东烟台,None,None
2024-03-07,螺纹钢,Φ14,HRB400E,莱钢永锋,None,山东烟台,None,None
2024-03-07,螺纹钢,Φ14,HRB400E,石横特钢,None,山东烟台,None,None
2024-03-07,螺纹钢,Φ14,HRB400E,日照,None,山东烟台,None,None
2024-03-07,螺纹钢,Φ14,HRB400E,江苏镔鑫,None,山东烟台,None,None
2024-03-07,螺纹钢,Φ16,HRB400E,莱钢,None,山东烟台,None,None
2024-03-07,螺纹钢,Φ16,HRB400E,莱钢永锋,None,山东烟台,None,None
2024-03-07,螺纹钢,Φ16,HRB400E,石横特钢,None,山东烟台,None,None
2024-03-07,螺纹钢,Φ16,HRB400E,日照,None,山东烟台,None,None
2024-03-07,螺纹钢,Φ16,HRB400E,江苏镔鑫,None,山东烟台,None,None
2024-03-07,螺纹钢,Φ18,HRB400E,莱钢,None,山东烟台,None,None
2024-03-07,螺纹钢,Φ18,HRB400E,莱钢永锋,None,山东烟台,None,None
2024-03-07,螺纹钢,Φ18,HRB400E,石横特钢,None,山东烟台,None,None
2024-03-07,螺纹钢,Φ18,HRB400E,日照,None,山东烟台,None,None
2024-03-07,螺纹钢,Φ18,HRB400E,江苏镔鑫,None,山东烟台,None,None
2024-03-07,螺纹钢,Φ20,HRB400E,莱钢,None,山东烟台,None,None
2024-03-07,螺纹钢,Φ20,HRB400E,莱钢永锋,None,山东烟台,None,None
2024-03-07,螺纹钢,Φ20,HRB400E,石横特钢,None,山东烟台,None,None
2024-03-07,螺纹钢,Φ20,HRB400E,日照,None,山东烟台,None,None
2024-03-07,螺纹钢,Φ20,HRB400E,江苏镔鑫,None,山东烟台,None,None
2024-03-07,螺纹钢,Φ22,HRB400E,莱钢,None,山东烟台,None,None
2024-03-07,螺纹钢,Φ22,HRB400E,莱钢永锋,None,山东烟台,None,None
2024-03-07,螺纹钢,Φ22,HRB400E,石横特钢,None,山东烟台,None,None
2024-03-07,螺纹钢,Φ22,HRB400E,日照,None,山东烟台,None,None
2024-03-07,螺纹钢,Φ22,HRB400E,江苏镔鑫,None,山东烟台,None,None
2024-03-07,螺纹钢,Φ25,HRB400E,莱钢,None,山东烟台,None,None
2024-03-07,螺纹钢,Φ25,HRB400E,莱钢永锋,None,山东烟台,None,None
2024-03-07,螺纹钢,Φ25,HRB400E,石横特钢,None,山东烟台,None,None
2024-03-07,螺纹钢,Φ25,HRB400E,日照,None,山东烟台,None,None
2024-03-07,螺纹钢,Φ25,HRB400E,江苏镔鑫,None,山东烟台,None,None
2024-03-07,螺纹钢,Φ28-32,HRB400E,莱钢,None,山东烟台,None,None
2024-03-07,螺纹钢,Φ28-32,HRB400E,莱钢永锋,None,山东烟台,None,None
2024-03-07,螺纹钢,Φ28-32,HRB400E,石横特钢,None,山东烟台,None,None
2024-03-07,螺纹钢,Φ28-32,HRB400E,日照,None,山东烟台,None,None
2024-03-07,螺纹钢,Φ28-32,HRB400E,江苏镔鑫,None,山东烟台,None,None
2024-03-07,高线,Φ10,HPB300,莱钢永锋,None,山东烟台,None,None
2024-03-07,高线,Φ10,HPB300,石横特钢,None,山东烟台,None,None
2024-03-07,高线,Φ10,HPB300,江苏镔鑫,None,山东烟台,None,None
2024-03-07,高线,Φ12,HPB300,莱钢永锋,None,山东烟台,None,None
2024-03-07,高线,Φ12,HPB300,石横特钢,None,山东烟台,None,None
2024-03-07,高线,Φ6,HPB300,莱钢永锋,None,山东烟台,None,None
2024-03-07,高线,Φ6,HPB300,石横特钢,None,山东烟台,None,None
2024-03-07,高线,Φ6,HPB300,江苏镔鑫,None,山东烟台,None,None
2024-03-07,高线,Φ8,HPB300,莱钢永锋,None,山东烟台,None,None
2024-03-07,高线,Φ8,HPB300,石横特钢,None,山东烟台,None,None
2024-03-07,高线,Φ8,HPB300,江苏镔鑫,None,山东烟台,None,None
2024-03-06,圆钢,Φ12-22,HPB300,莱钢永锋,None,山东烟台,None,None
2024-03-06,圆钢,Φ12-22,HPB300,石横特钢,None,山东烟台,None,None
2024-03-06,圆钢,Φ25-32,HPB300,莱钢永锋,None,山东烟台,None,None
2024-03-06,圆钢,Φ25-32,HPB300,石横特钢,None,山东烟台,None,None
2024-03-06,盘螺,Φ10,HRB400E,莱钢永锋,None,山东烟台,None,None
2024-03-06,盘螺,Φ10,HRB400E,石横特钢,None,山东烟台,None,None
2024-03-06,盘螺,Φ10,HRB400E,日照,None,山东烟台,None,None
2024-03-06,盘螺,Φ10,HRB400E,江苏镔鑫,None,山东烟台,None,None
2024-03-06,盘螺,Φ10,HRB400E,日钢营口,None,山东烟台,None,None
2024-03-06,盘螺,Φ12,HRB400E,莱钢永锋,None,山东烟台,None,None
2024-03-06,盘螺,Φ12,HRB400E,石横特钢,None,山东烟台,None,None
2024-03-06,盘螺,Φ6,HRB400E,莱钢永锋,None,山东烟台,None,None
2024-03-06,盘螺,Φ6,HRB400E,石横特钢,None,山东烟台,None,None
2024-03-06,盘螺,Φ8,HRB400E,莱钢永锋,None,山东烟台,None,None
2024-03-06,盘螺,Φ8,HRB400E,石横特钢,None,山东烟台,None,None
2024-03-06,盘螺,Φ8,HRB400E,日照,None,山东烟台,None,None
2024-03-06,盘螺,Φ8,HRB400E,江苏镔鑫,None,山东烟台,None,None
2024-03-06,盘螺,Φ8,HRB400E,日钢营口,None,山东烟台,None,None
2024-03-06,螺纹钢,Φ10,HRB400E,莱钢,None,山东烟台,None,None
2024-03-06,螺纹钢,Φ10,HRB400E,莱钢永锋,None,山东烟台,None,None
2024-03-06,螺纹钢,Φ10,HRB400E,石横特钢,None,山东烟台,None,None
2024-03-06,螺纹钢,Φ12,HRB400E,莱钢,None,山东烟台,None,None
2024-03-06,螺纹钢,Φ12,HRB400E,莱钢永锋,None,山东烟台,None,None
2024-03-06,螺纹钢,Φ12,HRB400E,石横特钢,None,山东烟台,None,None
2024-03-06,螺纹钢,Φ12,HRB400E,日照,None,山东烟台,None,None
2024-03-06,螺纹钢,Φ12,HRB400E,江苏镔鑫,None,山东烟台,None,None
2024-03-06,螺纹钢,Φ12-14,HRB500E,莱钢,None,山东烟台,None,None
2024-03-06,螺纹钢,Φ12-14,HRB500E,莱钢永锋,None,山东烟台,None,None
2024-03-06,螺纹钢,Φ12-14,HRB500E,石横特钢,None,山东烟台,None,None
2024-03-06,螺纹钢,Φ14,HRB400E,莱钢,None,山东烟台,None,None
2024-03-06,螺纹钢,Φ14,HRB400E,莱钢永锋,None,山东烟台,None,None
2024-03-06,螺纹钢,Φ14,HRB400E,石横特钢,None,山东烟台,None,None
2024-03-06,螺纹钢,Φ14,HRB400E,日照,None,山东烟台,None,None
2024-03-06,螺纹钢,Φ14,HRB400E,江苏镔鑫,None,山东烟台,None,None
2024-03-06,螺纹钢,Φ16,HRB400E,莱钢,None,山东烟台,None,None
2024-03-06,螺纹钢,Φ16,HRB400E,莱钢永锋,None,山东烟台,None,None
2024-03-06,螺纹钢,Φ16,HRB400E,石横特钢,None,山东烟台,None,None
2024-03-06,螺纹钢,Φ16,HRB400E,日照,None,山东烟台,None,None
2024-03-06,螺纹钢,Φ16,HRB400E,江苏镔鑫,None,山东烟台,None,None
2024-03-06,螺纹钢,Φ18,HRB400E,莱钢,None,山东烟台,None,None
2024-03-06,螺纹钢,Φ18,HRB400E,莱钢永锋,None,山东烟台,None,None
2024-03-06,螺纹钢,Φ18,HRB400E,石横特钢,None,山东烟台,None,None
2024-03-06,螺纹钢,Φ18,HRB400E,日照,None,山东烟台,None,None
2024-03-06,螺纹钢,Φ18,HRB400E,江苏镔鑫,None,山东烟台,None,None
2024-03-06,螺纹钢,Φ20,HRB400E,莱钢,None,山东烟台,None,None
2024-03-06,螺纹钢,Φ20,HRB400E,莱钢永锋,None,山东烟台,None,None
2024-03-06,螺纹钢,Φ20,HRB400E,石横特钢,None,山东烟台,None,None
2024-03-06,螺纹钢,Φ20,HRB400E,日照,None,山东烟台,None,None
2024-03-06,螺纹钢,Φ20,HRB400E,江苏镔鑫,None,山东烟台,None,None
2024-03-06,螺纹钢,Φ22,HRB400E,莱钢,None,山东烟台,None,None
2024-03-06,螺纹钢,Φ22,HRB400E,莱钢永锋,None,山东烟台,None,None
2024-03-06,螺纹钢,Φ22,HRB400E,石横特钢,None,山东烟台,None,None
2024-03-06,螺纹钢,Φ22,HRB400E,日照,None,山东烟台,None,None
2024-03-06,螺纹钢,Φ22,HRB400E,江苏镔鑫,None,山东烟台,None,None
2024-03-06,螺纹钢,Φ25,HRB400E,莱钢,None,山东烟台,None,None
2024-03-06,螺纹钢,Φ25,HRB400E,莱钢永锋,None,山东烟台,None,None
2024-03-06,螺纹钢,Φ25,HRB400E,石横特钢,None,山东烟台,None,None
2024-03-06,螺纹钢,Φ25,HRB400E,日照,None,山东烟台,None,None
2024-03-06,螺纹钢,Φ25,HRB400E,江苏镔鑫,None,山东烟台,None,None
2024-03-06,螺纹钢,Φ28-32,HRB400E,莱钢,None,山东烟台,None,None
2024-03-06,螺纹钢,Φ28-32,HRB400E,莱钢永锋,None,山东烟台,None,None
2024-03-06,螺纹钢,Φ28-32,HRB400E,石横特钢,None,山东烟台,None,None
2024-03-06,螺纹钢,Φ28-32,HRB400E,日照,None,山东烟台,None,None
2024-03-06,螺纹钢,Φ28-32,HRB400E,江苏镔鑫,None,山东烟台,None,None
2024-03-06,高线,Φ10,HPB300,莱钢永锋,None,山东烟台,None,None
2024-03-06,高线,Φ10,HPB300,石横特钢,None,山东烟台,None,None
2024-03-06,高线,Φ10,HPB300,江苏镔鑫,None,山东烟台,None,None
2024-03-06,高线,Φ12,HPB300,莱钢永锋,None,山东烟台,None,None
2024-03-06,高线,Φ12,HPB300,石横特钢,None,山东烟台,None,None
2024-03-06,高线,Φ6,HPB300,莱钢永锋,None,山东烟台,None,None
2024-03-06,高线,Φ6,HPB300,石横特钢,None,山东烟台,None,None
2024-03-06,高线,Φ6,HPB300,江苏镔鑫,None,山东烟台,None,None
2024-03-06,高线,Φ8,HPB300,莱钢永锋,None,山东烟台,None,None
2024-03-06,高线,Φ8,HPB300,石横特钢,None,山东烟台,None,None
2024-03-06,高线,Φ8,HPB300,江苏镔鑫,None,山东烟台,None,None
2024-03-05,圆钢,Φ12-22,HPB300,莱钢永锋,None,山东烟台,None,None
2024-03-05,圆钢,Φ12-22,HPB300,石横特钢,None,山东烟台,None,None
2024-03-05,圆钢,Φ25-32,HPB300,莱钢永锋,None,山东烟台,None,None
2024-03-05,圆钢,Φ25-32,HPB300,石横特钢,None,山东烟台,None,None
2024-03-05,盘螺,Φ10,HRB400E,莱钢永锋,None,山东烟台,None,None
2024-03-05,盘螺,Φ10,HRB400E,石横特钢,None,山东烟台,None,None
2024-03-05,盘螺,Φ10,HRB400E,日照,None,山东烟台,None,None
2024-03-05,盘螺,Φ10,HRB400E,江苏镔鑫,None,山东烟台,None,None
2024-03-05,盘螺,Φ10,HRB400E,日钢营口,None,山东烟台,None,None
2024-03-05,盘螺,Φ12,HRB400E,莱钢永锋,None,山东烟台,None,None
2024-03-05,盘螺,Φ12,HRB400E,石横特钢,None,山东烟台,None,None
2024-03-05,盘螺,Φ6,HRB400E,莱钢永锋,None,山东烟台,None,None
2024-03-05,盘螺,Φ6,HRB400E,石横特钢,None,山东烟台,None,None
2024-03-05,盘螺,Φ8,HRB400E,莱钢永锋,None,山东烟台,None,None
2024-03-05,盘螺,Φ8,HRB400E,石横特钢,None,山东烟台,None,None
2024-03-05,盘螺,Φ8,HRB400E,日照,None,山东烟台,None,None
2024-03-05,盘螺,Φ8,HRB400E,江苏镔鑫,None,山东烟台,None,None
2024-03-05,盘螺,Φ8,HRB400E,日钢营口,None,山东烟台,None,None
2024-03-05,螺纹钢,Φ10,HRB400E,莱钢,None,山东烟台,None,None
2024-03-05,螺纹钢,Φ10,HRB400E,莱钢永锋,None,山东烟台,None,None
2024-03-05,螺纹钢,Φ10,HRB400E,石横特钢,None,山东烟台,None,None
2024-03-05,螺纹钢,Φ12,HRB400E,莱钢,None,山东烟台,None,None
2024-03-05,螺纹钢,Φ12,HRB400E,莱钢永锋,None,山东烟台,None,None
2024-03-05,螺纹钢,Φ12,HRB400E,石横特钢,None,山东烟台,None,None
2024-03-05,螺纹钢,Φ12,HRB400E,日照,None,山东烟台,None,None
2024-03-05,螺纹钢,Φ12,HRB400E,江苏镔鑫,None,山东烟台,None,None
2024-03-05,螺纹钢,Φ12-14,HRB500E,莱钢,None,山东烟台,None,None
2024-03-05,螺纹钢,Φ12-14,HRB500E,莱钢永锋,None,山东烟台,None,None
2024-03-05,螺纹钢,Φ12-14,HRB500E,石横特钢,None,山东烟台,None,None
2024-03-05,螺纹钢,Φ14,HRB400E,莱钢,None,山东烟台,None,None
2024-03-05,螺纹钢,Φ14,HRB400E,莱钢永锋,None,山东烟台,None,None
2024-03-05,螺纹钢,Φ14,HRB400E,石横特钢,None,山东烟台,None,None
2024-03-05,螺纹钢,Φ14,HRB400E,日照,None,山东烟台,None,None
2024-03-05,螺纹钢,Φ14,HRB400E,江苏镔鑫,None,山东烟台,None,None
2024-03-05,螺纹钢,Φ16,HRB400E,莱钢,None,山东烟台,None,None
2024-03-05,螺纹钢,Φ16,HRB400E,莱钢永锋,None,山东烟台,None,None
2024-03-05,螺纹钢,Φ16,HRB400E,石横特钢,None,山东烟台,None,None
2024-03-05,螺纹钢,Φ16,HRB400E,日照,None,山东烟台,None,None
2024-03-05,螺纹钢,Φ16,HRB400E,江苏镔鑫,None,山东烟台,None,None
2024-03-05,螺纹钢,Φ18,HRB400E,莱钢,None,山东烟台,None,None
2024-03-05,螺纹钢,Φ18,HRB400E,莱钢永锋,None,山东烟台,None,None
2024-03-05,螺纹钢,Φ18,HRB400E,石横特钢,None,山东烟台,None,None
2024-03-05,螺纹钢,Φ18,HRB400E,日照,None,山东烟台,None,None
2024-03-05,螺纹钢,Φ18,HRB400E,江苏镔鑫,None,山东烟台,None,None
2024-03-05,螺纹钢,Φ20,HRB400E,莱钢,None,山东烟台,None,None
2024-03-05,螺纹钢,Φ20,HRB400E,莱钢永锋,None,山东烟台,None,None
2024-03-05,螺纹钢,Φ20,HRB400E,石横特钢,None,山东烟台,None,None
2024-03-05,螺纹钢,Φ20,HRB400E,日照,None,山东烟台,None,None
2024-03-05,螺纹钢,Φ20,HRB400E,江苏镔鑫,None,山东烟台,None,None
2024-03-05,螺纹钢,Φ22,HRB400E,莱钢,None,山东烟台,None,None
2024-03-05,螺纹钢,Φ22,HRB400E,莱钢永锋,None,山东烟台,None,None
2024-03-05,螺纹钢,Φ22,HRB400E,石横特钢,None,山东烟台,None,None
2024-03-05,螺纹钢,Φ22,HRB400E,日照,None,山东烟台,None,None
2024-03-05,螺纹钢,Φ22,HRB400E,江苏镔鑫,None,山东烟台,None,None
2024-03-05,螺纹钢,Φ25,HRB400E,莱钢,None,山东烟台,None,None
2024-03-05,螺纹钢,Φ25,HRB400E,莱钢永锋,None,山东烟台,None,None
2024-03-05,螺纹钢,Φ25,HRB400E,石横特钢,None,山东烟台,None,None
2024-03-05,螺纹钢,Φ25,HRB400E,日照,None,山东烟台,None,None
2024-03-05,螺纹钢,Φ25,HRB400E,江苏镔鑫,None,山东烟台,None,None
2024-03-05,螺纹钢,Φ28-32,HRB400E,莱钢,None,山东烟台,None,None
2024-03-05,螺纹钢,Φ28-32,HRB400E,莱钢永锋,None,山东烟台,None,None
2024-03-05,螺纹钢,Φ28-32,HRB400E,石横特钢,None,山东烟台,None,None
2024-03-05,螺纹钢,Φ28-32,HRB400E,日照,None,山东烟台,None,None
2024-03-05,螺纹钢,Φ28-32,HRB400E,江苏镔鑫,None,山东烟台,None,None
2024-03-05,高线,Φ10,HPB300,莱钢永锋,None,山东烟台,None,None
2024-03-05,高线,Φ10,HPB300,石横特钢,None,山东烟台,None,None
2024-03-05,高线,Φ10,HPB300,江苏镔鑫,None,山东烟台,None,None
2024-03-05,高线,Φ12,HPB300,莱钢永锋,None,山东烟台,None,None
2024-03-05,高线,Φ12,HPB300,石横特钢,None,山东烟台,None,None
2024-03-05,高线,Φ6,HPB300,莱钢永锋,None,山东烟台,None,None
2024-03-05,高线,Φ6,HPB300,石横特钢,None,山东烟台,None,None
2024-03-05,高线,Φ6,HPB300,江苏镔鑫,None,山东烟台,None,None
2024-03-05,高线,Φ8,HPB300,莱钢永锋,None,山东烟台,None,None
2024-03-05,高线,Φ8,HPB300,石横特钢,None,山东烟台,None,None
2024-03-05,高线,Φ8,HPB300,江苏镔鑫,None,山东烟台,None,None
2024-03-04,圆钢,Φ12-22,HPB300,莱钢永锋,None,山东烟台,None,None
2024-03-04,圆钢,Φ12-22,HPB300,石横特钢,None,山东烟台,None,None
2024-03-04,圆钢,Φ25-32,HPB300,莱钢永锋,None,山东烟台,None,None
2024-03-04,圆钢,Φ25-32,HPB300,石横特钢,None,山东烟台,None,None
2024-03-04,盘螺,Φ10,HRB400E,莱钢永锋,None,山东烟台,None,None
2024-03-04,盘螺,Φ10,HRB400E,石横特钢,None,山东烟台,None,None
2024-03-04,盘螺,Φ10,HRB400E,日照,None,山东烟台,None,None
2024-03-04,盘螺,Φ10,HRB400E,江苏镔鑫,None,山东烟台,None,None
2024-03-04,盘螺,Φ10,HRB400E,日钢营口,None,山东烟台,None,None
2024-03-04,盘螺,Φ12,HRB400E,莱钢永锋,None,山东烟台,None,None
2024-03-04,盘螺,Φ12,HRB400E,石横特钢,None,山东烟台,None,None
2024-03-04,盘螺,Φ6,HRB400E,莱钢永锋,None,山东烟台,None,None
2024-03-04,盘螺,Φ6,HRB400E,石横特钢,None,山东烟台,None,None
2024-03-04,盘螺,Φ8,HRB400E,莱钢永锋,None,山东烟台,None,None
2024-03-04,盘螺,Φ8,HRB400E,石横特钢,None,山东烟台,None,None
2024-03-04,盘螺,Φ8,HRB400E,日照,None,山东烟台,None,None
2024-03-04,盘螺,Φ8,HRB400E,江苏镔鑫,None,山东烟台,None,None
2024-03-04,盘螺,Φ8,HRB400E,日钢营口,None,山东烟台,None,None
2024-03-04,螺纹钢,Φ10,HRB400E,莱钢,None,山东烟台,None,None
2024-03-04,螺纹钢,Φ10,HRB400E,莱钢永锋,None,山东烟台,None,None
2024-03-04,螺纹钢,Φ10,HRB400E,石横特钢,None,山东烟台,None,None
2024-03-04,螺纹钢,Φ12,HRB400E,莱钢,None,山东烟台,None,None
2024-03-04,螺纹钢,Φ12,HRB400E,莱钢永锋,None,山东烟台,None,None
2024-03-04,螺纹钢,Φ12,HRB400E,石横特钢,None,山东烟台,None,None
2024-03-04,螺纹钢,Φ12,HRB400E,日照,None,山东烟台,None,None
2024-03-04,螺纹钢,Φ12,HRB400E,江苏镔鑫,None,山东烟台,None,None
2024-03-04,螺纹钢,Φ12-14,HRB500E,莱钢,None,山东烟台,None,None
2024-03-04,螺纹钢,Φ12-14,HRB500E,莱钢永锋,None,山东烟台,None,None
2024-03-04,螺纹钢,Φ12-14,HRB500E,石横特钢,None,山东烟台,None,None
2024-03-04,螺纹钢,Φ14,HRB400E,莱钢,None,山东烟台,None,None
2024-03-04,螺纹钢,Φ14,HRB400E,莱钢永锋,None,山东烟台,None,None
2024-03-04,螺纹钢,Φ14,HRB400E,石横特钢,None,山东烟台,None,None
2024-03-04,螺纹钢,Φ14,HRB400E,日照,None,山东烟台,None,None
2024-03-04,螺纹钢,Φ14,HRB400E,江苏镔鑫,None,山东烟台,None,None
2024-03-04,螺纹钢,Φ16,HRB400E,莱钢,None,山东烟台,None,None
2024-03-04,螺纹钢,Φ16,HRB400E,莱钢永锋,None,山东烟台,None,None
2024-03-04,螺纹钢,Φ16,HRB400E,石横特钢,None,山东烟台,None,None
2024-03-04,螺纹钢,Φ16,HRB400E,日照,None,山东烟台,None,None
2024-03-04,螺纹钢,Φ16,HRB400E,江苏镔鑫,None,山东烟台,None,None
2024-03-04,螺纹钢,Φ18,HRB400E,莱钢,None,山东烟台,None,None
2024-03-04,螺纹钢,Φ18,HRB400E,莱钢永锋,None,山东烟台,None,None
2024-03-04,螺纹钢,Φ18,HRB400E,石横特钢,None,山东烟台,None,None
2024-03-04,螺纹钢,Φ18,HRB400E,日照,None,山东烟台,None,None
2024-03-04,螺纹钢,Φ18,HRB400E,江苏镔鑫,None,山东烟台,None,None
2024-03-04,螺纹钢,Φ20,HRB400E,莱钢,None,山东烟台,None,None
2024-03-04,螺纹钢,Φ20,HRB400E,莱钢永锋,None,山东烟台,None,None
2024-03-04,螺纹钢,Φ20,HRB400E,石横特钢,None,山东烟台,None,None
2024-03-04,螺纹钢,Φ20,HRB400E,日照,None,山东烟台,None,None
2024-03-04,螺纹钢,Φ20,HRB400E,江苏镔鑫,None,山东烟台,None,None
2024-03-04,螺纹钢,Φ22,HRB400E,莱钢,None,山东烟台,None,None
2024-03-04,螺纹钢,Φ22,HRB400E,莱钢永锋,None,山东烟台,None,None
2024-03-04,螺纹钢,Φ22,HRB400E,石横特钢,None,山东烟台,None,None
2024-03-04,螺纹钢,Φ22,HRB400E,日照,None,山东烟台,None,None
2024-03-04,螺纹钢,Φ22,HRB400E,江苏镔鑫,None,山东烟台,None,None
2024-03-04,螺纹钢,Φ25,HRB400E,莱钢,None,山东烟台,None,None
2024-03-04,螺纹钢,Φ25,HRB400E,莱钢永锋,None,山东烟台,None,None
2024-03-04,螺纹钢,Φ25,HRB400E,石横特钢,None,山东烟台,None,None
2024-03-04,螺纹钢,Φ25,HRB400E,日照,None,山东烟台,None,None
2024-03-04,螺纹钢,Φ25,HRB400E,江苏镔鑫,None,山东烟台,None,None
2024-03-04,螺纹钢,Φ28-32,HRB400E,莱钢,None,山东烟台,None,None
2024-03-04,螺纹钢,Φ28-32,HRB400E,莱钢永锋,None,山东烟台,None,None
2024-03-04,螺纹钢,Φ28-32,HRB400E,石横特钢,None,山东烟台,None,None
2024-03-04,螺纹钢,Φ28-32,HRB400E,日照,None,山东烟台,None,None
2024-03-04,螺纹钢,Φ28-32,HRB400E,江苏镔鑫,None,山东烟台,None,None
2024-03-04,高线,Φ10,HPB300,莱钢永锋,None,山东烟台,None,None
2024-03-04,高线,Φ10,HPB300,石横特钢,None,山东烟台,None,None
2024-03-04,高线,Φ10,HPB300,江苏镔鑫,None,山东烟台,None,None
2024-03-04,高线,Φ12,HPB300,莱钢永锋,None,山东烟台,None,None
2024-03-04,高线,Φ12,HPB300,石横特钢,None,山东烟台,None,None
2024-03-04,高线,Φ6,HPB300,莱钢永锋,None,山东烟台,None,None
2024-03-04,高线,Φ6,HPB300,石横特钢,None,山东烟台,None,None
2024-03-04,高线,Φ6,HPB300,江苏镔鑫,None,山东烟台,None,None
2024-03-04,高线,Φ8,HPB300,莱钢永锋,None,山东烟台,None,None
2024-03-04,高线,Φ8,HPB300,石横特钢,None,山东烟台,None,None
2024-03-04,高线,Φ8,HPB300,江苏镔鑫,None,山东烟台,None,None
2024-03-01,圆钢,Φ12-22,HPB300,莱钢永锋,None,山东烟台,None,None
2024-03-01,圆钢,Φ12-22,HPB300,石横特钢,None,山东烟台,None,None
2024-03-01,圆钢,Φ25-32,HPB300,莱钢永锋,None,山东烟台,None,None
2024-03-01,圆钢,Φ25-32,HPB300,石横特钢,None,山东烟台,None,None
2024-03-01,盘螺,Φ10,HRB400E,莱钢永锋,None,山东烟台,None,None
2024-03-01,盘螺,Φ10,HRB400E,石横特钢,None,山东烟台,None,None
2024-03-01,盘螺,Φ10,HRB400E,日照,None,山东烟台,None,None
2024-03-01,盘螺,Φ10,HRB400E,江苏镔鑫,None,山东烟台,None,None
2024-03-01,盘螺,Φ10,HRB400E,日钢营口,None,山东烟台,None,None
2024-03-01,盘螺,Φ12,HRB400E,莱钢永锋,None,山东烟台,None,None
2024-03-01,盘螺,Φ12,HRB400E,石横特钢,None,山东烟台,None,None
2024-03-01,盘螺,Φ6,HRB400E,莱钢永锋,None,山东烟台,None,None
2024-03-01,盘螺,Φ6,HRB400E,石横特钢,None,山东烟台,None,None
2024-03-01,盘螺,Φ8,HRB400E,莱钢永锋,None,山东烟台,None,None
2024-03-01,盘螺,Φ8,HRB400E,石横特钢,None,山东烟台,None,None
2024-03-01,盘螺,Φ8,HRB400E,日照,None,山东烟台,None,None
2024-03-01,盘螺,Φ8,HRB400E,江苏镔鑫,None,山东烟台,None,None
2024-03-01,盘螺,Φ8,HRB400E,日钢营口,None,山东烟台,None,None
2024-03-01,螺纹钢,Φ10,HRB400E,莱钢,None,山东烟台,None,None
2024-03-01,螺纹钢,Φ10,HRB400E,莱钢永锋,None,山东烟台,None,None
2024-03-01,螺纹钢,Φ10,HRB400E,石横特钢,None,山东烟台,None,None
2024-03-01,螺纹钢,Φ12,HRB400E,莱钢,None,山东烟台,None,None
2024-03-01,螺纹钢,Φ12,HRB400E,莱钢永锋,None,山东烟台,None,None
2024-03-01,螺纹钢,Φ12,HRB400E,石横特钢,None,山东烟台,None,None
2024-03-01,螺纹钢,Φ12,HRB400E,日照,None,山东烟台,None,None
2024-03-01,螺纹钢,Φ12,HRB400E,江苏镔鑫,None,山东烟台,None,None
2024-03-01,螺纹钢,Φ12-14,HRB500E,莱钢,None,山东烟台,None,None
2024-03-01,螺纹钢,Φ12-14,HRB500E,莱钢永锋,None,山东烟台,None,None
2024-03-01,螺纹钢,Φ12-14,HRB500E,石横特钢,None,山东烟台,None,None
2024-03-01,螺纹钢,Φ14,HRB400E,莱钢,None,山东烟台,None,None
2024-03-01,螺纹钢,Φ14,HRB400E,莱钢永锋,None,山东烟台,None,None
2024-03-01,螺纹钢,Φ14,HRB400E,石横特钢,None,山东烟台,None,None
2024-03-01,螺纹钢,Φ14,HRB400E,日照,None,山东烟台,None,None
2024-03-01,螺纹钢,Φ14,HRB400E,江苏镔鑫,None,山东烟台,None,None
2024-03-01,螺纹钢,Φ16,HRB400E,莱钢,None,山东烟台,None,None
2024-03-01,螺纹钢,Φ16,HRB400E,莱钢永锋,None,山东烟台,None,None
2024-03-01,螺纹钢,Φ16,HRB400E,石横特钢,None,山东烟台,None,None
2024-03-01,螺纹钢,Φ16,HRB400E,日照,None,山东烟台,None,None
2024-03-01,螺纹钢,Φ16,HRB400E,江苏镔鑫,None,山东烟台,None,None
2024-03-01,螺纹钢,Φ18,HRB400E,莱钢,None,山东烟台,None,None
2024-03-01,螺纹钢,Φ18,HRB400E,莱钢永锋,None,山东烟台,None,None
2024-03-01,螺纹钢,Φ18,HRB400E,石横特钢,None,山东烟台,None,None
2024-03-01,螺纹钢,Φ18,HRB400E,日照,None,山东烟台,None,None
2024-03-01,螺纹钢,Φ18,HRB400E,江苏镔鑫,None,山东烟台,None,None
2024-03-01,螺纹钢,Φ20,HRB400E,莱钢,None,山东烟台,None,None
2024-03-01,螺纹钢,Φ20,HRB400E,莱钢永锋,None,山东烟台,None,None
2024-03-01,螺纹钢,Φ20,HRB400E,石横特钢,None,山东烟台,None,None
2024-03-01,螺纹钢,Φ20,HRB400E,日照,None,山东烟台,None,None
2024-03-01,螺纹钢,Φ20,HRB400E,江苏镔鑫,None,山东烟台,None,None
2024-03-01,螺纹钢,Φ22,HRB400E,莱钢,None,山东烟台,None,None
2024-03-01,螺纹钢,Φ22,HRB400E,莱钢永锋,None,山东烟台,None,None
2024-03-01,螺纹钢,Φ22,HRB400E,石横特钢,None,山东烟台,None,None
2024-03-01,螺纹钢,Φ22,HRB400E,日照,None,山东烟台,None,None
2024-03-01,螺纹钢,Φ22,HRB400E,江苏镔鑫,None,山东烟台,None,None
2024-03-01,螺纹钢,Φ25,HRB400E,莱钢,None,山东烟台,None,None
2024-03-01,螺纹钢,Φ25,HRB400E,莱钢永锋,None,山东烟台,None,None
2024-03-01,螺纹钢,Φ25,HRB400E,石横特钢,None,山东烟台,None,None
2024-03-01,螺纹钢,Φ25,HRB400E,日照,None,山东烟台,None,None
2024-03-01,螺纹钢,Φ25,HRB400E,江苏镔鑫,None,山东烟台,None,None
2024-03-01,螺纹钢,Φ28-32,HRB400E,莱钢,None,山东烟台,None,None
2024-03-01,螺纹钢,Φ28-32,HRB400E,莱钢永锋,None,山东烟台,None,None
2024-03-01,螺纹钢,Φ28-32,HRB400E,石横特钢,None,山东烟台,None,None
2024-03-01,螺纹钢,Φ28-32,HRB400E,日照,None,山东烟台,None,None
2024-03-01,螺纹钢,Φ28-32,HRB400E,江苏镔鑫,None,山东烟台,None,None
2024-03-01,高线,Φ10,HPB300,莱钢永锋,None,山东烟台,None,None
2024-03-01,高线,Φ10,HPB300,石横特钢,None,山东烟台,None,None
2024-03-01,高线,Φ10,HPB300,江苏镔鑫,None,山东烟台,None,None
2024-03-01,高线,Φ12,HPB300,莱钢永锋,None,山东烟台,None,None
2024-03-01,高线,Φ12,HPB300,石横特钢,None,山东烟台,None,None
2024-03-01,高线,Φ6,HPB300,莱钢永锋,None,山东烟台,None,None
2024-03-01,高线,Φ6,HPB300,石横特钢,None,山东烟台,None,None
2024-03-01,高线,Φ6,HPB300,江苏镔鑫,None,山东烟台,None,None
2024-03-01,高线,Φ8,HPB300,莱钢永锋,None,山东烟台,None,None
2024-03-01,高线,Φ8,HPB300,石横特钢,None,山东烟台,None,None
2024-03-01,高线,Φ8,HPB300,江苏镔鑫,None,山东烟台,None,None
2024-02-29,圆钢,Φ12-22,HPB300,莱钢永锋,None,山东烟台,None,None
2024-02-29,圆钢,Φ12-22,HPB300,石横特钢,None,山东烟台,None,None
2024-02-29,圆钢,Φ25-32,HPB300,莱钢永锋,None,山东烟台,None,None
2024-02-29,圆钢,Φ25-32,HPB300,石横特钢,None,山东烟台,None,None
2024-02-29,盘螺,Φ10,HRB400E,莱钢永锋,None,山东烟台,None,None
2024-02-29,盘螺,Φ10,HRB400E,石横特钢,None,山东烟台,None,None
2024-02-29,盘螺,Φ10,HRB400E,日照,None,山东烟台,None,None
2024-02-29,盘螺,Φ10,HRB400E,江苏镔鑫,None,山东烟台,None,None
2024-02-29,盘螺,Φ10,HRB400E,日钢营口,None,山东烟台,None,None
2024-02-29,盘螺,Φ12,HRB400E,莱钢永锋,None,山东烟台,None,None
2024-02-29,盘螺,Φ12,HRB400E,石横特钢,None,山东烟台,None,None
2024-02-29,盘螺,Φ6,HRB400E,莱钢永锋,None,山东烟台,None,None
2024-02-29,盘螺,Φ6,HRB400E,石横特钢,None,山东烟台,None,None
2024-02-29,盘螺,Φ8,HRB400E,莱钢永锋,None,山东烟台,None,None
2024-02-29,盘螺,Φ8,HRB400E,石横特钢,None,山东烟台,None,None
2024-02-29,盘螺,Φ8,HRB400E,日照,None,山东烟台,None,None
2024-02-29,盘螺,Φ8,HRB400E,江苏镔鑫,None,山东烟台,None,None
2024-02-29,盘螺,Φ8,HRB400E,日钢营口,None,山东烟台,None,None
2024-02-29,螺纹钢,Φ10,HRB400E,莱钢,None,山东烟台,None,None
2024-02-29,螺纹钢,Φ10,HRB400E,莱钢永锋,None,山东烟台,None,None
2024-02-29,螺纹钢,Φ10,HRB400E,石横特钢,None,山东烟台,None,None
2024-02-29,螺纹钢,Φ12,HRB400E,莱钢,None,山东烟台,None,None
2024-02-29,螺纹钢,Φ12,HRB400E,莱钢永锋,None,山东烟台,None,None
2024-02-29,螺纹钢,Φ12,HRB400E,石横特钢,None,山东烟台,None,None
2024-02-29,螺纹钢,Φ12,HRB400E,日照,None,山东烟台,None,None
2024-02-29,螺纹钢,Φ12,HRB400E,江苏镔鑫,None,山东烟台,None,None
2024-02-29,螺纹钢,Φ12-14,HRB500E,莱钢,None,山东烟台,None,None
2024-02-29,螺纹钢,Φ12-14,HRB500E,莱钢永锋,None,山东烟台,None,None
2024-02-29,螺纹钢,Φ12-14,HRB500E,石横特钢,None,山东烟台,None,None
2024-02-29,螺纹钢,Φ14,HRB400E,莱钢,None,山东烟台,None,None
2024-02-29,螺纹钢,Φ14,HRB400E,莱钢永锋,None,山东烟台,None,None
2024-02-29,螺纹钢,Φ14,HRB400E,石横特钢,None,山东烟台,None,None
2024-02-29,螺纹钢,Φ14,HRB400E,日照,None,山东烟台,None,None
2024-02-29,螺纹钢,Φ14,HRB400E,江苏镔鑫,None,山东烟台,None,None
2024-02-29,螺纹钢,Φ16,HRB400E,莱钢,None,山东烟台,None,None
2024-02-29,螺纹钢,Φ16,HRB400E,莱钢永锋,None,山东烟台,None,None
2024-02-29,螺纹钢,Φ16,HRB400E,石横特钢,None,山东烟台,None,None
2024-02-29,螺纹钢,Φ16,HRB400E,日照,None,山东烟台,None,None
2024-02-29,螺纹钢,Φ16,HRB400E,江苏镔鑫,None,山东烟台,None,None
2024-02-29,螺纹钢,Φ18,HRB400E,莱钢,None,山东烟台,None,None
2024-02-29,螺纹钢,Φ18,HRB400E,莱钢永锋,None,山东烟台,None,None
2024-02-29,螺纹钢,Φ18,HRB400E,石横特钢,None,山东烟台,None,None
2024-02-29,螺纹钢,Φ18,HRB400E,日照,None,山东烟台,None,None
2024-02-29,螺纹钢,Φ18,HRB400E,江苏镔鑫,None,山东烟台,None,None
2024-02-29,螺纹钢,Φ20,HRB400E,莱钢,None,山东烟台,None,None
2024-02-29,螺纹钢,Φ20,HRB400E,莱钢永锋,None,山东烟台,None,None
2024-02-29,螺纹钢,Φ20,HRB400E,石横特钢,None,山东烟台,None,None
2024-02-29,螺纹钢,Φ20,HRB400E,日照,None,山东烟台,None,None
2024-02-29,螺纹钢,Φ20,HRB400E,江苏镔鑫,None,山东烟台,None,None
2024-02-29,螺纹钢,Φ22,HRB400E,莱钢,None,山东烟台,None,None
2024-02-29,螺纹钢,Φ22,HRB400E,莱钢永锋,None,山东烟台,None,None
2024-02-29,螺纹钢,Φ22,HRB400E,石横特钢,None,山东烟台,None,None
2024-02-29,螺纹钢,Φ22,HRB400E,日照,None,山东烟台,None,None
2024-02-29,螺纹钢,Φ22,HRB400E,江苏镔鑫,None,山东烟台,None,None
2024-02-29,螺纹钢,Φ25,HRB400E,莱钢,None,山东烟台,None,None
2024-02-29,螺纹钢,Φ25,HRB400E,莱钢永锋,None,山东烟台,None,None
2024-02-29,螺纹钢,Φ25,HRB400E,石横特钢,None,山东烟台,None,None
2024-02-29,螺纹钢,Φ25,HRB400E,日照,None,山东烟台,None,None
2024-02-29,螺纹钢,Φ25,HRB400E,江苏镔鑫,None,山东烟台,None,None
2024-02-29,螺纹钢,Φ28-32,HRB400E,莱钢,None,山东烟台,None,None
2024-02-29,螺纹钢,Φ28-32,HRB400E,莱钢永锋,None,山东烟台,None,None
2024-02-29,螺纹钢,Φ28-32,HRB400E,石横特钢,None,山东烟台,None,None
2024-02-29,螺纹钢,Φ28-32,HRB400E,日照,None,山东烟台,None,None
2024-02-29,螺纹钢,Φ28-32,HRB400E,江苏镔鑫,None,山东烟台,None,None
2024-02-29,高线,Φ10,HPB300,莱钢永锋,None,山东烟台,None,None
2024-02-29,高线,Φ10,HPB300,石横特钢,None,山东烟台,None,None
2024-02-29,高线,Φ10,HPB300,江苏镔鑫,None,山东烟台,None,None
2024-02-29,高线,Φ12,HPB300,莱钢永锋,None,山东烟台,None,None
2024-02-29,高线,Φ12,HPB300,石横特钢,None,山东烟台,None,None
2024-02-29,高线,Φ6,HPB300,莱钢永锋,None,山东烟台,None,None
2024-02-29,高线,Φ6,HPB300,石横特钢,None,山东烟台,None,None
2024-02-29,高线,Φ6,HPB300,江苏镔鑫,None,山东烟台,None,None
2024-02-29,高线,Φ8,HPB300,莱钢永锋,None,山东烟台,None,None
2024-02-29,高线,Φ8,HPB300,石横特钢,None,山东烟台,None,None
2024-02-29,高线,Φ8,HPB300,江苏镔鑫,None,山东烟台,None,None
2024-02-28,圆钢,Φ12-22,HPB300,莱钢永锋,None,山东烟台,None,None
2024-02-28,圆钢,Φ12-22,HPB300,石横特钢,None,山东烟台,None,None
2024-02-28,圆钢,Φ25-32,HPB300,莱钢永锋,None,山东烟台,None,None
2024-02-28,圆钢,Φ25-32,HPB300,石横特钢,None,山东烟台,None,None
2024-02-28,盘螺,Φ10,HRB400E,莱钢永锋,None,山东烟台,None,None
2024-02-28,盘螺,Φ10,HRB400E,石横特钢,None,山东烟台,None,None
2024-02-28,盘螺,Φ10,HRB400E,日照,None,山东烟台,None,None
2024-02-28,盘螺,Φ10,HRB400E,江苏镔鑫,None,山东烟台,None,None
2024-02-28,盘螺,Φ10,HRB400E,日钢营口,None,山东烟台,None,None
2024-02-28,盘螺,Φ12,HRB400E,莱钢永锋,None,山东烟台,None,None
2024-02-28,盘螺,Φ12,HRB400E,石横特钢,None,山东烟台,None,None
2024-02-28,盘螺,Φ6,HRB400E,莱钢永锋,None,山东烟台,None,None
2024-02-28,盘螺,Φ6,HRB400E,石横特钢,None,山东烟台,None,None
2024-02-28,盘螺,Φ8,HRB400E,莱钢永锋,None,山东烟台,None,None
2024-02-28,盘螺,Φ8,HRB400E,石横特钢,None,山东烟台,None,None
2024-02-28,盘螺,Φ8,HRB400E,日照,None,山东烟台,None,None
2024-02-28,盘螺,Φ8,HRB400E,江苏镔鑫,None,山东烟台,None,None
2024-02-28,盘螺,Φ8,HRB400E,日钢营口,None,山东烟台,None,None
2024-02-28,螺纹钢,Φ10,HRB400E,莱钢,None,山东烟台,None,None
2024-02-28,螺纹钢,Φ10,HRB400E,莱钢永锋,None,山东烟台,None,None
2024-02-28,螺纹钢,Φ10,HRB400E,石横特钢,None,山东烟台,None,None
2024-02-28,螺纹钢,Φ12,HRB400E,莱钢,None,山东烟台,None,None
2024-02-28,螺纹钢,Φ12,HRB400E,莱钢永锋,None,山东烟台,None,None
2024-02-28,螺纹钢,Φ12,HRB400E,石横特钢,None,山东烟台,None,None
2024-02-28,螺纹钢,Φ12,HRB400E,日照,None,山东烟台,None,None
2024-02-28,螺纹钢,Φ12,HRB400E,江苏镔鑫,None,山东烟台,None,None
2024-02-28,螺纹钢,Φ12-14,HRB500E,莱钢,None,山东烟台,None,None
2024-02-28,螺纹钢,Φ12-14,HRB500E,莱钢永锋,None,山东烟台,None,None
2024-02-28,螺纹钢,Φ12-14,HRB500E,石横特钢,None,山东烟台,None,None
2024-02-28,螺纹钢,Φ14,HRB400E,莱钢,None,山东烟台,None,None
2024-02-28,螺纹钢,Φ14,HRB400E,莱钢永锋,None,山东烟台,None,None
2024-02-28,螺纹钢,Φ14,HRB400E,石横特钢,None,山东烟台,None,None
2024-02-28,螺纹钢,Φ14,HRB400E,日照,None,山东烟台,None,None
2024-02-28,螺纹钢,Φ14,HRB400E,江苏镔鑫,None,山东烟台,None,None
2024-02-28,螺纹钢,Φ16,HRB400E,莱钢,None,山东烟台,None,None
2024-02-28,螺纹钢,Φ16,HRB400E,莱钢永锋,None,山东烟台,None,None
2024-02-28,螺纹钢,Φ16,HRB400E,石横特钢,None,山东烟台,None,None
2024-02-28,螺纹钢,Φ16,HRB400E,日照,None,山东烟台,None,None
2024-02-28,螺纹钢,Φ16,HRB400E,江苏镔鑫,None,山东烟台,None,None
2024-02-28,螺纹钢,Φ18,HRB400E,莱钢,None,山东烟台,None,None
2024-02-28,螺纹钢,Φ18,HRB400E,莱钢永锋,None,山东烟台,None,None
2024-02-28,螺纹钢,Φ18,HRB400E,石横特钢,None,山东烟台,None,None
2024-02-28,螺纹钢,Φ18,HRB400E,日照,None,山东烟台,None,None
2024-02-28,螺纹钢,Φ18,HRB400E,江苏镔鑫,None,山东烟台,None,None
2024-02-28,螺纹钢,Φ20,HRB400E,莱钢,None,山东烟台,None,None
2024-02-28,螺纹钢,Φ20,HRB400E,莱钢永锋,None,山东烟台,None,None
2024-02-28,螺纹钢,Φ20,HRB400E,石横特钢,None,山东烟台,None,None
2024-02-28,螺纹钢,Φ20,HRB400E,日照,None,山东烟台,None,None
2024-02-28,螺纹钢,Φ20,HRB400E,江苏镔鑫,None,山东烟台,None,None
2024-02-28,螺纹钢,Φ22,HRB400E,莱钢,None,山东烟台,None,None
2024-02-28,螺纹钢,Φ22,HRB400E,莱钢永锋,None,山东烟台,None,None
2024-02-28,螺纹钢,Φ22,HRB400E,石横特钢,None,山东烟台,None,None
2024-02-28,螺纹钢,Φ22,HRB400E,日照,None,山东烟台,None,None
2024-02-28,螺纹钢,Φ22,HRB400E,江苏镔鑫,None,山东烟台,None,None
2024-02-28,螺纹钢,Φ25,HRB400E,莱钢,None,山东烟台,None,None
2024-02-28,螺纹钢,Φ25,HRB400E,莱钢永锋,None,山东烟台,None,None
2024-02-28,螺纹钢,Φ25,HRB400E,石横特钢,None,山东烟台,None,None
2024-02-28,螺纹钢,Φ25,HRB400E,日照,None,山东烟台,None,None
2024-02-28,螺纹钢,Φ25,HRB400E,江苏镔鑫,None,山东烟台,None,None
2024-02-28,螺纹钢,Φ28-32,HRB400E,莱钢,None,山东烟台,None,None
2024-02-28,螺纹钢,Φ28-32,HRB400E,莱钢永锋,None,山东烟台,None,None
2024-02-28,螺纹钢,Φ28-32,HRB400E,石横特钢,None,山东烟台,None,None
2024-02-28,螺纹钢,Φ28-32,HRB400E,日照,None,山东烟台,None,None
2024-02-28,螺纹钢,Φ28-32,HRB400E,江苏镔鑫,None,山东烟台,None,None
2024-02-28,高线,Φ10,HPB300,莱钢永锋,None,山东烟台,None,None
2024-02-28,高线,Φ10,HPB300,石横特钢,None,山东烟台,None,None
2024-02-28,高线,Φ10,HPB300,江苏镔鑫,None,山东烟台,None,None
2024-02-28,高线,Φ12,HPB300,莱钢永锋,None,山东烟台,None,None
2024-02-28,高线,Φ12,HPB300,石横特钢,None,山东烟台,None,None
2024-02-28,高线,Φ6,HPB300,莱钢永锋,None,山东烟台,None,None
2024-02-28,高线,Φ6,HPB300,石横特钢,None,山东烟台,None,None
2024-02-28,高线,Φ6,HPB300,江苏镔鑫,None,山东烟台,None,None
2024-02-28,高线,Φ8,HPB300,莱钢永锋,None,山东烟台,None,None
2024-02-28,高线,Φ8,HPB300,石横特钢,None,山东烟台,None,None
2024-02-28,高线,Φ8,HPB300,江苏镔鑫,None,山东烟台,None,None
2024-02-27,圆钢,Φ12-22,HPB300,莱钢永锋,None,山东烟台,None,None
2024-02-27,圆钢,Φ12-22,HPB300,石横特钢,None,山东烟台,None,None
2024-02-27,圆钢,Φ25-32,HPB300,莱钢永锋,None,山东烟台,None,None
2024-02-27,圆钢,Φ25-32,HPB300,石横特钢,None,山东烟台,None,None
2024-02-27,盘螺,Φ10,HRB400E,莱钢永锋,None,山东烟台,None,None
2024-02-27,盘螺,Φ10,HRB400E,石横特钢,None,山东烟台,None,None
2024-02-27,盘螺,Φ10,HRB400E,日照,None,山东烟台,None,None
2024-02-27,盘螺,Φ10,HRB400E,江苏镔鑫,None,山东烟台,None,None
2024-02-27,盘螺,Φ10,HRB400E,日钢营口,None,山东烟台,None,None
2024-02-27,盘螺,Φ12,HRB400E,莱钢永锋,None,山东烟台,None,None
2024-02-27,盘螺,Φ12,HRB400E,石横特钢,None,山东烟台,None,None
2024-02-27,盘螺,Φ6,HRB400E,莱钢永锋,None,山东烟台,None,None
2024-02-27,盘螺,Φ6,HRB400E,石横特钢,None,山东烟台,None,None
2024-02-27,盘螺,Φ8,HRB400E,莱钢永锋,None,山东烟台,None,None
2024-02-27,盘螺,Φ8,HRB400E,石横特钢,None,山东烟台,None,None
2024-02-27,盘螺,Φ8,HRB400E,日照,None,山东烟台,None,None
2024-02-27,盘螺,Φ8,HRB400E,江苏镔鑫,None,山东烟台,None,None
2024-02-27,盘螺,Φ8,HRB400E,日钢营口,None,山东烟台,None,None
2024-02-27,螺纹钢,Φ10,HRB400E,莱钢,None,山东烟台,None,None
2024-02-27,螺纹钢,Φ10,HRB400E,莱钢永锋,None,山东烟台,None,None
2024-02-27,螺纹钢,Φ10,HRB400E,石横特钢,None,山东烟台,None,None
2024-02-27,螺纹钢,Φ12,HRB400E,莱钢,None,山东烟台,None,None
2024-02-27,螺纹钢,Φ12,HRB400E,莱钢永锋,None,山东烟台,None,None
2024-02-27,螺纹钢,Φ12,HRB400E,石横特钢,None,山东烟台,None,None
2024-02-27,螺纹钢,Φ12,HRB400E,日照,None,山东烟台,None,None
2024-02-27,螺纹钢,Φ12,HRB400E,江苏镔鑫,None,山东烟台,None,None
2024-02-27,螺纹钢,Φ12-14,HRB500E,莱钢,None,山东烟台,None,None
2024-02-27,螺纹钢,Φ12-14,HRB500E,莱钢永锋,None,山东烟台,None,None
2024-02-27,螺纹钢,Φ12-14,HRB500E,石横特钢,None,山东烟台,None,None
2024-02-27,螺纹钢,Φ14,HRB400E,莱钢,None,山东烟台,None,None
2024-02-27,螺纹钢,Φ14,HRB400E,莱钢永锋,None,山东烟台,None,None
2024-02-27,螺纹钢,Φ14,HRB400E,石横特钢,None,山东烟台,None,None
2024-02-27,螺纹钢,Φ14,HRB400E,日照,None,山东烟台,None,None
2024-02-27,螺纹钢,Φ14,HRB400E,江苏镔鑫,None,山东烟台,None,None
2024-02-27,螺纹钢,Φ16,HRB400E,莱钢,None,山东烟台,None,None
2024-02-27,螺纹钢,Φ16,HRB400E,莱钢永锋,None,山东烟台,None,None
2024-02-27,螺纹钢,Φ16,HRB400E,石横特钢,None,山东烟台,None,None
2024-02-27,螺纹钢,Φ16,HRB400E,日照,None,山东烟台,None,None
2024-02-27,螺纹钢,Φ16,HRB400E,江苏镔鑫,None,山东烟台,None,None
2024-02-27,螺纹钢,Φ18,HRB400E,莱钢,None,山东烟台,None,None
2024-02-27,螺纹钢,Φ18,HRB400E,莱钢永锋,None,山东烟台,None,None
2024-02-27,螺纹钢,Φ18,HRB400E,石横特钢,None,山东烟台,None,None
2024-02-27,螺纹钢,Φ18,HRB400E,日照,None,山东烟台,None,None
2024-02-27,螺纹钢,Φ18,HRB400E,江苏镔鑫,None,山东烟台,None,None
2024-02-27,螺纹钢,Φ20,HRB400E,莱钢,None,山东烟台,None,None
2024-02-27,螺纹钢,Φ20,HRB400E,莱钢永锋,None,山东烟台,None,None
2024-02-27,螺纹钢,Φ20,HRB400E,石横特钢,None,山东烟台,None,None
2024-02-27,螺纹钢,Φ20,HRB400E,日照,None,山东烟台,None,None
2024-02-27,螺纹钢,Φ20,HRB400E,江苏镔鑫,None,山东烟台,None,None
2024-02-27,螺纹钢,Φ22,HRB400E,莱钢,None,山东烟台,None,None
2024-02-27,螺纹钢,Φ22,HRB400E,莱钢永锋,None,山东烟台,None,None
2024-02-27,螺纹钢,Φ22,HRB400E,石横特钢,None,山东烟台,None,None
2024-02-27,螺纹钢,Φ22,HRB400E,日照,None,山东烟台,None,None
2024-02-27,螺纹钢,Φ22,HRB400E,江苏镔鑫,None,山东烟台,None,None
2024-02-27,螺纹钢,Φ25,HRB400E,莱钢,None,山东烟台,None,None
2024-02-27,螺纹钢,Φ25,HRB400E,莱钢永锋,None,山东烟台,None,None
2024-02-27,螺纹钢,Φ25,HRB400E,石横特钢,None,山东烟台,None,None
2024-02-27,螺纹钢,Φ25,HRB400E,日照,None,山东烟台,None,None
2024-02-27,螺纹钢,Φ25,HRB400E,江苏镔鑫,None,山东烟台,None,None
2024-02-27,螺纹钢,Φ28-32,HRB400E,莱钢,None,山东烟台,None,None
2024-02-27,螺纹钢,Φ28-32,HRB400E,莱钢永锋,None,山东烟台,None,None
2024-02-27,螺纹钢,Φ28-32,HRB400E,石横特钢,None,山东烟台,None,None
2024-02-27,螺纹钢,Φ28-32,HRB400E,日照,None,山东烟台,None,None
2024-02-27,螺纹钢,Φ28-32,HRB400E,江苏镔鑫,None,山东烟台,None,None
2024-02-27,高线,Φ10,HPB300,莱钢永锋,None,山东烟台,None,None
2024-02-27,高线,Φ10,HPB300,石横特钢,None,山东烟台,None,None
2024-02-27,高线,Φ10,HPB300,江苏镔鑫,None,山东烟台,None,None
2024-02-27,高线,Φ12,HPB300,莱钢永锋,None,山东烟台,None,None
2024-02-27,高线,Φ12,HPB300,石横特钢,None,山东烟台,None,None
2024-02-27,高线,Φ6,HPB300,莱钢永锋,None,山东烟台,None,None
2024-02-27,高线,Φ6,HPB300,石横特钢,None,山东烟台,None,None
2024-02-27,高线,Φ6,HPB300,江苏镔鑫,None,山东烟台,None,None
2024-02-27,高线,Φ8,HPB300,莱钢永锋,None,山东烟台,None,None
2024-02-27,高线,Φ8,HPB300,石横特钢,None,山东烟台,None,None
2024-02-27,高线,Φ8,HPB300,江苏镔鑫,None,山东烟台,None,None
2024-02-26,圆钢,Φ12-22,HPB300,莱钢永锋,None,山东烟台,None,None
2024-02-26,圆钢,Φ12-22,HPB300,石横特钢,None,山东烟台,None,None
2024-02-26,圆钢,Φ25-32,HPB300,莱钢永锋,None,山东烟台,None,None
2024-02-26,圆钢,Φ25-32,HPB300,石横特钢,None,山东烟台,None,None
2024-02-26,盘螺,Φ10,HRB400E,莱钢永锋,None,山东烟台,None,None
2024-02-26,盘螺,Φ10,HRB400E,石横特钢,None,山东烟台,None,None
2024-02-26,盘螺,Φ10,HRB400E,日照,None,山东烟台,None,None
2024-02-26,盘螺,Φ10,HRB400E,江苏镔鑫,None,山东烟台,None,None
2024-02-26,盘螺,Φ10,HRB400E,日钢营口,None,山东烟台,None,None
2024-02-26,盘螺,Φ12,HRB400E,莱钢永锋,None,山东烟台,None,None
2024-02-26,盘螺,Φ12,HRB400E,石横特钢,None,山东烟台,None,None
2024-02-26,盘螺,Φ6,HRB400E,莱钢永锋,None,山东烟台,None,None
2024-02-26,盘螺,Φ6,HRB400E,石横特钢,None,山东烟台,None,None
2024-02-26,盘螺,Φ8,HRB400E,莱钢永锋,None,山东烟台,None,None
2024-02-26,盘螺,Φ8,HRB400E,石横特钢,None,山东烟台,None,None
2024-02-26,盘螺,Φ8,HRB400E,日照,None,山东烟台,None,None
2024-02-26,盘螺,Φ8,HRB400E,江苏镔鑫,None,山东烟台,None,None
2024-02-26,盘螺,Φ8,HRB400E,日钢营口,None,山东烟台,None,None
2024-02-26,螺纹钢,Φ10,HRB400E,莱钢,None,山东烟台,None,None
2024-02-26,螺纹钢,Φ10,HRB400E,莱钢永锋,None,山东烟台,None,None
2024-02-26,螺纹钢,Φ10,HRB400E,石横特钢,None,山东烟台,None,None
2024-02-26,螺纹钢,Φ12,HRB400E,莱钢,None,山东烟台,None,None
2024-02-26,螺纹钢,Φ12,HRB400E,莱钢永锋,None,山东烟台,None,None
2024-02-26,螺纹钢,Φ12,HRB400E,石横特钢,None,山东烟台,None,None
2024-02-26,螺纹钢,Φ12,HRB400E,日照,None,山东烟台,None,None
2024-02-26,螺纹钢,Φ12,HRB400E,江苏镔鑫,None,山东烟台,None,None
2024-02-26,螺纹钢,Φ12-14,HRB500E,莱钢,None,山东烟台,None,None
2024-02-26,螺纹钢,Φ12-14,HRB500E,莱钢永锋,None,山东烟台,None,None
2024-02-26,螺纹钢,Φ12-14,HRB500E,石横特钢,None,山东烟台,None,None
2024-02-26,螺纹钢,Φ14,HRB400E,莱钢,None,山东烟台,None,None
2024-02-26,螺纹钢,Φ14,HRB400E,莱钢永锋,None,山东烟台,None,None
2024-02-26,螺纹钢,Φ14,HRB400E,石横特钢,None,山东烟台,None,None
2024-02-26,螺纹钢,Φ14,HRB400E,日照,None,山东烟台,None,None
2024-02-26,螺纹钢,Φ14,HRB400E,江苏镔鑫,None,山东烟台,None,None
2024-02-26,螺纹钢,Φ16,HRB400E,莱钢,None,山东烟台,None,None
2024-02-26,螺纹钢,Φ16,HRB400E,莱钢永锋,None,山东烟台,None,None
2024-02-26,螺纹钢,Φ16,HRB400E,石横特钢,None,山东烟台,None,None
2024-02-26,螺纹钢,Φ16,HRB400E,日照,None,山东烟台,None,None
2024-02-26,螺纹钢,Φ16,HRB400E,江苏镔鑫,None,山东烟台,None,None
2024-02-26,螺纹钢,Φ18,HRB400E,莱钢,None,山东烟台,None,None
2024-02-26,螺纹钢,Φ18,HRB400E,莱钢永锋,None,山东烟台,None,None
2024-02-26,螺纹钢,Φ18,HRB400E,石横特钢,None,山东烟台,None,None
2024-02-26,螺纹钢,Φ18,HRB400E,日照,None,山东烟台,None,None
2024-02-26,螺纹钢,Φ18,HRB400E,江苏镔鑫,None,山东烟台,None,None
2024-02-26,螺纹钢,Φ20,HRB400E,莱钢,None,山东烟台,None,None
2024-02-26,螺纹钢,Φ20,HRB400E,莱钢永锋,None,山东烟台,None,None
2024-02-26,螺纹钢,Φ20,HRB400E,石横特钢,None,山东烟台,None,None
2024-02-26,螺纹钢,Φ20,HRB400E,日照,None,山东烟台,None,None
2024-02-26,螺纹钢,Φ20,HRB400E,江苏镔鑫,None,山东烟台,None,None
2024-02-26,螺纹钢,Φ22,HRB400E,莱钢,None,山东烟台,None,None
2024-02-26,螺纹钢,Φ22,HRB400E,莱钢永锋,None,山东烟台,None,None
2024-02-26,螺纹钢,Φ22,HRB400E,石横特钢,None,山东烟台,None,None
2024-02-26,螺纹钢,Φ22,HRB400E,日照,None,山东烟台,None,None
2024-02-26,螺纹钢,Φ22,HRB400E,江苏镔鑫,None,山东烟台,None,None
2024-02-26,螺纹钢,Φ25,HRB400E,莱钢,None,山东烟台,None,None
2024-02-26,螺纹钢,Φ25,HRB400E,莱钢永锋,None,山东烟台,None,None
2024-02-26,螺纹钢,Φ25,HRB400E,石横特钢,None,山东烟台,None,None
2024-02-26,螺纹钢,Φ25,HRB400E,日照,None,山东烟台,None,None
2024-02-26,螺纹钢,Φ25,HRB400E,江苏镔鑫,None,山东烟台,None,None
2024-02-26,螺纹钢,Φ28-32,HRB400E,莱钢,None,山东烟台,None,None
2024-02-26,螺纹钢,Φ28-32,HRB400E,莱钢永锋,None,山东烟台,None,None
2024-02-26,螺纹钢,Φ28-32,HRB400E,石横特钢,None,山东烟台,None,None
2024-02-26,螺纹钢,Φ28-32,HRB400E,日照,None,山东烟台,None,None
2024-02-26,螺纹钢,Φ28-32,HRB400E,江苏镔鑫,None,山东烟台,None,None
2024-02-26,高线,Φ10,HPB300,莱钢永锋,None,山东烟台,None,None
2024-02-26,高线,Φ10,HPB300,石横特钢,None,山东烟台,None,None
2024-02-26,高线,Φ10,HPB300,江苏镔鑫,None,山东烟台,None,None
2024-02-26,高线,Φ12,HPB300,莱钢永锋,None,山东烟台,None,None
2024-02-26,高线,Φ12,HPB300,石横特钢,None,山东烟台,None,None
2024-02-26,高线,Φ6,HPB300,莱钢永锋,None,山东烟台,None,None
2024-02-26,高线,Φ6,HPB300,石横特钢,None,山东烟台,None,None
2024-02-26,高线,Φ6,HPB300,江苏镔鑫,None,山东烟台,None,None
2024-02-26,高线,Φ8,HPB300,莱钢永锋,None,山东烟台,None,None
2024-02-26,高线,Φ8,HPB300,石横特钢,None,山东烟台,None,None
2024-02-26,高线,Φ8,HPB300,江苏镔鑫,None,山东烟台,None,None
2024-02-23,圆钢,Φ12-22,HPB300,莱钢永锋,None,山东烟台,None,None
2024-02-23,圆钢,Φ12-22,HPB300,石横特钢,None,山东烟台,None,None
2024-02-23,圆钢,Φ25-32,HPB300,莱钢永锋,None,山东烟台,None,None
2024-02-23,圆钢,Φ25-32,HPB300,石横特钢,None,山东烟台,None,None
2024-02-23,盘螺,Φ10,HRB400E,莱钢永锋,None,山东烟台,None,None
2024-02-23,盘螺,Φ10,HRB400E,石横特钢,None,山东烟台,None,None
2024-02-23,盘螺,Φ10,HRB400E,日照,None,山东烟台,None,None
2024-02-23,盘螺,Φ10,HRB400E,江苏镔鑫,None,山东烟台,None,None
2024-02-23,盘螺,Φ10,HRB400E,日钢营口,None,山东烟台,None,None
2024-02-23,盘螺,Φ12,HRB400E,莱钢永锋,None,山东烟台,None,None
2024-02-23,盘螺,Φ12,HRB400E,石横特钢,None,山东烟台,None,None
2024-02-23,盘螺,Φ6,HRB400E,莱钢永锋,None,山东烟台,None,None
2024-02-23,盘螺,Φ6,HRB400E,石横特钢,None,山东烟台,None,None
2024-02-23,盘螺,Φ8,HRB400E,莱钢永锋,None,山东烟台,None,None
2024-02-23,盘螺,Φ8,HRB400E,石横特钢,None,山东烟台,None,None
2024-02-23,盘螺,Φ8,HRB400E,日照,None,山东烟台,None,None
2024-02-23,盘螺,Φ8,HRB400E,江苏镔鑫,None,山东烟台,None,None
2024-02-23,盘螺,Φ8,HRB400E,日钢营口,None,山东烟台,None,None
2024-02-23,螺纹钢,Φ10,HRB400E,莱钢,None,山东烟台,None,None
2024-02-23,螺纹钢,Φ10,HRB400E,莱钢永锋,None,山东烟台,None,None
2024-02-23,螺纹钢,Φ10,HRB400E,石横特钢,None,山东烟台,None,None
2024-02-23,螺纹钢,Φ12,HRB400E,莱钢,None,山东烟台,None,None
2024-02-23,螺纹钢,Φ12,HRB400E,莱钢永锋,None,山东烟台,None,None
2024-02-23,螺纹钢,Φ12,HRB400E,石横特钢,None,山东烟台,None,None
2024-02-23,螺纹钢,Φ12,HRB400E,日照,None,山东烟台,None,None
2024-02-23,螺纹钢,Φ12,HRB400E,江苏镔鑫,None,山东烟台,None,None
2024-02-23,螺纹钢,Φ12-14,HRB500E,莱钢,None,山东烟台,None,None
2024-02-23,螺纹钢,Φ12-14,HRB500E,莱钢永锋,None,山东烟台,None,None
2024-02-23,螺纹钢,Φ12-14,HRB500E,石横特钢,None,山东烟台,None,None
2024-02-23,螺纹钢,Φ14,HRB400E,莱钢,None,山东烟台,None,None
2024-02-23,螺纹钢,Φ14,HRB400E,莱钢永锋,None,山东烟台,None,None
2024-02-23,螺纹钢,Φ14,HRB400E,石横特钢,None,山东烟台,None,None
2024-02-23,螺纹钢,Φ14,HRB400E,日照,None,山东烟台,None,None
2024-02-23,螺纹钢,Φ14,HRB400E,江苏镔鑫,None,山东烟台,None,None
2024-02-23,螺纹钢,Φ16,HRB400E,莱钢,None,山东烟台,None,None
2024-02-23,螺纹钢,Φ16,HRB400E,莱钢永锋,None,山东烟台,None,None
2024-02-23,螺纹钢,Φ16,HRB400E,石横特钢,None,山东烟台,None,None
2024-02-23,螺纹钢,Φ16,HRB400E,日照,None,山东烟台,None,None
2024-02-23,螺纹钢,Φ16,HRB400E,江苏镔鑫,None,山东烟台,None,None
2024-02-23,螺纹钢,Φ18,HRB400E,莱钢,None,山东烟台,None,None
2024-02-23,螺纹钢,Φ18,HRB400E,莱钢永锋,None,山东烟台,None,None
2024-02-23,螺纹钢,Φ18,HRB400E,石横特钢,None,山东烟台,None,None
2024-02-23,螺纹钢,Φ18,HRB400E,日照,None,山东烟台,None,None
2024-02-23,螺纹钢,Φ18,HRB400E,江苏镔鑫,None,山东烟台,None,None
2024-02-23,螺纹钢,Φ20,HRB400E,莱钢,None,山东烟台,None,None
2024-02-23,螺纹钢,Φ20,HRB400E,莱钢永锋,None,山东烟台,None,None
2024-02-23,螺纹钢,Φ20,HRB400E,石横特钢,None,山东烟台,None,None
2024-02-23,螺纹钢,Φ20,HRB400E,日照,None,山东烟台,None,None
2024-02-23,螺纹钢,Φ20,HRB400E,江苏镔鑫,None,山东烟台,None,None
2024-02-23,螺纹钢,Φ22,HRB400E,莱钢,None,山东烟台,None,None
2024-02-23,螺纹钢,Φ22,HRB400E,莱钢永锋,None,山东烟台,None,None
2024-02-23,螺纹钢,Φ22,HRB400E,石横特钢,None,山东烟台,None,None
2024-02-23,螺纹钢,Φ22,HRB400E,日照,None,山东烟台,None,None
2024-02-23,螺纹钢,Φ22,HRB400E,江苏镔鑫,None,山东烟台,None,None
2024-02-23,螺纹钢,Φ25,HRB400E,莱钢,None,山东烟台,None,None
2024-02-23,螺纹钢,Φ25,HRB400E,莱钢永锋,None,山东烟台,None,None
2024-02-23,螺纹钢,Φ25,HRB400E,石横特钢,None,山东烟台,None,None
2024-02-23,螺纹钢,Φ25,HRB400E,日照,None,山东烟台,None,None
2024-02-23,螺纹钢,Φ25,HRB400E,江苏镔鑫,None,山东烟台,None,None
2024-02-23,螺纹钢,Φ28-32,HRB400E,莱钢,None,山东烟台,None,None
2024-02-23,螺纹钢,Φ28-32,HRB400E,莱钢永锋,None,山东烟台,None,None
2024-02-23,螺纹钢,Φ28-32,HRB400E,石横特钢,None,山东烟台,None,None
2024-02-23,螺纹钢,Φ28-32,HRB400E,日照,None,山东烟台,None,None
2024-02-23,螺纹钢,Φ28-32,HRB400E,江苏镔鑫,None,山东烟台,None,None
2024-02-23,高线,Φ10,HPB300,莱钢永锋,None,山东烟台,None,None
2024-02-23,高线,Φ10,HPB300,石横特钢,None,山东烟台,None,None
2024-02-23,高线,Φ10,HPB300,江苏镔鑫,None,山东烟台,None,None
2024-02-23,高线,Φ12,HPB300,莱钢永锋,None,山东烟台,None,None
2024-02-23,高线,Φ12,HPB300,石横特钢,None,山东烟台,None,None
2024-02-23,高线,Φ6,HPB300,莱钢永锋,None,山东烟台,None,None
2024-02-23,高线,Φ6,HPB300,石横特钢,None,山东烟台,None,None
2024-02-23,高线,Φ6,HPB300,江苏镔鑫,None,山东烟台,None,None
2024-02-23,高线,Φ8,HPB300,莱钢永锋,None,山东烟台,None,None
2024-02-23,高线,Φ8,HPB300,石横特钢,None,山东烟台,None,None
2024-02-23,高线,Φ8,HPB300,江苏镔鑫,None,山东烟台,None,None
2024-02-22,圆钢,Φ12-22,HPB300,莱钢永锋,None,山东烟台,None,None
2024-02-22,圆钢,Φ12-22,HPB300,石横特钢,None,山东烟台,None,None
2024-02-22,圆钢,Φ25-32,HPB300,莱钢永锋,None,山东烟台,None,None
2024-02-22,圆钢,Φ25-32,HPB300,石横特钢,None,山东烟台,None,None
2024-02-22,盘螺,Φ10,HRB400E,莱钢永锋,None,山东烟台,None,None
2024-02-22,盘螺,Φ10,HRB400E,石横特钢,None,山东烟台,None,None
2024-02-22,盘螺,Φ10,HRB400E,日照,None,山东烟台,None,None
2024-02-22,盘螺,Φ10,HRB400E,江苏镔鑫,None,山东烟台,None,None
2024-02-22,盘螺,Φ10,HRB400E,日钢营口,None,山东烟台,None,None
2024-02-22,盘螺,Φ12,HRB400E,莱钢永锋,None,山东烟台,None,None
2024-02-22,盘螺,Φ12,HRB400E,石横特钢,None,山东烟台,None,None
2024-02-22,盘螺,Φ6,HRB400E,莱钢永锋,None,山东烟台,None,None
2024-02-22,盘螺,Φ6,HRB400E,石横特钢,None,山东烟台,None,None
2024-02-22,盘螺,Φ8,HRB400E,莱钢永锋,None,山东烟台,None,None
2024-02-22,盘螺,Φ8,HRB400E,石横特钢,None,山东烟台,None,None
2024-02-22,盘螺,Φ8,HRB400E,日照,None,山东烟台,None,None
2024-02-22,盘螺,Φ8,HRB400E,江苏镔鑫,None,山东烟台,None,None
2024-02-22,盘螺,Φ8,HRB400E,日钢营口,None,山东烟台,None,None
2024-02-22,螺纹钢,Φ10,HRB400E,莱钢,None,山东烟台,None,None
2024-02-22,螺纹钢,Φ10,HRB400E,莱钢永锋,None,山东烟台,None,None
2024-02-22,螺纹钢,Φ10,HRB400E,石横特钢,None,山东烟台,None,None
2024-02-22,螺纹钢,Φ12,HRB400E,莱钢,None,山东烟台,None,None
2024-02-22,螺纹钢,Φ12,HRB400E,莱钢永锋,None,山东烟台,None,None
2024-02-22,螺纹钢,Φ12,HRB400E,石横特钢,None,山东烟台,None,None
2024-02-22,螺纹钢,Φ12,HRB400E,日照,None,山东烟台,None,None
2024-02-22,螺纹钢,Φ12,HRB400E,江苏镔鑫,None,山东烟台,None,None
2024-02-22,螺纹钢,Φ12-14,HRB500E,莱钢,None,山东烟台,None,None
2024-02-22,螺纹钢,Φ12-14,HRB500E,莱钢永锋,None,山东烟台,None,None
2024-02-22,螺纹钢,Φ12-14,HRB500E,石横特钢,None,山东烟台,None,None
2024-02-22,螺纹钢,Φ14,HRB400E,莱钢,None,山东烟台,None,None
2024-02-22,螺纹钢,Φ14,HRB400E,莱钢永锋,None,山东烟台,None,None
2024-02-22,螺纹钢,Φ14,HRB400E,石横特钢,None,山东烟台,None,None
2024-02-22,螺纹钢,Φ14,HRB400E,日照,None,山东烟台,None,None
2024-02-22,螺纹钢,Φ14,HRB400E,江苏镔鑫,None,山东烟台,None,None
2024-02-22,螺纹钢,Φ16,HRB400E,莱钢,None,山东烟台,None,None
2024-02-22,螺纹钢,Φ16,HRB400E,莱钢永锋,None,山东烟台,None,None
2024-02-22,螺纹钢,Φ16,HRB400E,石横特钢,None,山东烟台,None,None
2024-02-22,螺纹钢,Φ16,HRB400E,日照,None,山东烟台,None,None
2024-02-22,螺纹钢,Φ16,HRB400E,江苏镔鑫,None,山东烟台,None,None
2024-02-22,螺纹钢,Φ18,HRB400E,莱钢,None,山东烟台,None,None
2024-02-22,螺纹钢,Φ18,HRB400E,莱钢永锋,None,山东烟台,None,None
2024-02-22,螺纹钢,Φ18,HRB400E,石横特钢,None,山东烟台,None,None
2024-02-22,螺纹钢,Φ18,HRB400E,日照,None,山东烟台,None,None
2024-02-22,螺纹钢,Φ18,HRB400E,江苏镔鑫,None,山东烟台,None,None
2024-02-22,螺纹钢,Φ20,HRB400E,莱钢,None,山东烟台,None,None
2024-02-22,螺纹钢,Φ20,HRB400E,莱钢永锋,None,山东烟台,None,None
2024-02-22,螺纹钢,Φ20,HRB400E,石横特钢,None,山东烟台,None,None
2024-02-22,螺纹钢,Φ20,HRB400E,日照,None,山东烟台,None,None
2024-02-22,螺纹钢,Φ20,HRB400E,江苏镔鑫,None,山东烟台,None,None
2024-02-22,螺纹钢,Φ22,HRB400E,莱钢,None,山东烟台,None,None
2024-02-22,螺纹钢,Φ22,HRB400E,莱钢永锋,None,山东烟台,None,None
2024-02-22,螺纹钢,Φ22,HRB400E,石横特钢,None,山东烟台,None,None
2024-02-22,螺纹钢,Φ22,HRB400E,日照,None,山东烟台,None,None
2024-02-22,螺纹钢,Φ22,HRB400E,江苏镔鑫,None,山东烟台,None,None
2024-02-22,螺纹钢,Φ25,HRB400E,莱钢,None,山东烟台,None,None
2024-02-22,螺纹钢,Φ25,HRB400E,莱钢永锋,None,山东烟台,None,None
2024-02-22,螺纹钢,Φ25,HRB400E,石横特钢,None,山东烟台,None,None
2024-02-22,螺纹钢,Φ25,HRB400E,日照,None,山东烟台,None,None
2024-02-22,螺纹钢,Φ25,HRB400E,江苏镔鑫,None,山东烟台,None,None
2024-02-22,螺纹钢,Φ28-32,HRB400E,莱钢,None,山东烟台,None,None
2024-02-22,螺纹钢,Φ28-32,HRB400E,莱钢永锋,None,山东烟台,None,None
2024-02-22,螺纹钢,Φ28-32,HRB400E,石横特钢,None,山东烟台,None,None
2024-02-22,螺纹钢,Φ28-32,HRB400E,日照,None,山东烟台,None,None
2024-02-22,螺纹钢,Φ28-32,HRB400E,江苏镔鑫,None,山东烟台,None,None
2024-02-22,高线,Φ10,HPB300,莱钢永锋,None,山东烟台,None,None
2024-02-22,高线,Φ10,HPB300,石横特钢,None,山东烟台,None,None
2024-02-22,高线,Φ10,HPB300,江苏镔鑫,None,山东烟台,None,None
2024-02-22,高线,Φ12,HPB300,莱钢永锋,None,山东烟台,None,None
2024-02-22,高线,Φ12,HPB300,石横特钢,None,山东烟台,None,None
2024-02-22,高线,Φ6,HPB300,莱钢永锋,None,山东烟台,None,None
2024-02-22,高线,Φ6,HPB300,石横特钢,None,山东烟台,None,None
2024-02-22,高线,Φ6,HPB300,江苏镔鑫,None,山东烟台,None,None
2024-02-22,高线,Φ8,HPB300,莱钢永锋,None,山东烟台,None,None
2024-02-22,高线,Φ8,HPB300,石横特钢,None,山东烟台,None,None
2024-02-22,高线,Φ8,HPB300,江苏镔鑫,None,山东烟台,None,None
2024-02-21,圆钢,Φ12-22,HPB300,莱钢永锋,None,山东烟台,None,None
2024-02-21,圆钢,Φ12-22,HPB300,石横特钢,None,山东烟台,None,None
2024-02-21,圆钢,Φ25-32,HPB300,莱钢永锋,None,山东烟台,None,None
2024-02-21,圆钢,Φ25-32,HPB300,石横特钢,None,山东烟台,None,None
2024-02-21,盘螺,Φ10,HRB400E,莱钢永锋,None,山东烟台,None,None
2024-02-21,盘螺,Φ10,HRB400E,石横特钢,None,山东烟台,None,None
2024-02-21,盘螺,Φ10,HRB400E,日照,None,山东烟台,None,None
2024-02-21,盘螺,Φ10,HRB400E,江苏镔鑫,None,山东烟台,None,None
2024-02-21,盘螺,Φ10,HRB400E,日钢营口,None,山东烟台,None,None
2024-02-21,盘螺,Φ12,HRB400E,莱钢永锋,None,山东烟台,None,None
2024-02-21,盘螺,Φ12,HRB400E,石横特钢,None,山东烟台,None,None
2024-02-21,盘螺,Φ6,HRB400E,莱钢永锋,None,山东烟台,None,None
2024-02-21,盘螺,Φ6,HRB400E,石横特钢,None,山东烟台,None,None
2024-02-21,盘螺,Φ8,HRB400E,莱钢永锋,None,山东烟台,None,None
2024-02-21,盘螺,Φ8,HRB400E,石横特钢,None,山东烟台,None,None
2024-02-21,盘螺,Φ8,HRB400E,日照,None,山东烟台,None,None
2024-02-21,盘螺,Φ8,HRB400E,江苏镔鑫,None,山东烟台,None,None
2024-02-21,盘螺,Φ8,HRB400E,日钢营口,None,山东烟台,None,None
2024-02-21,螺纹钢,Φ10,HRB400E,莱钢,None,山东烟台,None,None
2024-02-21,螺纹钢,Φ10,HRB400E,莱钢永锋,None,山东烟台,None,None
2024-02-21,螺纹钢,Φ10,HRB400E,石横特钢,None,山东烟台,None,None
2024-02-21,螺纹钢,Φ12,HRB400E,莱钢,None,山东烟台,None,None
2024-02-21,螺纹钢,Φ12,HRB400E,莱钢永锋,None,山东烟台,None,None
2024-02-21,螺纹钢,Φ12,HRB400E,石横特钢,None,山东烟台,None,None
2024-02-21,螺纹钢,Φ12,HRB400E,日照,None,山东烟台,None,None
2024-02-21,螺纹钢,Φ12,HRB400E,江苏镔鑫,None,山东烟台,None,None
2024-02-21,螺纹钢,Φ12-14,HRB500E,莱钢,None,山东烟台,None,None
2024-02-21,螺纹钢,Φ12-14,HRB500E,莱钢永锋,None,山东烟台,None,None
2024-02-21,螺纹钢,Φ12-14,HRB500E,石横特钢,None,山东烟台,None,None
2024-02-21,螺纹钢,Φ14,HRB400E,莱钢,None,山东烟台,None,None
2024-02-21,螺纹钢,Φ14,HRB400E,莱钢永锋,None,山东烟台,None,None
2024-02-21,螺纹钢,Φ14,HRB400E,石横特钢,None,山东烟台,None,None
2024-02-21,螺纹钢,Φ14,HRB400E,日照,None,山东烟台,None,None
2024-02-21,螺纹钢,Φ14,HRB400E,江苏镔鑫,None,山东烟台,None,None
2024-02-21,螺纹钢,Φ16,HRB400E,莱钢,None,山东烟台,None,None
2024-02-21,螺纹钢,Φ16,HRB400E,莱钢永锋,None,山东烟台,None,None
2024-02-21,螺纹钢,Φ16,HRB400E,石横特钢,None,山东烟台,None,None
2024-02-21,螺纹钢,Φ16,HRB400E,日照,None,山东烟台,None,None
2024-02-21,螺纹钢,Φ16,HRB400E,江苏镔鑫,None,山东烟台,None,None
2024-02-21,螺纹钢,Φ18,HRB400E,莱钢,None,山东烟台,None,None
2024-02-21,螺纹钢,Φ18,HRB400E,莱钢永锋,None,山东烟台,None,None
2024-02-21,螺纹钢,Φ18,HRB400E,石横特钢,None,山东烟台,None,None
2024-02-21,螺纹钢,Φ18,HRB400E,日照,None,山东烟台,None,None
2024-02-21,螺纹钢,Φ18,HRB400E,江苏镔鑫,None,山东烟台,None,None
2024-02-21,螺纹钢,Φ20,HRB400E,莱钢,None,山东烟台,None,None
2024-02-21,螺纹钢,Φ20,HRB400E,莱钢永锋,None,山东烟台,None,None
2024-02-21,螺纹钢,Φ20,HRB400E,石横特钢,None,山东烟台,None,None
2024-02-21,螺纹钢,Φ20,HRB400E,日照,None,山东烟台,None,None
2024-02-21,螺纹钢,Φ20,HRB400E,江苏镔鑫,None,山东烟台,None,None
2024-02-21,螺纹钢,Φ22,HRB400E,莱钢,None,山东烟台,None,None
2024-02-21,螺纹钢,Φ22,HRB400E,莱钢永锋,None,山东烟台,None,None
2024-02-21,螺纹钢,Φ22,HRB400E,石横特钢,None,山东烟台,None,None
2024-02-21,螺纹钢,Φ22,HRB400E,日照,None,山东烟台,None,None
2024-02-21,螺纹钢,Φ22,HRB400E,江苏镔鑫,None,山东烟台,None,None
2024-02-21,螺纹钢,Φ25,HRB400E,莱钢,None,山东烟台,None,None
2024-02-21,螺纹钢,Φ25,HRB400E,莱钢永锋,None,山东烟台,None,None
2024-02-21,螺纹钢,Φ25,HRB400E,石横特钢,None,山东烟台,None,None
2024-02-21,螺纹钢,Φ25,HRB400E,日照,None,山东烟台,None,None
2024-02-21,螺纹钢,Φ25,HRB400E,江苏镔鑫,None,山东烟台,None,None
2024-02-21,螺纹钢,Φ28-32,HRB400E,莱钢,None,山东烟台,None,None
2024-02-21,螺纹钢,Φ28-32,HRB400E,莱钢永锋,None,山东烟台,None,None
2024-02-21,螺纹钢,Φ28-32,HRB400E,石横特钢,None,山东烟台,None,None
2024-02-21,螺纹钢,Φ28-32,HRB400E,日照,None,山东烟台,None,None
2024-02-21,螺纹钢,Φ28-32,HRB400E,江苏镔鑫,None,山东烟台,None,None
2024-02-21,高线,Φ10,HPB300,莱钢永锋,None,山东烟台,None,None
2024-02-21,高线,Φ10,HPB300,石横特钢,None,山东烟台,None,None
2024-02-21,高线,Φ10,HPB300,江苏镔鑫,None,山东烟台,None,None
2024-02-21,高线,Φ12,HPB300,莱钢永锋,None,山东烟台,None,None
2024-02-21,高线,Φ12,HPB300,石横特钢,None,山东烟台,None,None
2024-02-21,高线,Φ6,HPB300,莱钢永锋,None,山东烟台,None,None
2024-02-21,高线,Φ6,HPB300,石横特钢,None,山东烟台,None,None
2024-02-21,高线,Φ6,HPB300,江苏镔鑫,None,山东烟台,None,None
2024-02-21,高线,Φ8,HPB300,莱钢永锋,None,山东烟台,None,None
2024-02-21,高线,Φ8,HPB300,石横特钢,None,山东烟台,None,None
2024-02-21,高线,Φ8,HPB300,江苏镔鑫,None,山东烟台,None,None
2024-02-20,圆钢,Φ12-22,HPB300,莱钢永锋,None,山东烟台,None,None
2024-02-20,圆钢,Φ12-22,HPB300,石横特钢,None,山东烟台,None,None
2024-02-20,圆钢,Φ25-32,HPB300,莱钢永锋,None,山东烟台,None,None
2024-02-20,圆钢,Φ25-32,HPB300,石横特钢,None,山东烟台,None,None
2024-02-20,盘螺,Φ10,HRB400E,莱钢永锋,None,山东烟台,None,None
2024-02-20,盘螺,Φ10,HRB400E,石横特钢,None,山东烟台,None,None
2024-02-20,盘螺,Φ10,HRB400E,日照,None,山东烟台,None,None
2024-02-20,盘螺,Φ10,HRB400E,江苏镔鑫,None,山东烟台,None,None
2024-02-20,盘螺,Φ10,HRB400E,日钢营口,None,山东烟台,None,None
2024-02-20,盘螺,Φ12,HRB400E,莱钢永锋,None,山东烟台,None,None
2024-02-20,盘螺,Φ12,HRB400E,石横特钢,None,山东烟台,None,None
2024-02-20,盘螺,Φ6,HRB400E,莱钢永锋,None,山东烟台,None,None
2024-02-20,盘螺,Φ6,HRB400E,石横特钢,None,山东烟台,None,None
2024-02-20,盘螺,Φ8,HRB400E,莱钢永锋,None,山东烟台,None,None
2024-02-20,盘螺,Φ8,HRB400E,石横特钢,None,山东烟台,None,None
2024-02-20,盘螺,Φ8,HRB400E,日照,None,山东烟台,None,None
2024-02-20,盘螺,Φ8,HRB400E,江苏镔鑫,None,山东烟台,None,None
2024-02-20,盘螺,Φ8,HRB400E,日钢营口,None,山东烟台,None,None
2024-02-20,螺纹钢,Φ10,HRB400E,莱钢,None,山东烟台,None,None
2024-02-20,螺纹钢,Φ10,HRB400E,莱钢永锋,None,山东烟台,None,None
2024-02-20,螺纹钢,Φ10,HRB400E,石横特钢,None,山东烟台,None,None
2024-02-20,螺纹钢,Φ12,HRB400E,莱钢,None,山东烟台,None,None
2024-02-20,螺纹钢,Φ12,HRB400E,莱钢永锋,None,山东烟台,None,None
2024-02-20,螺纹钢,Φ12,HRB400E,石横特钢,None,山东烟台,None,None
2024-02-20,螺纹钢,Φ12,HRB400E,日照,None,山东烟台,None,None
2024-02-20,螺纹钢,Φ12,HRB400E,江苏镔鑫,None,山东烟台,None,None
2024-02-20,螺纹钢,Φ12-14,HRB500E,莱钢,None,山东烟台,None,None
2024-02-20,螺纹钢,Φ12-14,HRB500E,莱钢永锋,None,山东烟台,None,None
2024-02-20,螺纹钢,Φ12-14,HRB500E,石横特钢,None,山东烟台,None,None
2024-02-20,螺纹钢,Φ14,HRB400E,莱钢,None,山东烟台,None,None
2024-02-20,螺纹钢,Φ14,HRB400E,莱钢永锋,None,山东烟台,None,None
2024-02-20,螺纹钢,Φ14,HRB400E,石横特钢,None,山东烟台,None,None
2024-02-20,螺纹钢,Φ14,HRB400E,日照,None,山东烟台,None,None
2024-02-20,螺纹钢,Φ14,HRB400E,江苏镔鑫,None,山东烟台,None,None
2024-02-20,螺纹钢,Φ16,HRB400E,莱钢,None,山东烟台,None,None
2024-02-20,螺纹钢,Φ16,HRB400E,莱钢永锋,None,山东烟台,None,None
2024-02-20,螺纹钢,Φ16,HRB400E,石横特钢,None,山东烟台,None,None
2024-02-20,螺纹钢,Φ16,HRB400E,日照,None,山东烟台,None,None
2024-02-20,螺纹钢,Φ16,HRB400E,江苏镔鑫,None,山东烟台,None,None
2024-02-20,螺纹钢,Φ18,HRB400E,莱钢,None,山东烟台,None,None
2024-02-20,螺纹钢,Φ18,HRB400E,莱钢永锋,None,山东烟台,None,None
2024-02-20,螺纹钢,Φ18,HRB400E,石横特钢,None,山东烟台,None,None
2024-02-20,螺纹钢,Φ18,HRB400E,日照,None,山东烟台,None,None
2024-02-20,螺纹钢,Φ18,HRB400E,江苏镔鑫,None,山东烟台,None,None
2024-02-20,螺纹钢,Φ20,HRB400E,莱钢,None,山东烟台,None,None
2024-02-20,螺纹钢,Φ20,HRB400E,莱钢永锋,None,山东烟台,None,None
2024-02-20,螺纹钢,Φ20,HRB400E,石横特钢,None,山东烟台,None,None
2024-02-20,螺纹钢,Φ20,HRB400E,日照,None,山东烟台,None,None
2024-02-20,螺纹钢,Φ20,HRB400E,江苏镔鑫,None,山东烟台,None,None
2024-02-20,螺纹钢,Φ22,HRB400E,莱钢,None,山东烟台,None,None
2024-02-20,螺纹钢,Φ22,HRB400E,莱钢永锋,None,山东烟台,None,None
2024-02-20,螺纹钢,Φ22,HRB400E,石横特钢,None,山东烟台,None,None
2024-02-20,螺纹钢,Φ22,HRB400E,日照,None,山东烟台,None,None
2024-02-20,螺纹钢,Φ22,HRB400E,江苏镔鑫,None,山东烟台,None,None
2024-02-20,螺纹钢,Φ25,HRB400E,莱钢,None,山东烟台,None,None
2024-02-20,螺纹钢,Φ25,HRB400E,莱钢永锋,None,山东烟台,None,None
2024-02-20,螺纹钢,Φ25,HRB400E,石横特钢,None,山东烟台,None,None
2024-02-20,螺纹钢,Φ25,HRB400E,日照,None,山东烟台,None,None
2024-02-20,螺纹钢,Φ25,HRB400E,江苏镔鑫,None,山东烟台,None,None
2024-02-20,螺纹钢,Φ28-32,HRB400E,莱钢,None,山东烟台,None,None
2024-02-20,螺纹钢,Φ28-32,HRB400E,莱钢永锋,None,山东烟台,None,None
2024-02-20,螺纹钢,Φ28-32,HRB400E,石横特钢,None,山东烟台,None,None
2024-02-20,螺纹钢,Φ28-32,HRB400E,日照,None,山东烟台,None,None
2024-02-20,螺纹钢,Φ28-32,HRB400E,江苏镔鑫,None,山东烟台,None,None
2024-02-20,高线,Φ10,HPB300,莱钢永锋,None,山东烟台,None,None
2024-02-20,高线,Φ10,HPB300,石横特钢,None,山东烟台,None,None
2024-02-20,高线,Φ10,HPB300,江苏镔鑫,None,山东烟台,None,None
2024-02-20,高线,Φ12,HPB300,莱钢永锋,None,山东烟台,None,None
2024-02-20,高线,Φ12,HPB300,石横特钢,None,山东烟台,None,None
2024-02-20,高线,Φ6,HPB300,莱钢永锋,None,山东烟台,None,None
2024-02-20,高线,Φ6,HPB300,石横特钢,None,山东烟台,None,None
2024-02-20,高线,Φ6,HPB300,江苏镔鑫,None,山东烟台,None,None
2024-02-20,高线,Φ8,HPB300,莱钢永锋,None,山东烟台,None,None
2024-02-20,高线,Φ8,HPB300,石横特钢,None,山东烟台,None,None
2024-02-20,高线,Φ8,HPB300,江苏镔鑫,None,山东烟台,None,None
2024-02-19,圆钢,Φ12-22,HPB300,莱钢永锋,None,山东烟台,None,None
2024-02-19,圆钢,Φ12-22,HPB300,石横特钢,None,山东烟台,None,None
2024-02-19,圆钢,Φ25-32,HPB300,莱钢永锋,None,山东烟台,None,None
2024-02-19,圆钢,Φ25-32,HPB300,石横特钢,None,山东烟台,None,None
2024-02-19,盘螺,Φ10,HRB400E,莱钢永锋,None,山东烟台,None,None
2024-02-19,盘螺,Φ10,HRB400E,石横特钢,None,山东烟台,None,None
2024-02-19,盘螺,Φ10,HRB400E,日照,None,山东烟台,None,None
2024-02-19,盘螺,Φ10,HRB400E,江苏镔鑫,None,山东烟台,None,None
2024-02-19,盘螺,Φ10,HRB400E,日钢营口,None,山东烟台,None,None
2024-02-19,盘螺,Φ12,HRB400E,莱钢永锋,None,山东烟台,None,None
2024-02-19,盘螺,Φ12,HRB400E,石横特钢,None,山东烟台,None,None
2024-02-19,盘螺,Φ6,HRB400E,莱钢永锋,None,山东烟台,None,None
2024-02-19,盘螺,Φ6,HRB400E,石横特钢,None,山东烟台,None,None
2024-02-19,盘螺,Φ8,HRB400E,莱钢永锋,None,山东烟台,None,None
2024-02-19,盘螺,Φ8,HRB400E,石横特钢,None,山东烟台,None,None
2024-02-19,盘螺,Φ8,HRB400E,日照,None,山东烟台,None,None
2024-02-19,盘螺,Φ8,HRB400E,江苏镔鑫,None,山东烟台,None,None
2024-02-19,盘螺,Φ8,HRB400E,日钢营口,None,山东烟台,None,None
2024-02-19,螺纹钢,Φ10,HRB400E,莱钢,None,山东烟台,None,None
2024-02-19,螺纹钢,Φ10,HRB400E,莱钢永锋,None,山东烟台,None,None
2024-02-19,螺纹钢,Φ10,HRB400E,石横特钢,None,山东烟台,None,None
2024-02-19,螺纹钢,Φ12,HRB400E,莱钢,None,山东烟台,None,None
2024-02-19,螺纹钢,Φ12,HRB400E,莱钢永锋,None,山东烟台,None,None
2024-02-19,螺纹钢,Φ12,HRB400E,石横特钢,None,山东烟台,None,None
2024-02-19,螺纹钢,Φ12,HRB400E,日照,None,山东烟台,None,None
2024-02-19,螺纹钢,Φ12,HRB400E,江苏镔鑫,None,山东烟台,None,None
2024-02-19,螺纹钢,Φ12-14,HRB500E,莱钢,None,山东烟台,None,None
2024-02-19,螺纹钢,Φ12-14,HRB500E,莱钢永锋,None,山东烟台,None,None
2024-02-19,螺纹钢,Φ12-14,HRB500E,石横特钢,None,山东烟台,None,None
2024-02-19,螺纹钢,Φ14,HRB400E,莱钢,None,山东烟台,None,None
2024-02-19,螺纹钢,Φ14,HRB400E,莱钢永锋,None,山东烟台,None,None
2024-02-19,螺纹钢,Φ14,HRB400E,石横特钢,None,山东烟台,None,None
2024-02-19,螺纹钢,Φ14,HRB400E,日照,None,山东烟台,None,None
2024-02-19,螺纹钢,Φ14,HRB400E,江苏镔鑫,None,山东烟台,None,None
2024-02-19,螺纹钢,Φ16,HRB400E,莱钢,None,山东烟台,None,None
2024-02-19,螺纹钢,Φ16,HRB400E,莱钢永锋,None,山东烟台,None,None
2024-02-19,螺纹钢,Φ16,HRB400E,石横特钢,None,山东烟台,None,None
2024-02-19,螺纹钢,Φ16,HRB400E,日照,None,山东烟台,None,None
2024-02-19,螺纹钢,Φ16,HRB400E,江苏镔鑫,None,山东烟台,None,None
2024-02-19,螺纹钢,Φ18,HRB400E,莱钢,None,山东烟台,None,None
2024-02-19,螺纹钢,Φ18,HRB400E,莱钢永锋,None,山东烟台,None,None
2024-02-19,螺纹钢,Φ18,HRB400E,石横特钢,None,山东烟台,None,None
2024-02-19,螺纹钢,Φ18,HRB400E,日照,None,山东烟台,None,None
2024-02-19,螺纹钢,Φ18,HRB400E,江苏镔鑫,None,山东烟台,None,None
2024-02-19,螺纹钢,Φ20,HRB400E,莱钢,None,山东烟台,None,None
2024-02-19,螺纹钢,Φ20,HRB400E,莱钢永锋,None,山东烟台,None,None
2024-02-19,螺纹钢,Φ20,HRB400E,石横特钢,None,山东烟台,None,None
2024-02-19,螺纹钢,Φ20,HRB400E,日照,None,山东烟台,None,None
2024-02-19,螺纹钢,Φ20,HRB400E,江苏镔鑫,None,山东烟台,None,None
2024-02-19,螺纹钢,Φ22,HRB400E,莱钢,None,山东烟台,None,None
2024-02-19,螺纹钢,Φ22,HRB400E,莱钢永锋,None,山东烟台,None,None
2024-02-19,螺纹钢,Φ22,HRB400E,石横特钢,None,山东烟台,None,None
2024-02-19,螺纹钢,Φ22,HRB400E,日照,None,山东烟台,None,None
2024-02-19,螺纹钢,Φ22,HRB400E,江苏镔鑫,None,山东烟台,None,None
2024-02-19,螺纹钢,Φ25,HRB400E,莱钢,None,山东烟台,None,None
2024-02-19,螺纹钢,Φ25,HRB400E,莱钢永锋,None,山东烟台,None,None
2024-02-19,螺纹钢,Φ25,HRB400E,石横特钢,None,山东烟台,None,None
2024-02-19,螺纹钢,Φ25,HRB400E,日照,None,山东烟台,None,None
2024-02-19,螺纹钢,Φ25,HRB400E,江苏镔鑫,None,山东烟台,None,None
2024-02-19,螺纹钢,Φ28-32,HRB400E,莱钢,None,山东烟台,None,None
2024-02-19,螺纹钢,Φ28-32,HRB400E,莱钢永锋,None,山东烟台,None,None
2024-02-19,螺纹钢,Φ28-32,HRB400E,石横特钢,None,山东烟台,None,None
2024-02-19,螺纹钢,Φ28-32,HRB400E,日照,None,山东烟台,None,None
2024-02-19,螺纹钢,Φ28-32,HRB400E,江苏镔鑫,None,山东烟台,None,None
2024-02-19,高线,Φ10,HPB300,莱钢永锋,None,山东烟台,None,None
2024-02-19,高线,Φ10,HPB300,石横特钢,None,山东烟台,None,None
2024-02-19,高线,Φ10,HPB300,江苏镔鑫,None,山东烟台,None,None
2024-02-19,高线,Φ12,HPB300,莱钢永锋,None,山东烟台,None,None
2024-02-19,高线,Φ12,HPB300,石横特钢,None,山东烟台,None,None
2024-02-19,高线,Φ6,HPB300,莱钢永锋,None,山东烟台,None,None
2024-02-19,高线,Φ6,HPB300,石横特钢,None,山东烟台,None,None
2024-02-19,高线,Φ6,HPB300,江苏镔鑫,None,山东烟台,None,None
2024-02-19,高线,Φ8,HPB300,莱钢永锋,None,山东烟台,None,None
2024-02-19,高线,Φ8,HPB300,石横特钢,None,山东烟台,None,None
2024-02-19,高线,Φ8,HPB300,江苏镔鑫,None,山东烟台,None,None
2024-02-18,圆钢,Φ12-22,HPB300,莱钢永锋,None,山东烟台,None,None
2024-02-18,圆钢,Φ12-22,HPB300,石横特钢,None,山东烟台,None,None
2024-02-18,圆钢,Φ25-32,HPB300,莱钢永锋,None,山东烟台,None,None
2024-02-18,圆钢,Φ25-32,HPB300,石横特钢,None,山东烟台,None,None
2024-02-18,盘螺,Φ10,HRB400E,莱钢永锋,None,山东烟台,None,None
2024-02-18,盘螺,Φ10,HRB400E,石横特钢,None,山东烟台,None,None
2024-02-18,盘螺,Φ10,HRB400E,日照,None,山东烟台,None,None
2024-02-18,盘螺,Φ10,HRB400E,江苏镔鑫,None,山东烟台,None,None
2024-02-18,盘螺,Φ10,HRB400E,日钢营口,None,山东烟台,None,None
2024-02-18,盘螺,Φ12,HRB400E,莱钢永锋,None,山东烟台,None,None
2024-02-18,盘螺,Φ12,HRB400E,石横特钢,None,山东烟台,None,None
2024-02-18,盘螺,Φ6,HRB400E,莱钢永锋,None,山东烟台,None,None
2024-02-18,盘螺,Φ6,HRB400E,石横特钢,None,山东烟台,None,None
2024-02-18,盘螺,Φ8,HRB400E,莱钢永锋,None,山东烟台,None,None
2024-02-18,盘螺,Φ8,HRB400E,石横特钢,None,山东烟台,None,None
2024-02-18,盘螺,Φ8,HRB400E,日照,None,山东烟台,None,None
2024-02-18,盘螺,Φ8,HRB400E,江苏镔鑫,None,山东烟台,None,None
2024-02-18,盘螺,Φ8,HRB400E,日钢营口,None,山东烟台,None,None
2024-02-18,螺纹钢,Φ10,HRB400E,莱钢,None,山东烟台,None,None
2024-02-18,螺纹钢,Φ10,HRB400E,莱钢永锋,None,山东烟台,None,None
2024-02-18,螺纹钢,Φ10,HRB400E,石横特钢,None,山东烟台,None,None
2024-02-18,螺纹钢,Φ12,HRB400E,莱钢,None,山东烟台,None,None
2024-02-18,螺纹钢,Φ12,HRB400E,莱钢永锋,None,山东烟台,None,None
2024-02-18,螺纹钢,Φ12,HRB400E,石横特钢,None,山东烟台,None,None
2024-02-18,螺纹钢,Φ12,HRB400E,日照,None,山东烟台,None,None
2024-02-18,螺纹钢,Φ12,HRB400E,江苏镔鑫,None,山东烟台,None,None
2024-02-18,螺纹钢,Φ12-14,HRB500E,莱钢,None,山东烟台,None,None
2024-02-18,螺纹钢,Φ12-14,HRB500E,莱钢永锋,None,山东烟台,None,None
2024-02-18,螺纹钢,Φ12-14,HRB500E,石横特钢,None,山东烟台,None,None
2024-02-18,螺纹钢,Φ14,HRB400E,莱钢,None,山东烟台,None,None
2024-02-18,螺纹钢,Φ14,HRB400E,莱钢永锋,None,山东烟台,None,None
2024-02-18,螺纹钢,Φ14,HRB400E,石横特钢,None,山东烟台,None,None
2024-02-18,螺纹钢,Φ14,HRB400E,日照,None,山东烟台,None,None
2024-02-18,螺纹钢,Φ14,HRB400E,江苏镔鑫,None,山东烟台,None,None
2024-02-18,螺纹钢,Φ16,HRB400E,莱钢,None,山东烟台,None,None
2024-02-18,螺纹钢,Φ16,HRB400E,莱钢永锋,None,山东烟台,None,None
2024-02-18,螺纹钢,Φ16,HRB400E,石横特钢,None,山东烟台,None,None
2024-02-18,螺纹钢,Φ16,HRB400E,日照,None,山东烟台,None,None
2024-02-18,螺纹钢,Φ16,HRB400E,江苏镔鑫,None,山东烟台,None,None
2024-02-18,螺纹钢,Φ18,HRB400E,莱钢,None,山东烟台,None,None
2024-02-18,螺纹钢,Φ18,HRB400E,莱钢永锋,None,山东烟台,None,None
2024-02-18,螺纹钢,Φ18,HRB400E,石横特钢,None,山东烟台,None,None
2024-02-18,螺纹钢,Φ18,HRB400E,日照,None,山东烟台,None,None
2024-02-18,螺纹钢,Φ18,HRB400E,江苏镔鑫,None,山东烟台,None,None
2024-02-18,螺纹钢,Φ20,HRB400E,莱钢,None,山东烟台,None,None
2024-02-18,螺纹钢,Φ20,HRB400E,莱钢永锋,None,山东烟台,None,None
2024-02-18,螺纹钢,Φ20,HRB400E,石横特钢,None,山东烟台,None,None
2024-02-18,螺纹钢,Φ20,HRB400E,日照,None,山东烟台,None,None
2024-02-18,螺纹钢,Φ20,HRB400E,江苏镔鑫,None,山东烟台,None,None
2024-02-18,螺纹钢,Φ22,HRB400E,莱钢,None,山东烟台,None,None
2024-02-18,螺纹钢,Φ22,HRB400E,莱钢永锋,None,山东烟台,None,None
2024-02-18,螺纹钢,Φ22,HRB400E,石横特钢,None,山东烟台,None,None
2024-02-18,螺纹钢,Φ22,HRB400E,日照,None,山东烟台,None,None
2024-02-18,螺纹钢,Φ22,HRB400E,江苏镔鑫,None,山东烟台,None,None
2024-02-18,螺纹钢,Φ25,HRB400E,莱钢,None,山东烟台,None,None
2024-02-18,螺纹钢,Φ25,HRB400E,莱钢永锋,None,山东烟台,None,None
2024-02-18,螺纹钢,Φ25,HRB400E,石横特钢,None,山东烟台,None,None
2024-02-18,螺纹钢,Φ25,HRB400E,日照,None,山东烟台,None,None
2024-02-18,螺纹钢,Φ25,HRB400E,江苏镔鑫,None,山东烟台,None,None
2024-02-18,螺纹钢,Φ28-32,HRB400E,莱钢,None,山东烟台,None,None
2024-02-18,螺纹钢,Φ28-32,HRB400E,莱钢永锋,None,山东烟台,None,None
2024-02-18,螺纹钢,Φ28-32,HRB400E,石横特钢,None,山东烟台,None,None
2024-02-18,螺纹钢,Φ28-32,HRB400E,日照,None,山东烟台,None,None
2024-02-18,螺纹钢,Φ28-32,HRB400E,江苏镔鑫,None,山东烟台,None,None
2024-02-18,高线,Φ10,HPB300,莱钢永锋,None,山东烟台,None,None
2024-02-18,高线,Φ10,HPB300,石横特钢,None,山东烟台,None,None
2024-02-18,高线,Φ10,HPB300,江苏镔鑫,None,山东烟台,None,None
2024-02-18,高线,Φ12,HPB300,莱钢永锋,None,山东烟台,None,None
2024-02-18,高线,Φ12,HPB300,石横特钢,None,山东烟台,None,None
2024-02-18,高线,Φ6,HPB300,莱钢永锋,None,山东烟台,None,None
2024-02-18,高线,Φ6,HPB300,石横特钢,None,山东烟台,None,None
2024-02-18,高线,Φ6,HPB300,江苏镔鑫,None,山东烟台,None,None
2024-02-18,高线,Φ8,HPB300,莱钢永锋,None,山东烟台,None,None
2024-02-18,高线,Φ8,HPB300,石横特钢,None,山东烟台,None,None
2024-02-18,高线,Φ8,HPB300,江苏镔鑫,None,山东烟台,None,None
2024-02-09,圆钢,Φ12-22,HPB300,莱钢永锋,None,山东烟台,None,None
2024-02-09,圆钢,Φ12-22,HPB300,石横特钢,None,山东烟台,None,None
2024-02-09,圆钢,Φ25-32,HPB300,莱钢永锋,None,山东烟台,None,None
2024-02-09,圆钢,Φ25-32,HPB300,石横特钢,None,山东烟台,None,None
2024-02-09,盘螺,Φ10,HRB400E,莱钢永锋,None,山东烟台,None,None
2024-02-09,盘螺,Φ10,HRB400E,石横特钢,None,山东烟台,None,None
2024-02-09,盘螺,Φ10,HRB400E,日照,None,山东烟台,None,None
2024-02-09,盘螺,Φ10,HRB400E,江苏镔鑫,None,山东烟台,None,None
2024-02-09,盘螺,Φ10,HRB400E,日钢营口,None,山东烟台,None,None
2024-02-09,盘螺,Φ12,HRB400E,莱钢永锋,None,山东烟台,None,None
2024-02-09,盘螺,Φ12,HRB400E,石横特钢,None,山东烟台,None,None
2024-02-09,盘螺,Φ6,HRB400E,莱钢永锋,None,山东烟台,None,None
2024-02-09,盘螺,Φ6,HRB400E,石横特钢,None,山东烟台,None,None
2024-02-09,盘螺,Φ8,HRB400E,莱钢永锋,None,山东烟台,None,None
2024-02-09,盘螺,Φ8,HRB400E,石横特钢,None,山东烟台,None,None
2024-02-09,盘螺,Φ8,HRB400E,日照,None,山东烟台,None,None
2024-02-09,盘螺,Φ8,HRB400E,江苏镔鑫,None,山东烟台,None,None
2024-02-09,盘螺,Φ8,HRB400E,日钢营口,None,山东烟台,None,None
2024-02-09,螺纹钢,Φ10,HRB400E,莱钢,None,山东烟台,None,None
2024-02-09,螺纹钢,Φ10,HRB400E,莱钢永锋,None,山东烟台,None,None
2024-02-09,螺纹钢,Φ10,HRB400E,石横特钢,None,山东烟台,None,None
2024-02-09,螺纹钢,Φ12,HRB400E,莱钢,None,山东烟台,None,None
2024-02-09,螺纹钢,Φ12,HRB400E,莱钢永锋,None,山东烟台,None,None
2024-02-09,螺纹钢,Φ12,HRB400E,石横特钢,None,山东烟台,None,None
2024-02-09,螺纹钢,Φ12,HRB400E,日照,None,山东烟台,None,None
2024-02-09,螺纹钢,Φ12,HRB400E,江苏镔鑫,None,山东烟台,None,None
2024-02-09,螺纹钢,Φ12-14,HRB500E,莱钢,None,山东烟台,None,None
2024-02-09,螺纹钢,Φ12-14,HRB500E,莱钢永锋,None,山东烟台,None,None
2024-02-09,螺纹钢,Φ12-14,HRB500E,石横特钢,None,山东烟台,None,None
2024-02-09,螺纹钢,Φ14,HRB400E,莱钢,None,山东烟台,None,None
2024-02-09,螺纹钢,Φ14,HRB400E,莱钢永锋,None,山东烟台,None,None
2024-02-09,螺纹钢,Φ14,HRB400E,石横特钢,None,山东烟台,None,None
2024-02-09,螺纹钢,Φ14,HRB400E,日照,None,山东烟台,None,None
2024-02-09,螺纹钢,Φ14,HRB400E,江苏镔鑫,None,山东烟台,None,None
2024-02-09,螺纹钢,Φ16,HRB400E,莱钢,None,山东烟台,None,None
2024-02-09,螺纹钢,Φ16,HRB400E,莱钢永锋,None,山东烟台,None,None
2024-02-09,螺纹钢,Φ16,HRB400E,石横特钢,None,山东烟台,None,None
2024-02-09,螺纹钢,Φ16,HRB400E,日照,None,山东烟台,None,None
2024-02-09,螺纹钢,Φ16,HRB400E,江苏镔鑫,None,山东烟台,None,None
2024-02-09,螺纹钢,Φ18,HRB400E,莱钢,None,山东烟台,None,None
2024-02-09,螺纹钢,Φ18,HRB400E,莱钢永锋,None,山东烟台,None,None
2024-02-09,螺纹钢,Φ18,HRB400E,石横特钢,None,山东烟台,None,None
2024-02-09,螺纹钢,Φ18,HRB400E,日照,None,山东烟台,None,None
2024-02-09,螺纹钢,Φ18,HRB400E,江苏镔鑫,None,山东烟台,None,None
2024-02-09,螺纹钢,Φ20,HRB400E,莱钢,None,山东烟台,None,None
2024-02-09,螺纹钢,Φ20,HRB400E,莱钢永锋,None,山东烟台,None,None
2024-02-09,螺纹钢,Φ20,HRB400E,石横特钢,None,山东烟台,None,None
2024-02-09,螺纹钢,Φ20,HRB400E,日照,None,山东烟台,None,None
2024-02-09,螺纹钢,Φ20,HRB400E,江苏镔鑫,None,山东烟台,None,None
2024-02-09,螺纹钢,Φ22,HRB400E,莱钢,None,山东烟台,None,None
2024-02-09,螺纹钢,Φ22,HRB400E,莱钢永锋,None,山东烟台,None,None
2024-02-09,螺纹钢,Φ22,HRB400E,石横特钢,None,山东烟台,None,None
2024-02-09,螺纹钢,Φ22,HRB400E,日照,None,山东烟台,None,None
2024-02-09,螺纹钢,Φ22,HRB400E,江苏镔鑫,None,山东烟台,None,None
2024-02-09,螺纹钢,Φ25,HRB400E,莱钢,None,山东烟台,None,None
2024-02-09,螺纹钢,Φ25,HRB400E,莱钢永锋,None,山东烟台,None,None
2024-02-09,螺纹钢,Φ25,HRB400E,石横特钢,None,山东烟台,None,None
2024-02-09,螺纹钢,Φ25,HRB400E,日照,None,山东烟台,None,None
2024-02-09,螺纹钢,Φ25,HRB400E,江苏镔鑫,None,山东烟台,None,None
2024-02-09,螺纹钢,Φ28-32,HRB400E,莱钢,None,山东烟台,None,None
2024-02-09,螺纹钢,Φ28-32,HRB400E,莱钢永锋,None,山东烟台,None,None
2024-02-09,螺纹钢,Φ28-32,HRB400E,石横特钢,None,山东烟台,None,None
2024-02-09,螺纹钢,Φ28-32,HRB400E,日照,None,山东烟台,None,None
2024-02-09,螺纹钢,Φ28-32,HRB400E,江苏镔鑫,None,山东烟台,None,None
2024-02-09,高线,Φ10,HPB300,莱钢永锋,None,山东烟台,None,None
2024-02-09,高线,Φ10,HPB300,石横特钢,None,山东烟台,None,None
2024-02-09,高线,Φ10,HPB300,江苏镔鑫,None,山东烟台,None,None
2024-02-09,高线,Φ12,HPB300,莱钢永锋,None,山东烟台,None,None
2024-02-09,高线,Φ12,HPB300,石横特钢,None,山东烟台,None,None
2024-02-09,高线,Φ6,HPB300,莱钢永锋,None,山东烟台,None,None
2024-02-09,高线,Φ6,HPB300,石横特钢,None,山东烟台,None,None
2024-02-09,高线,Φ6,HPB300,江苏镔鑫,None,山东烟台,None,None
2024-02-09,高线,Φ8,HPB300,莱钢永锋,None,山东烟台,None,None
2024-02-09,高线,Φ8,HPB300,石横特钢,None,山东烟台,None,None
2024-02-09,高线,Φ8,HPB300,江苏镔鑫,None,山东烟台,None,None
2024-02-08,圆钢,Φ12-22,HPB300,莱钢永锋,None,山东烟台,None,None
2024-02-08,圆钢,Φ12-22,HPB300,石横特钢,None,山东烟台,None,None
2024-02-08,圆钢,Φ25-32,HPB300,莱钢永锋,None,山东烟台,None,None
2024-02-08,圆钢,Φ25-32,HPB300,石横特钢,None,山东烟台,None,None
2024-02-08,盘螺,Φ10,HRB400E,莱钢永锋,None,山东烟台,None,None
2024-02-08,盘螺,Φ10,HRB400E,石横特钢,None,山东烟台,None,None
2024-02-08,盘螺,Φ10,HRB400E,日照,None,山东烟台,None,None
2024-02-08,盘螺,Φ10,HRB400E,江苏镔鑫,None,山东烟台,None,None
2024-02-08,盘螺,Φ10,HRB400E,日钢营口,None,山东烟台,None,None
2024-02-08,盘螺,Φ12,HRB400E,莱钢永锋,None,山东烟台,None,None
2024-02-08,盘螺,Φ12,HRB400E,石横特钢,None,山东烟台,None,None
2024-02-08,盘螺,Φ6,HRB400E,莱钢永锋,None,山东烟台,None,None
2024-02-08,盘螺,Φ6,HRB400E,石横特钢,None,山东烟台,None,None
2024-02-08,盘螺,Φ8,HRB400E,莱钢永锋,None,山东烟台,None,None
2024-02-08,盘螺,Φ8,HRB400E,石横特钢,None,山东烟台,None,None
2024-02-08,盘螺,Φ8,HRB400E,日照,None,山东烟台,None,None
2024-02-08,盘螺,Φ8,HRB400E,江苏镔鑫,None,山东烟台,None,None
2024-02-08,盘螺,Φ8,HRB400E,日钢营口,None,山东烟台,None,None
2024-02-08,螺纹钢,Φ10,HRB400E,莱钢,None,山东烟台,None,None
2024-02-08,螺纹钢,Φ10,HRB400E,莱钢永锋,None,山东烟台,None,None
2024-02-08,螺纹钢,Φ10,HRB400E,石横特钢,None,山东烟台,None,None
2024-02-08,螺纹钢,Φ12,HRB400E,莱钢,None,山东烟台,None,None
2024-02-08,螺纹钢,Φ12,HRB400E,莱钢永锋,None,山东烟台,None,None
2024-02-08,螺纹钢,Φ12,HRB400E,石横特钢,None,山东烟台,None,None
2024-02-08,螺纹钢,Φ12,HRB400E,日照,None,山东烟台,None,None
2024-02-08,螺纹钢,Φ12,HRB400E,江苏镔鑫,None,山东烟台,None,None
2024-02-08,螺纹钢,Φ12-14,HRB500E,莱钢,None,山东烟台,None,None
2024-02-08,螺纹钢,Φ12-14,HRB500E,莱钢永锋,None,山东烟台,None,None
2024-02-08,螺纹钢,Φ12-14,HRB500E,石横特钢,None,山东烟台,None,None
2024-02-08,螺纹钢,Φ14,HRB400E,莱钢,None,山东烟台,None,None
2024-02-08,螺纹钢,Φ14,HRB400E,莱钢永锋,None,山东烟台,None,None
2024-02-08,螺纹钢,Φ14,HRB400E,石横特钢,None,山东烟台,None,None
2024-02-08,螺纹钢,Φ14,HRB400E,日照,None,山东烟台,None,None
2024-02-08,螺纹钢,Φ14,HRB400E,江苏镔鑫,None,山东烟台,None,None
2024-02-08,螺纹钢,Φ16,HRB400E,莱钢,None,山东烟台,None,None
2024-02-08,螺纹钢,Φ16,HRB400E,莱钢永锋,None,山东烟台,None,None
2024-02-08,螺纹钢,Φ16,HRB400E,石横特钢,None,山东烟台,None,None
2024-02-08,螺纹钢,Φ16,HRB400E,日照,None,山东烟台,None,None
2024-02-08,螺纹钢,Φ16,HRB400E,江苏镔鑫,None,山东烟台,None,None
2024-02-08,螺纹钢,Φ18,HRB400E,莱钢,None,山东烟台,None,None
2024-02-08,螺纹钢,Φ18,HRB400E,莱钢永锋,None,山东烟台,None,None
2024-02-08,螺纹钢,Φ18,HRB400E,石横特钢,None,山东烟台,None,None
2024-02-08,螺纹钢,Φ18,HRB400E,日照,None,山东烟台,None,None
2024-02-08,螺纹钢,Φ18,HRB400E,江苏镔鑫,None,山东烟台,None,None
2024-02-08,螺纹钢,Φ20,HRB400E,莱钢,None,山东烟台,None,None
2024-02-08,螺纹钢,Φ20,HRB400E,莱钢永锋,None,山东烟台,None,None
2024-02-08,螺纹钢,Φ20,HRB400E,石横特钢,None,山东烟台,None,None
2024-02-08,螺纹钢,Φ20,HRB400E,日照,None,山东烟台,None,None
2024-02-08,螺纹钢,Φ20,HRB400E,江苏镔鑫,None,山东烟台,None,None
2024-02-08,螺纹钢,Φ22,HRB400E,莱钢,None,山东烟台,None,None
2024-02-08,螺纹钢,Φ22,HRB400E,莱钢永锋,None,山东烟台,None,None
2024-02-08,螺纹钢,Φ22,HRB400E,石横特钢,None,山东烟台,None,None
2024-02-08,螺纹钢,Φ22,HRB400E,日照,None,山东烟台,None,None
2024-02-08,螺纹钢,Φ22,HRB400E,江苏镔鑫,None,山东烟台,None,None
2024-02-08,螺纹钢,Φ25,HRB400E,莱钢,None,山东烟台,None,None
2024-02-08,螺纹钢,Φ25,HRB400E,莱钢永锋,None,山东烟台,None,None
2024-02-08,螺纹钢,Φ25,HRB400E,石横特钢,None,山东烟台,None,None
2024-02-08,螺纹钢,Φ25,HRB400E,日照,None,山东烟台,None,None
2024-02-08,螺纹钢,Φ25,HRB400E,江苏镔鑫,None,山东烟台,None,None
2024-02-08,螺纹钢,Φ28-32,HRB400E,莱钢,None,山东烟台,None,None
2024-02-08,螺纹钢,Φ28-32,HRB400E,莱钢永锋,None,山东烟台,None,None
2024-02-08,螺纹钢,Φ28-32,HRB400E,石横特钢,None,山东烟台,None,None
2024-02-08,螺纹钢,Φ28-32,HRB400E,日照,None,山东烟台,None,None
2024-02-08,螺纹钢,Φ28-32,HRB400E,江苏镔鑫,None,山东烟台,None,None
2024-02-08,高线,Φ10,HPB300,莱钢永锋,None,山东烟台,None,None
2024-02-08,高线,Φ10,HPB300,石横特钢,None,山东烟台,None,None
2024-02-08,高线,Φ10,HPB300,江苏镔鑫,None,山东烟台,None,None
2024-02-08,高线,Φ12,HPB300,莱钢永锋,None,山东烟台,None,None
2024-02-08,高线,Φ12,HPB300,石横特钢,None,山东烟台,None,None
2024-02-08,高线,Φ6,HPB300,莱钢永锋,None,山东烟台,None,None
2024-02-08,高线,Φ6,HPB300,石横特钢,None,山东烟台,None,None
2024-02-08,高线,Φ6,HPB300,江苏镔鑫,None,山东烟台,None,None
2024-02-08,高线,Φ8,HPB300,莱钢永锋,None,山东烟台,None,None
2024-02-08,高线,Φ8,HPB300,石横特钢,None,山东烟台,None,None
2024-02-08,高线,Φ8,HPB300,江苏镔鑫,None,山东烟台,None,None
2024-02-07,圆钢,Φ12-22,HPB300,莱钢永锋,None,山东烟台,None,None
2024-02-07,圆钢,Φ12-22,HPB300,石横特钢,None,山东烟台,None,None
2024-02-07,圆钢,Φ25-32,HPB300,莱钢永锋,None,山东烟台,None,None
2024-02-07,圆钢,Φ25-32,HPB300,石横特钢,None,山东烟台,None,None
2024-02-07,盘螺,Φ10,HRB400E,莱钢永锋,None,山东烟台,None,None
2024-02-07,盘螺,Φ10,HRB400E,石横特钢,None,山东烟台,None,None
2024-02-07,盘螺,Φ10,HRB400E,日照,None,山东烟台,None,None
2024-02-07,盘螺,Φ10,HRB400E,江苏镔鑫,None,山东烟台,None,None
2024-02-07,盘螺,Φ10,HRB400E,日钢营口,None,山东烟台,None,None
2024-02-07,盘螺,Φ12,HRB400E,莱钢永锋,None,山东烟台,None,None
2024-02-07,盘螺,Φ12,HRB400E,石横特钢,None,山东烟台,None,None
2024-02-07,盘螺,Φ6,HRB400E,莱钢永锋,None,山东烟台,None,None
2024-02-07,盘螺,Φ6,HRB400E,石横特钢,None,山东烟台,None,None
2024-02-07,盘螺,Φ8,HRB400E,莱钢永锋,None,山东烟台,None,None
2024-02-07,盘螺,Φ8,HRB400E,石横特钢,None,山东烟台,None,None
2024-02-07,盘螺,Φ8,HRB400E,日照,None,山东烟台,None,None
2024-02-07,盘螺,Φ8,HRB400E,江苏镔鑫,None,山东烟台,None,None
2024-02-07,盘螺,Φ8,HRB400E,日钢营口,None,山东烟台,None,None
2024-02-07,螺纹钢,Φ10,HRB400E,莱钢,None,山东烟台,None,None
2024-02-07,螺纹钢,Φ10,HRB400E,莱钢永锋,None,山东烟台,None,None
2024-02-07,螺纹钢,Φ10,HRB400E,石横特钢,None,山东烟台,None,None
2024-02-07,螺纹钢,Φ12,HRB400E,莱钢,None,山东烟台,None,None
2024-02-07,螺纹钢,Φ12,HRB400E,莱钢永锋,None,山东烟台,None,None
2024-02-07,螺纹钢,Φ12,HRB400E,石横特钢,None,山东烟台,None,None
2024-02-07,螺纹钢,Φ12,HRB400E,日照,None,山东烟台,None,None
2024-02-07,螺纹钢,Φ12,HRB400E,江苏镔鑫,None,山东烟台,None,None
2024-02-07,螺纹钢,Φ12-14,HRB500E,莱钢,None,山东烟台,None,None
2024-02-07,螺纹钢,Φ12-14,HRB500E,莱钢永锋,None,山东烟台,None,None
2024-02-07,螺纹钢,Φ12-14,HRB500E,石横特钢,None,山东烟台,None,None
2024-02-07,螺纹钢,Φ14,HRB400E,莱钢,None,山东烟台,None,None
2024-02-07,螺纹钢,Φ14,HRB400E,莱钢永锋,None,山东烟台,None,None
2024-02-07,螺纹钢,Φ14,HRB400E,石横特钢,None,山东烟台,None,None
2024-02-07,螺纹钢,Φ14,HRB400E,日照,None,山东烟台,None,None
2024-02-07,螺纹钢,Φ14,HRB400E,江苏镔鑫,None,山东烟台,None,None
2024-02-07,螺纹钢,Φ16,HRB400E,莱钢,None,山东烟台,None,None
2024-02-07,螺纹钢,Φ16,HRB400E,莱钢永锋,None,山东烟台,None,None
2024-02-07,螺纹钢,Φ16,HRB400E,石横特钢,None,山东烟台,None,None
2024-02-07,螺纹钢,Φ16,HRB400E,日照,None,山东烟台,None,None
2024-02-07,螺纹钢,Φ16,HRB400E,江苏镔鑫,None,山东烟台,None,None
2024-02-07,螺纹钢,Φ18,HRB400E,莱钢,None,山东烟台,None,None
2024-02-07,螺纹钢,Φ18,HRB400E,莱钢永锋,None,山东烟台,None,None
2024-02-07,螺纹钢,Φ18,HRB400E,石横特钢,None,山东烟台,None,None
2024-02-07,螺纹钢,Φ18,HRB400E,日照,None,山东烟台,None,None
2024-02-07,螺纹钢,Φ18,HRB400E,江苏镔鑫,None,山东烟台,None,None
2024-02-07,螺纹钢,Φ20,HRB400E,莱钢,None,山东烟台,None,None
2024-02-07,螺纹钢,Φ20,HRB400E,莱钢永锋,None,山东烟台,None,None
2024-02-07,螺纹钢,Φ20,HRB400E,石横特钢,None,山东烟台,None,None
2024-02-07,螺纹钢,Φ20,HRB400E,日照,None,山东烟台,None,None
2024-02-07,螺纹钢,Φ20,HRB400E,江苏镔鑫,None,山东烟台,None,None
2024-02-07,螺纹钢,Φ22,HRB400E,莱钢,None,山东烟台,None,None
2024-02-07,螺纹钢,Φ22,HRB400E,莱钢永锋,None,山东烟台,None,None
2024-02-07,螺纹钢,Φ22,HRB400E,石横特钢,None,山东烟台,None,None
2024-02-07,螺纹钢,Φ22,HRB400E,日照,None,山东烟台,None,None
2024-02-07,螺纹钢,Φ22,HRB400E,江苏镔鑫,None,山东烟台,None,None
2024-02-07,螺纹钢,Φ25,HRB400E,莱钢,None,山东烟台,None,None
2024-02-07,螺纹钢,Φ25,HRB400E,莱钢永锋,None,山东烟台,None,None
2024-02-07,螺纹钢,Φ25,HRB400E,石横特钢,None,山东烟台,None,None
2024-02-07,螺纹钢,Φ25,HRB400E,日照,None,山东烟台,None,None
2024-02-07,螺纹钢,Φ25,HRB400E,江苏镔鑫,None,山东烟台,None,None
2024-02-07,螺纹钢,Φ28-32,HRB400E,莱钢,None,山东烟台,None,None
2024-02-07,螺纹钢,Φ28-32,HRB400E,莱钢永锋,None,山东烟台,None,None
2024-02-07,螺纹钢,Φ28-32,HRB400E,石横特钢,None,山东烟台,None,None
2024-02-07,螺纹钢,Φ28-32,HRB400E,日照,None,山东烟台,None,None
2024-02-07,螺纹钢,Φ28-32,HRB400E,江苏镔鑫,None,山东烟台,None,None
2024-02-07,高线,Φ10,HPB300,莱钢永锋,None,山东烟台,None,None
2024-02-07,高线,Φ10,HPB300,石横特钢,None,山东烟台,None,None
2024-02-07,高线,Φ10,HPB300,江苏镔鑫,None,山东烟台,None,None
2024-02-07,高线,Φ12,HPB300,莱钢永锋,None,山东烟台,None,None
2024-02-07,高线,Φ12,HPB300,石横特钢,None,山东烟台,None,None
2024-02-07,高线,Φ6,HPB300,莱钢永锋,None,山东烟台,None,None
2024-02-07,高线,Φ6,HPB300,石横特钢,None,山东烟台,None,None
2024-02-07,高线,Φ6,HPB300,江苏镔鑫,None,山东烟台,None,None
2024-02-07,高线,Φ8,HPB300,莱钢永锋,None,山东烟台,None,None
2024-02-07,高线,Φ8,HPB300,石横特钢,None,山东烟台,None,None
2024-02-07,高线,Φ8,HPB300,江苏镔鑫,None,山东烟台,None,None
2024-02-06,圆钢,Φ12-22,HPB300,莱钢永锋,None,山东烟台,None,None
2024-02-06,圆钢,Φ12-22,HPB300,石横特钢,None,山东烟台,None,None
2024-02-06,圆钢,Φ25-32,HPB300,莱钢永锋,None,山东烟台,None,None
2024-02-06,圆钢,Φ25-32,HPB300,石横特钢,None,山东烟台,None,None
2024-02-06,盘螺,Φ10,HRB400E,莱钢永锋,None,山东烟台,None,None
2024-02-06,盘螺,Φ10,HRB400E,石横特钢,None,山东烟台,None,None
2024-02-06,盘螺,Φ10,HRB400E,日照,None,山东烟台,None,None
2024-02-06,盘螺,Φ10,HRB400E,江苏镔鑫,None,山东烟台,None,None
2024-02-06,盘螺,Φ10,HRB400E,日钢营口,None,山东烟台,None,None
2024-02-06,盘螺,Φ12,HRB400E,莱钢永锋,None,山东烟台,None,None
2024-02-06,盘螺,Φ12,HRB400E,石横特钢,None,山东烟台,None,None
2024-02-06,盘螺,Φ6,HRB400E,莱钢永锋,None,山东烟台,None,None
2024-02-06,盘螺,Φ6,HRB400E,石横特钢,None,山东烟台,None,None
2024-02-06,盘螺,Φ8,HRB400E,莱钢永锋,None,山东烟台,None,None
2024-02-06,盘螺,Φ8,HRB400E,石横特钢,None,山东烟台,None,None
2024-02-06,盘螺,Φ8,HRB400E,日照,None,山东烟台,None,None
2024-02-06,盘螺,Φ8,HRB400E,江苏镔鑫,None,山东烟台,None,None
2024-02-06,盘螺,Φ8,HRB400E,日钢营口,None,山东烟台,None,None
2024-02-06,螺纹钢,Φ10,HRB400E,莱钢,None,山东烟台,None,None
2024-02-06,螺纹钢,Φ10,HRB400E,莱钢永锋,None,山东烟台,None,None
2024-02-06,螺纹钢,Φ10,HRB400E,石横特钢,None,山东烟台,None,None
2024-02-06,螺纹钢,Φ12,HRB400E,莱钢,None,山东烟台,None,None
2024-02-06,螺纹钢,Φ12,HRB400E,莱钢永锋,None,山东烟台,None,None
2024-02-06,螺纹钢,Φ12,HRB400E,石横特钢,None,山东烟台,None,None
2024-02-06,螺纹钢,Φ12,HRB400E,日照,None,山东烟台,None,None
2024-02-06,螺纹钢,Φ12,HRB400E,江苏镔鑫,None,山东烟台,None,None
2024-02-06,螺纹钢,Φ12-14,HRB500E,莱钢,None,山东烟台,None,None
2024-02-06,螺纹钢,Φ12-14,HRB500E,莱钢永锋,None,山东烟台,None,None
2024-02-06,螺纹钢,Φ12-14,HRB500E,石横特钢,None,山东烟台,None,None
2024-02-06,螺纹钢,Φ14,HRB400E,莱钢,None,山东烟台,None,None
2024-02-06,螺纹钢,Φ14,HRB400E,莱钢永锋,None,山东烟台,None,None
2024-02-06,螺纹钢,Φ14,HRB400E,石横特钢,None,山东烟台,None,None
2024-02-06,螺纹钢,Φ14,HRB400E,日照,None,山东烟台,None,None
2024-02-06,螺纹钢,Φ14,HRB400E,江苏镔鑫,None,山东烟台,None,None
2024-02-06,螺纹钢,Φ16,HRB400E,莱钢,None,山东烟台,None,None
2024-02-06,螺纹钢,Φ16,HRB400E,莱钢永锋,None,山东烟台,None,None
2024-02-06,螺纹钢,Φ16,HRB400E,石横特钢,None,山东烟台,None,None
2024-02-06,螺纹钢,Φ16,HRB400E,日照,None,山东烟台,None,None
2024-02-06,螺纹钢,Φ16,HRB400E,江苏镔鑫,None,山东烟台,None,None
2024-02-06,螺纹钢,Φ18,HRB400E,莱钢,None,山东烟台,None,None
2024-02-06,螺纹钢,Φ18,HRB400E,莱钢永锋,None,山东烟台,None,None
2024-02-06,螺纹钢,Φ18,HRB400E,石横特钢,None,山东烟台,None,None
2024-02-06,螺纹钢,Φ18,HRB400E,日照,None,山东烟台,None,None
2024-02-06,螺纹钢,Φ18,HRB400E,江苏镔鑫,None,山东烟台,None,None
2024-02-06,螺纹钢,Φ20,HRB400E,莱钢,None,山东烟台,None,None
2024-02-06,螺纹钢,Φ20,HRB400E,莱钢永锋,None,山东烟台,None,None
2024-02-06,螺纹钢,Φ20,HRB400E,石横特钢,None,山东烟台,None,None
2024-02-06,螺纹钢,Φ20,HRB400E,日照,None,山东烟台,None,None
2024-02-06,螺纹钢,Φ20,HRB400E,江苏镔鑫,None,山东烟台,None,None
2024-02-06,螺纹钢,Φ22,HRB400E,莱钢,None,山东烟台,None,None
2024-02-06,螺纹钢,Φ22,HRB400E,莱钢永锋,None,山东烟台,None,None
2024-02-06,螺纹钢,Φ22,HRB400E,石横特钢,None,山东烟台,None,None
2024-02-06,螺纹钢,Φ22,HRB400E,日照,None,山东烟台,None,None
2024-02-06,螺纹钢,Φ22,HRB400E,江苏镔鑫,None,山东烟台,None,None
2024-02-06,螺纹钢,Φ25,HRB400E,莱钢,None,山东烟台,None,None
2024-02-06,螺纹钢,Φ25,HRB400E,莱钢永锋,None,山东烟台,None,None
2024-02-06,螺纹钢,Φ25,HRB400E,石横特钢,None,山东烟台,None,None
2024-02-06,螺纹钢,Φ25,HRB400E,日照,None,山东烟台,None,None
2024-02-06,螺纹钢,Φ25,HRB400E,江苏镔鑫,None,山东烟台,None,None
2024-02-06,螺纹钢,Φ28-32,HRB400E,莱钢,None,山东烟台,None,None
2024-02-06,螺纹钢,Φ28-32,HRB400E,莱钢永锋,None,山东烟台,None,None
2024-02-06,螺纹钢,Φ28-32,HRB400E,石横特钢,None,山东烟台,None,None
2024-02-06,螺纹钢,Φ28-32,HRB400E,日照,None,山东烟台,None,None
2024-02-06,螺纹钢,Φ28-32,HRB400E,江苏镔鑫,None,山东烟台,None,None
2024-02-06,高线,Φ10,HPB300,莱钢永锋,None,山东烟台,None,None
2024-02-06,高线,Φ10,HPB300,石横特钢,None,山东烟台,None,None
2024-02-06,高线,Φ10,HPB300,江苏镔鑫,None,山东烟台,None,None
2024-02-06,高线,Φ12,HPB300,莱钢永锋,None,山东烟台,None,None
2024-02-06,高线,Φ12,HPB300,石横特钢,None,山东烟台,None,None
2024-02-06,高线,Φ6,HPB300,莱钢永锋,None,山东烟台,None,None
2024-02-06,高线,Φ6,HPB300,石横特钢,None,山东烟台,None,None
2024-02-06,高线,Φ6,HPB300,江苏镔鑫,None,山东烟台,None,None
2024-02-06,高线,Φ8,HPB300,莱钢永锋,None,山东烟台,None,None
2024-02-06,高线,Φ8,HPB300,石横特钢,None,山东烟台,None,None
2024-02-06,高线,Φ8,HPB300,江苏镔鑫,None,山东烟台,None,None
2024-02-05,圆钢,Φ12-22,HPB300,莱钢永锋,None,山东烟台,None,None
2024-02-05,圆钢,Φ12-22,HPB300,石横特钢,None,山东烟台,None,None
2024-02-05,圆钢,Φ25-32,HPB300,莱钢永锋,None,山东烟台,None,None
2024-02-05,圆钢,Φ25-32,HPB300,石横特钢,None,山东烟台,None,None
2024-02-05,盘螺,Φ10,HRB400E,莱钢永锋,None,山东烟台,None,None
2024-02-05,盘螺,Φ10,HRB400E,石横特钢,None,山东烟台,None,None
2024-02-05,盘螺,Φ10,HRB400E,日照,None,山东烟台,None,None
2024-02-05,盘螺,Φ10,HRB400E,江苏镔鑫,None,山东烟台,None,None
2024-02-05,盘螺,Φ10,HRB400E,日钢营口,None,山东烟台,None,None
2024-02-05,盘螺,Φ12,HRB400E,莱钢永锋,None,山东烟台,None,None
2024-02-05,盘螺,Φ12,HRB400E,石横特钢,None,山东烟台,None,None
2024-02-05,盘螺,Φ6,HRB400E,莱钢永锋,None,山东烟台,None,None
2024-02-05,盘螺,Φ6,HRB400E,石横特钢,None,山东烟台,None,None
2024-02-05,盘螺,Φ8,HRB400E,莱钢永锋,None,山东烟台,None,None
2024-02-05,盘螺,Φ8,HRB400E,石横特钢,None,山东烟台,None,None
2024-02-05,盘螺,Φ8,HRB400E,日照,None,山东烟台,None,None
2024-02-05,盘螺,Φ8,HRB400E,江苏镔鑫,None,山东烟台,None,None
2024-02-05,盘螺,Φ8,HRB400E,日钢营口,None,山东烟台,None,None
2024-02-05,螺纹钢,Φ10,HRB400E,莱钢,None,山东烟台,None,None
2024-02-05,螺纹钢,Φ10,HRB400E,莱钢永锋,None,山东烟台,None,None
2024-02-05,螺纹钢,Φ10,HRB400E,石横特钢,None,山东烟台,None,None
2024-02-05,螺纹钢,Φ12,HRB400E,莱钢,None,山东烟台,None,None
2024-02-05,螺纹钢,Φ12,HRB400E,莱钢永锋,None,山东烟台,None,None
2024-02-05,螺纹钢,Φ12,HRB400E,石横特钢,None,山东烟台,None,None
2024-02-05,螺纹钢,Φ12,HRB400E,日照,None,山东烟台,None,None
2024-02-05,螺纹钢,Φ12,HRB400E,江苏镔鑫,None,山东烟台,None,None
2024-02-05,螺纹钢,Φ12-14,HRB500E,莱钢,None,山东烟台,None,None
2024-02-05,螺纹钢,Φ12-14,HRB500E,莱钢永锋,None,山东烟台,None,None
2024-02-05,螺纹钢,Φ12-14,HRB500E,石横特钢,None,山东烟台,None,None
2024-02-05,螺纹钢,Φ14,HRB400E,莱钢,None,山东烟台,None,None
2024-02-05,螺纹钢,Φ14,HRB400E,莱钢永锋,None,山东烟台,None,None
2024-02-05,螺纹钢,Φ14,HRB400E,石横特钢,None,山东烟台,None,None
2024-02-05,螺纹钢,Φ14,HRB400E,日照,None,山东烟台,None,None
2024-02-05,螺纹钢,Φ14,HRB400E,江苏镔鑫,None,山东烟台,None,None
2024-02-05,螺纹钢,Φ16,HRB400E,莱钢,None,山东烟台,None,None
2024-02-05,螺纹钢,Φ16,HRB400E,莱钢永锋,None,山东烟台,None,None
2024-02-05,螺纹钢,Φ16,HRB400E,石横特钢,None,山东烟台,None,None
2024-02-05,螺纹钢,Φ16,HRB400E,日照,None,山东烟台,None,None
2024-02-05,螺纹钢,Φ16,HRB400E,江苏镔鑫,None,山东烟台,None,None
2024-02-05,螺纹钢,Φ18,HRB400E,莱钢,None,山东烟台,None,None
2024-02-05,螺纹钢,Φ18,HRB400E,莱钢永锋,None,山东烟台,None,None
2024-02-05,螺纹钢,Φ18,HRB400E,石横特钢,None,山东烟台,None,None
2024-02-05,螺纹钢,Φ18,HRB400E,日照,None,山东烟台,None,None
2024-02-05,螺纹钢,Φ18,HRB400E,江苏镔鑫,None,山东烟台,None,None
2024-02-05,螺纹钢,Φ20,HRB400E,莱钢,None,山东烟台,None,None
2024-02-05,螺纹钢,Φ20,HRB400E,莱钢永锋,None,山东烟台,None,None
2024-02-05,螺纹钢,Φ20,HRB400E,石横特钢,None,山东烟台,None,None
2024-02-05,螺纹钢,Φ20,HRB400E,日照,None,山东烟台,None,None
2024-02-05,螺纹钢,Φ20,HRB400E,江苏镔鑫,None,山东烟台,None,None
2024-02-05,螺纹钢,Φ22,HRB400E,莱钢,None,山东烟台,None,None
2024-02-05,螺纹钢,Φ22,HRB400E,莱钢永锋,None,山东烟台,None,None
2024-02-05,螺纹钢,Φ22,HRB400E,石横特钢,None,山东烟台,None,None
2024-02-05,螺纹钢,Φ22,HRB400E,日照,None,山东烟台,None,None
2024-02-05,螺纹钢,Φ22,HRB400E,江苏镔鑫,None,山东烟台,None,None
2024-02-05,螺纹钢,Φ25,HRB400E,莱钢,None,山东烟台,None,None
2024-02-05,螺纹钢,Φ25,HRB400E,莱钢永锋,None,山东烟台,None,None
2024-02-05,螺纹钢,Φ25,HRB400E,石横特钢,None,山东烟台,None,None
2024-02-05,螺纹钢,Φ25,HRB400E,日照,None,山东烟台,None,None
2024-02-05,螺纹钢,Φ25,HRB400E,江苏镔鑫,None,山东烟台,None,None
2024-02-05,螺纹钢,Φ28-32,HRB400E,莱钢,None,山东烟台,None,None
2024-02-05,螺纹钢,Φ28-32,HRB400E,莱钢永锋,None,山东烟台,None,None
2024-02-05,螺纹钢,Φ28-32,HRB400E,石横特钢,None,山东烟台,None,None
2024-02-05,螺纹钢,Φ28-32,HRB400E,日照,None,山东烟台,None,None
2024-02-05,螺纹钢,Φ28-32,HRB400E,江苏镔鑫,None,山东烟台,None,None
2024-02-05,高线,Φ10,HPB300,莱钢永锋,None,山东烟台,None,None
2024-02-05,高线,Φ10,HPB300,石横特钢,None,山东烟台,None,None
2024-02-05,高线,Φ10,HPB300,江苏镔鑫,None,山东烟台,None,None
2024-02-05,高线,Φ12,HPB300,莱钢永锋,None,山东烟台,None,None
2024-02-05,高线,Φ12,HPB300,石横特钢,None,山东烟台,None,None
2024-02-05,高线,Φ6,HPB300,莱钢永锋,None,山东烟台,None,None
2024-02-05,高线,Φ6,HPB300,石横特钢,None,山东烟台,None,None
2024-02-05,高线,Φ6,HPB300,江苏镔鑫,None,山东烟台,None,None
2024-02-05,高线,Φ8,HPB300,莱钢永锋,None,山东烟台,None,None
2024-02-05,高线,Φ8,HPB300,石横特钢,None,山东烟台,None,None
2024-02-05,高线,Φ8,HPB300,江苏镔鑫,None,山东烟台,None,None
2024-02-04,圆钢,Φ12-22,HPB300,莱钢永锋,None,山东烟台,None,None
2024-02-04,圆钢,Φ12-22,HPB300,石横特钢,None,山东烟台,None,None
2024-02-04,圆钢,Φ25-32,HPB300,莱钢永锋,None,山东烟台,None,None
2024-02-04,圆钢,Φ25-32,HPB300,石横特钢,None,山东烟台,None,None
2024-02-04,盘螺,Φ10,HRB400E,莱钢永锋,None,山东烟台,None,None
2024-02-04,盘螺,Φ10,HRB400E,石横特钢,None,山东烟台,None,None
2024-02-04,盘螺,Φ10,HRB400E,日照,None,山东烟台,None,None
2024-02-04,盘螺,Φ10,HRB400E,江苏镔鑫,None,山东烟台,None,None
2024-02-04,盘螺,Φ10,HRB400E,日钢营口,None,山东烟台,None,None
2024-02-04,盘螺,Φ12,HRB400E,莱钢永锋,None,山东烟台,None,None
2024-02-04,盘螺,Φ12,HRB400E,石横特钢,None,山东烟台,None,None
2024-02-04,盘螺,Φ6,HRB400E,莱钢永锋,None,山东烟台,None,None
2024-02-04,盘螺,Φ6,HRB400E,石横特钢,None,山东烟台,None,None
2024-02-04,盘螺,Φ8,HRB400E,莱钢永锋,None,山东烟台,None,None
2024-02-04,盘螺,Φ8,HRB400E,石横特钢,None,山东烟台,None,None
2024-02-04,盘螺,Φ8,HRB400E,日照,None,山东烟台,None,None
2024-02-04,盘螺,Φ8,HRB400E,江苏镔鑫,None,山东烟台,None,None
2024-02-04,盘螺,Φ8,HRB400E,日钢营口,None,山东烟台,None,None
2024-02-04,螺纹钢,Φ10,HRB400E,莱钢,None,山东烟台,None,None
2024-02-04,螺纹钢,Φ10,HRB400E,莱钢永锋,None,山东烟台,None,None
2024-02-04,螺纹钢,Φ10,HRB400E,石横特钢,None,山东烟台,None,None
2024-02-04,螺纹钢,Φ12,HRB400E,莱钢,None,山东烟台,None,None
2024-02-04,螺纹钢,Φ12,HRB400E,莱钢永锋,None,山东烟台,None,None
2024-02-04,螺纹钢,Φ12,HRB400E,石横特钢,None,山东烟台,None,None
2024-02-04,螺纹钢,Φ12,HRB400E,日照,None,山东烟台,None,None
2024-02-04,螺纹钢,Φ12,HRB400E,江苏镔鑫,None,山东烟台,None,None
2024-02-04,螺纹钢,Φ12-14,HRB500E,莱钢,None,山东烟台,None,None
2024-02-04,螺纹钢,Φ12-14,HRB500E,莱钢永锋,None,山东烟台,None,None
2024-02-04,螺纹钢,Φ12-14,HRB500E,石横特钢,None,山东烟台,None,None
2024-02-04,螺纹钢,Φ14,HRB400E,莱钢,None,山东烟台,None,None
2024-02-04,螺纹钢,Φ14,HRB400E,莱钢永锋,None,山东烟台,None,None
2024-02-04,螺纹钢,Φ14,HRB400E,石横特钢,None,山东烟台,None,None
2024-02-04,螺纹钢,Φ14,HRB400E,日照,None,山东烟台,None,None
2024-02-04,螺纹钢,Φ14,HRB400E,江苏镔鑫,None,山东烟台,None,None
2024-02-04,螺纹钢,Φ16,HRB400E,莱钢,None,山东烟台,None,None
2024-02-04,螺纹钢,Φ16,HRB400E,莱钢永锋,None,山东烟台,None,None
2024-02-04,螺纹钢,Φ16,HRB400E,石横特钢,None,山东烟台,None,None
2024-02-04,螺纹钢,Φ16,HRB400E,日照,None,山东烟台,None,None
2024-02-04,螺纹钢,Φ16,HRB400E,江苏镔鑫,None,山东烟台,None,None
2024-02-04,螺纹钢,Φ18,HRB400E,莱钢,None,山东烟台,None,None
2024-02-04,螺纹钢,Φ18,HRB400E,莱钢永锋,None,山东烟台,None,None
2024-02-04,螺纹钢,Φ18,HRB400E,石横特钢,None,山东烟台,None,None
2024-02-04,螺纹钢,Φ18,HRB400E,日照,None,山东烟台,None,None
2024-02-04,螺纹钢,Φ18,HRB400E,江苏镔鑫,None,山东烟台,None,None
2024-02-04,螺纹钢,Φ20,HRB400E,莱钢,None,山东烟台,None,None
2024-02-04,螺纹钢,Φ20,HRB400E,莱钢永锋,None,山东烟台,None,None
2024-02-04,螺纹钢,Φ20,HRB400E,石横特钢,None,山东烟台,None,None
2024-02-04,螺纹钢,Φ20,HRB400E,日照,None,山东烟台,None,None
2024-02-04,螺纹钢,Φ20,HRB400E,江苏镔鑫,None,山东烟台,None,None
2024-02-04,螺纹钢,Φ22,HRB400E,莱钢,None,山东烟台,None,None
2024-02-04,螺纹钢,Φ22,HRB400E,莱钢永锋,None,山东烟台,None,None
2024-02-04,螺纹钢,Φ22,HRB400E,石横特钢,None,山东烟台,None,None
2024-02-04,螺纹钢,Φ22,HRB400E,日照,None,山东烟台,None,None
2024-02-04,螺纹钢,Φ22,HRB400E,江苏镔鑫,None,山东烟台,None,None
2024-02-04,螺纹钢,Φ25,HRB400E,莱钢,None,山东烟台,None,None
2024-02-04,螺纹钢,Φ25,HRB400E,莱钢永锋,None,山东烟台,None,None
2024-02-04,螺纹钢,Φ25,HRB400E,石横特钢,None,山东烟台,None,None
2024-02-04,螺纹钢,Φ25,HRB400E,日照,None,山东烟台,None,None
2024-02-04,螺纹钢,Φ25,HRB400E,江苏镔鑫,None,山东烟台,None,None
2024-02-04,螺纹钢,Φ28-32,HRB400E,莱钢,None,山东烟台,None,None
2024-02-04,螺纹钢,Φ28-32,HRB400E,莱钢永锋,None,山东烟台,None,None
2024-02-04,螺纹钢,Φ28-32,HRB400E,石横特钢,None,山东烟台,None,None
2024-02-04,螺纹钢,Φ28-32,HRB400E,日照,None,山东烟台,None,None
2024-02-04,螺纹钢,Φ28-32,HRB400E,江苏镔鑫,None,山东烟台,None,None
2024-02-04,高线,Φ10,HPB300,莱钢永锋,None,山东烟台,None,None
2024-02-04,高线,Φ10,HPB300,石横特钢,None,山东烟台,None,None
2024-02-04,高线,Φ10,HPB300,江苏镔鑫,None,山东烟台,None,None
2024-02-04,高线,Φ12,HPB300,莱钢永锋,None,山东烟台,None,None
2024-02-04,高线,Φ12,HPB300,石横特钢,None,山东烟台,None,None
2024-02-04,高线,Φ6,HPB300,莱钢永锋,None,山东烟台,None,None
2024-02-04,高线,Φ6,HPB300,石横特钢,None,山东烟台,None,None
2024-02-04,高线,Φ6,HPB300,江苏镔鑫,None,山东烟台,None,None
2024-02-04,高线,Φ8,HPB300,莱钢永锋,None,山东烟台,None,None
2024-02-04,高线,Φ8,HPB300,石横特钢,None,山东烟台,None,None
2024-02-04,高线,Φ8,HPB300,江苏镔鑫,None,山东烟台,None,None
2024-02-02,圆钢,Φ12-22,HPB300,莱钢永锋,None,山东烟台,None,None
2024-02-02,圆钢,Φ12-22,HPB300,石横特钢,None,山东烟台,None,None
2024-02-02,圆钢,Φ25-32,HPB300,莱钢永锋,None,山东烟台,None,None
2024-02-02,圆钢,Φ25-32,HPB300,石横特钢,None,山东烟台,None,None
2024-02-02,盘螺,Φ10,HRB400E,莱钢永锋,None,山东烟台,None,None
2024-02-02,盘螺,Φ10,HRB400E,石横特钢,None,山东烟台,None,None
2024-02-02,盘螺,Φ10,HRB400E,日照,None,山东烟台,None,None
2024-02-02,盘螺,Φ10,HRB400E,江苏镔鑫,None,山东烟台,None,None
2024-02-02,盘螺,Φ10,HRB400E,日钢营口,None,山东烟台,None,None
2024-02-02,盘螺,Φ12,HRB400E,莱钢永锋,None,山东烟台,None,None
2024-02-02,盘螺,Φ12,HRB400E,石横特钢,None,山东烟台,None,None
2024-02-02,盘螺,Φ6,HRB400E,莱钢永锋,None,山东烟台,None,None
2024-02-02,盘螺,Φ6,HRB400E,石横特钢,None,山东烟台,None,None
2024-02-02,盘螺,Φ8,HRB400E,莱钢永锋,None,山东烟台,None,None
2024-02-02,盘螺,Φ8,HRB400E,石横特钢,None,山东烟台,None,None
2024-02-02,盘螺,Φ8,HRB400E,日照,None,山东烟台,None,None
2024-02-02,盘螺,Φ8,HRB400E,江苏镔鑫,None,山东烟台,None,None
2024-02-02,盘螺,Φ8,HRB400E,日钢营口,None,山东烟台,None,None
2024-02-02,螺纹钢,Φ10,HRB400E,莱钢,None,山东烟台,None,None
2024-02-02,螺纹钢,Φ10,HRB400E,莱钢永锋,None,山东烟台,None,None
2024-02-02,螺纹钢,Φ10,HRB400E,石横特钢,None,山东烟台,None,None
2024-02-02,螺纹钢,Φ12,HRB400E,莱钢,None,山东烟台,None,None
2024-02-02,螺纹钢,Φ12,HRB400E,莱钢永锋,None,山东烟台,None,None
2024-02-02,螺纹钢,Φ12,HRB400E,石横特钢,None,山东烟台,None,None
2024-02-02,螺纹钢,Φ12,HRB400E,日照,None,山东烟台,None,None
2024-02-02,螺纹钢,Φ12,HRB400E,江苏镔鑫,None,山东烟台,None,None
2024-02-02,螺纹钢,Φ12-14,HRB500E,莱钢,None,山东烟台,None,None
2024-02-02,螺纹钢,Φ12-14,HRB500E,莱钢永锋,None,山东烟台,None,None
2024-02-02,螺纹钢,Φ12-14,HRB500E,石横特钢,None,山东烟台,None,None
2024-02-02,螺纹钢,Φ14,HRB400E,莱钢,None,山东烟台,None,None
2024-02-02,螺纹钢,Φ14,HRB400E,莱钢永锋,None,山东烟台,None,None
2024-02-02,螺纹钢,Φ14,HRB400E,石横特钢,None,山东烟台,None,None
2024-02-02,螺纹钢,Φ14,HRB400E,日照,None,山东烟台,None,None
2024-02-02,螺纹钢,Φ14,HRB400E,江苏镔鑫,None,山东烟台,None,None
2024-02-02,螺纹钢,Φ16,HRB400E,莱钢,None,山东烟台,None,None
2024-02-02,螺纹钢,Φ16,HRB400E,莱钢永锋,None,山东烟台,None,None
2024-02-02,螺纹钢,Φ16,HRB400E,石横特钢,None,山东烟台,None,None
2024-02-02,螺纹钢,Φ16,HRB400E,日照,None,山东烟台,None,None
2024-02-02,螺纹钢,Φ16,HRB400E,江苏镔鑫,None,山东烟台,None,None
2024-02-02,螺纹钢,Φ18,HRB400E,莱钢,None,山东烟台,None,None
2024-02-02,螺纹钢,Φ18,HRB400E,莱钢永锋,None,山东烟台,None,None
2024-02-02,螺纹钢,Φ18,HRB400E,石横特钢,None,山东烟台,None,None
2024-02-02,螺纹钢,Φ18,HRB400E,日照,None,山东烟台,None,None
2024-02-02,螺纹钢,Φ18,HRB400E,江苏镔鑫,None,山东烟台,None,None
2024-02-02,螺纹钢,Φ20,HRB400E,莱钢,None,山东烟台,None,None
2024-02-02,螺纹钢,Φ20,HRB400E,莱钢永锋,None,山东烟台,None,None
2024-02-02,螺纹钢,Φ20,HRB400E,石横特钢,None,山东烟台,None,None
2024-02-02,螺纹钢,Φ20,HRB400E,日照,None,山东烟台,None,None
2024-02-02,螺纹钢,Φ20,HRB400E,江苏镔鑫,None,山东烟台,None,None
2024-02-02,螺纹钢,Φ22,HRB400E,莱钢,None,山东烟台,None,None
2024-02-02,螺纹钢,Φ22,HRB400E,莱钢永锋,None,山东烟台,None,None
2024-02-02,螺纹钢,Φ22,HRB400E,石横特钢,None,山东烟台,None,None
2024-02-02,螺纹钢,Φ22,HRB400E,日照,None,山东烟台,None,None
2024-02-02,螺纹钢,Φ22,HRB400E,江苏镔鑫,None,山东烟台,None,None
2024-02-02,螺纹钢,Φ25,HRB400E,莱钢,None,山东烟台,None,None
2024-02-02,螺纹钢,Φ25,HRB400E,莱钢永锋,None,山东烟台,None,None
2024-02-02,螺纹钢,Φ25,HRB400E,石横特钢,None,山东烟台,None,None
2024-02-02,螺纹钢,Φ25,HRB400E,日照,None,山东烟台,None,None
2024-02-02,螺纹钢,Φ25,HRB400E,江苏镔鑫,None,山东烟台,None,None
2024-02-02,螺纹钢,Φ28-32,HRB400E,莱钢,None,山东烟台,None,None
2024-02-02,螺纹钢,Φ28-32,HRB400E,莱钢永锋,None,山东烟台,None,None
2024-02-02,螺纹钢,Φ28-32,HRB400E,石横特钢,None,山东烟台,None,None
2024-02-02,螺纹钢,Φ28-32,HRB400E,日照,None,山东烟台,None,None
2024-02-02,螺纹钢,Φ28-32,HRB400E,江苏镔鑫,None,山东烟台,None,None
2024-02-02,高线,Φ10,HPB300,莱钢永锋,None,山东烟台,None,None
2024-02-02,高线,Φ10,HPB300,石横特钢,None,山东烟台,None,None
2024-02-02,高线,Φ10,HPB300,江苏镔鑫,None,山东烟台,None,None
2024-02-02,高线,Φ12,HPB300,莱钢永锋,None,山东烟台,None,None
2024-02-02,高线,Φ12,HPB300,石横特钢,None,山东烟台,None,None
2024-02-02,高线,Φ6,HPB300,莱钢永锋,None,山东烟台,None,None
2024-02-02,高线,Φ6,HPB300,石横特钢,None,山东烟台,None,None
2024-02-02,高线,Φ6,HPB300,江苏镔鑫,None,山东烟台,None,None
2024-02-02,高线,Φ8,HPB300,莱钢永锋,None,山东烟台,None,None
2024-02-02,高线,Φ8,HPB300,石横特钢,None,山东烟台,None,None
2024-02-02,高线,Φ8,HPB300,江苏镔鑫,None,山东烟台,None,None
2024-02-01,圆钢,Φ12-22,HPB300,莱钢永锋,None,山东烟台,None,None
2024-02-01,圆钢,Φ12-22,HPB300,石横特钢,None,山东烟台,None,None
2024-02-01,圆钢,Φ25-32,HPB300,莱钢永锋,None,山东烟台,None,None
2024-02-01,圆钢,Φ25-32,HPB300,石横特钢,None,山东烟台,None,None
2024-02-01,盘螺,Φ10,HRB400E,莱钢永锋,None,山东烟台,None,None
2024-02-01,盘螺,Φ10,HRB400E,石横特钢,None,山东烟台,None,None
2024-02-01,盘螺,Φ10,HRB400E,日照,None,山东烟台,None,None
2024-02-01,盘螺,Φ10,HRB400E,江苏镔鑫,None,山东烟台,None,None
2024-02-01,盘螺,Φ10,HRB400E,日钢营口,None,山东烟台,None,None
2024-02-01,盘螺,Φ12,HRB400E,莱钢永锋,None,山东烟台,None,None
2024-02-01,盘螺,Φ12,HRB400E,石横特钢,None,山东烟台,None,None
2024-02-01,盘螺,Φ6,HRB400E,莱钢永锋,None,山东烟台,None,None
2024-02-01,盘螺,Φ6,HRB400E,石横特钢,None,山东烟台,None,None
2024-02-01,盘螺,Φ8,HRB400E,莱钢永锋,None,山东烟台,None,None
2024-02-01,盘螺,Φ8,HRB400E,石横特钢,None,山东烟台,None,None
2024-02-01,盘螺,Φ8,HRB400E,日照,None,山东烟台,None,None
2024-02-01,盘螺,Φ8,HRB400E,江苏镔鑫,None,山东烟台,None,None
2024-02-01,盘螺,Φ8,HRB400E,日钢营口,None,山东烟台,None,None
2024-02-01,螺纹钢,Φ10,HRB400E,莱钢,None,山东烟台,None,None
2024-02-01,螺纹钢,Φ10,HRB400E,莱钢永锋,None,山东烟台,None,None
2024-02-01,螺纹钢,Φ10,HRB400E,石横特钢,None,山东烟台,None,None
2024-02-01,螺纹钢,Φ12,HRB400E,莱钢,None,山东烟台,None,None
2024-02-01,螺纹钢,Φ12,HRB400E,莱钢永锋,None,山东烟台,None,None
2024-02-01,螺纹钢,Φ12,HRB400E,石横特钢,None,山东烟台,None,None
2024-02-01,螺纹钢,Φ12,HRB400E,日照,None,山东烟台,None,None
2024-02-01,螺纹钢,Φ12,HRB400E,江苏镔鑫,None,山东烟台,None,None
2024-02-01,螺纹钢,Φ12-14,HRB500E,莱钢,None,山东烟台,None,None
2024-02-01,螺纹钢,Φ12-14,HRB500E,莱钢永锋,None,山东烟台,None,None
2024-02-01,螺纹钢,Φ12-14,HRB500E,石横特钢,None,山东烟台,None,None
2024-02-01,螺纹钢,Φ14,HRB400E,莱钢,None,山东烟台,None,None
2024-02-01,螺纹钢,Φ14,HRB400E,莱钢永锋,None,山东烟台,None,None
2024-02-01,螺纹钢,Φ14,HRB400E,石横特钢,None,山东烟台,None,None
2024-02-01,螺纹钢,Φ14,HRB400E,日照,None,山东烟台,None,None
2024-02-01,螺纹钢,Φ14,HRB400E,江苏镔鑫,None,山东烟台,None,None
2024-02-01,螺纹钢,Φ16,HRB400E,莱钢,None,山东烟台,None,None
2024-02-01,螺纹钢,Φ16,HRB400E,莱钢永锋,None,山东烟台,None,None
2024-02-01,螺纹钢,Φ16,HRB400E,石横特钢,None,山东烟台,None,None
2024-02-01,螺纹钢,Φ16,HRB400E,日照,None,山东烟台,None,None
2024-02-01,螺纹钢,Φ16,HRB400E,江苏镔鑫,None,山东烟台,None,None
2024-02-01,螺纹钢,Φ18,HRB400E,莱钢,None,山东烟台,None,None
2024-02-01,螺纹钢,Φ18,HRB400E,莱钢永锋,None,山东烟台,None,None
2024-02-01,螺纹钢,Φ18,HRB400E,石横特钢,None,山东烟台,None,None
2024-02-01,螺纹钢,Φ18,HRB400E,日照,None,山东烟台,None,None
2024-02-01,螺纹钢,Φ18,HRB400E,江苏镔鑫,None,山东烟台,None,None
2024-02-01,螺纹钢,Φ20,HRB400E,莱钢,None,山东烟台,None,None
2024-02-01,螺纹钢,Φ20,HRB400E,莱钢永锋,None,山东烟台,None,None
2024-02-01,螺纹钢,Φ20,HRB400E,石横特钢,None,山东烟台,None,None
2024-02-01,螺纹钢,Φ20,HRB400E,日照,None,山东烟台,None,None
2024-02-01,螺纹钢,Φ20,HRB400E,江苏镔鑫,None,山东烟台,None,None
2024-02-01,螺纹钢,Φ22,HRB400E,莱钢,None,山东烟台,None,None
2024-02-01,螺纹钢,Φ22,HRB400E,莱钢永锋,None,山东烟台,None,None
2024-02-01,螺纹钢,Φ22,HRB400E,石横特钢,None,山东烟台,None,None
2024-02-01,螺纹钢,Φ22,HRB400E,日照,None,山东烟台,None,None
2024-02-01,螺纹钢,Φ22,HRB400E,江苏镔鑫,None,山东烟台,None,None
2024-02-01,螺纹钢,Φ25,HRB400E,莱钢,None,山东烟台,None,None
2024-02-01,螺纹钢,Φ25,HRB400E,莱钢永锋,None,山东烟台,None,None
2024-02-01,螺纹钢,Φ25,HRB400E,石横特钢,None,山东烟台,None,None
2024-02-01,螺纹钢,Φ25,HRB400E,日照,None,山东烟台,None,None
2024-02-01,螺纹钢,Φ25,HRB400E,江苏镔鑫,None,山东烟台,None,None
2024-02-01,螺纹钢,Φ28-32,HRB400E,莱钢,None,山东烟台,None,None
2024-02-01,螺纹钢,Φ28-32,HRB400E,莱钢永锋,None,山东烟台,None,None
2024-02-01,螺纹钢,Φ28-32,HRB400E,石横特钢,None,山东烟台,None,None
2024-02-01,螺纹钢,Φ28-32,HRB400E,日照,None,山东烟台,None,None
2024-02-01,螺纹钢,Φ28-32,HRB400E,江苏镔鑫,None,山东烟台,None,None
2024-02-01,高线,Φ10,HPB300,莱钢永锋,None,山东烟台,None,None
2024-02-01,高线,Φ10,HPB300,石横特钢,None,山东烟台,None,None
2024-02-01,高线,Φ10,HPB300,江苏镔鑫,None,山东烟台,None,None
2024-02-01,高线,Φ12,HPB300,莱钢永锋,None,山东烟台,None,None
2024-02-01,高线,Φ12,HPB300,石横特钢,None,山东烟台,None,None
2024-02-01,高线,Φ6,HPB300,莱钢永锋,None,山东烟台,None,None
2024-02-01,高线,Φ6,HPB300,石横特钢,None,山东烟台,None,None
2024-02-01,高线,Φ6,HPB300,江苏镔鑫,None,山东烟台,None,None
2024-02-01,高线,Φ8,HPB300,莱钢永锋,None,山东烟台,None,None
2024-02-01,高线,Φ8,HPB300,石横特钢,None,山东烟台,None,None
2024-02-01,高线,Φ8,HPB300,江苏镔鑫,None,山东烟台,None,None
2024-01-31,圆钢,Φ12-22,HPB300,莱钢永锋,None,山东烟台,None,None
2024-01-31,圆钢,Φ12-22,HPB300,石横特钢,None,山东烟台,None,None
2024-01-31,圆钢,Φ25-32,HPB300,莱钢永锋,None,山东烟台,None,None
2024-01-31,圆钢,Φ25-32,HPB300,石横特钢,None,山东烟台,None,None
2024-01-31,盘螺,Φ10,HRB400E,莱钢永锋,None,山东烟台,None,None
2024-01-31,盘螺,Φ10,HRB400E,石横特钢,None,山东烟台,None,None
2024-01-31,盘螺,Φ10,HRB400E,日照,None,山东烟台,None,None
2024-01-31,盘螺,Φ10,HRB400E,江苏镔鑫,None,山东烟台,None,None
2024-01-31,盘螺,Φ10,HRB400E,日钢营口,None,山东烟台,None,None
2024-01-31,盘螺,Φ12,HRB400E,莱钢永锋,None,山东烟台,None,None
2024-01-31,盘螺,Φ12,HRB400E,石横特钢,None,山东烟台,None,None
2024-01-31,盘螺,Φ6,HRB400E,莱钢永锋,None,山东烟台,None,None
2024-01-31,盘螺,Φ6,HRB400E,石横特钢,None,山东烟台,None,None
2024-01-31,盘螺,Φ8,HRB400E,莱钢永锋,None,山东烟台,None,None
2024-01-31,盘螺,Φ8,HRB400E,石横特钢,None,山东烟台,None,None
2024-01-31,盘螺,Φ8,HRB400E,日照,None,山东烟台,None,None
2024-01-31,盘螺,Φ8,HRB400E,江苏镔鑫,None,山东烟台,None,None
2024-01-31,盘螺,Φ8,HRB400E,日钢营口,None,山东烟台,None,None
2024-01-31,螺纹钢,Φ10,HRB400E,莱钢,None,山东烟台,None,None
2024-01-31,螺纹钢,Φ10,HRB400E,莱钢永锋,None,山东烟台,None,None
2024-01-31,螺纹钢,Φ10,HRB400E,石横特钢,None,山东烟台,None,None
2024-01-31,螺纹钢,Φ12,HRB400E,莱钢,None,山东烟台,None,None
2024-01-31,螺纹钢,Φ12,HRB400E,莱钢永锋,None,山东烟台,None,None
2024-01-31,螺纹钢,Φ12,HRB400E,石横特钢,None,山东烟台,None,None
2024-01-31,螺纹钢,Φ12,HRB400E,日照,None,山东烟台,None,None
2024-01-31,螺纹钢,Φ12,HRB400E,江苏镔鑫,None,山东烟台,None,None
2024-01-31,螺纹钢,Φ12-14,HRB500E,莱钢,None,山东烟台,None,None
2024-01-31,螺纹钢,Φ12-14,HRB500E,莱钢永锋,None,山东烟台,None,None
2024-01-31,螺纹钢,Φ12-14,HRB500E,石横特钢,None,山东烟台,None,None
2024-01-31,螺纹钢,Φ14,HRB400E,莱钢,None,山东烟台,None,None
2024-01-31,螺纹钢,Φ14,HRB400E,莱钢永锋,None,山东烟台,None,None
2024-01-31,螺纹钢,Φ14,HRB400E,石横特钢,None,山东烟台,None,None
2024-01-31,螺纹钢,Φ14,HRB400E,日照,None,山东烟台,None,None
2024-01-31,螺纹钢,Φ14,HRB400E,江苏镔鑫,None,山东烟台,None,None
2024-01-31,螺纹钢,Φ16,HRB400E,莱钢,None,山东烟台,None,None
2024-01-31,螺纹钢,Φ16,HRB400E,莱钢永锋,None,山东烟台,None,None
2024-01-31,螺纹钢,Φ16,HRB400E,石横特钢,None,山东烟台,None,None
2024-01-31,螺纹钢,Φ16,HRB400E,日照,None,山东烟台,None,None
2024-01-31,螺纹钢,Φ16,HRB400E,江苏镔鑫,None,山东烟台,None,None
2024-01-31,螺纹钢,Φ18,HRB400E,莱钢,None,山东烟台,None,None
2024-01-31,螺纹钢,Φ18,HRB400E,莱钢永锋,None,山东烟台,None,None
2024-01-31,螺纹钢,Φ18,HRB400E,石横特钢,None,山东烟台,None,None
2024-01-31,螺纹钢,Φ18,HRB400E,日照,None,山东烟台,None,None
2024-01-31,螺纹钢,Φ18,HRB400E,江苏镔鑫,None,山东烟台,None,None
2024-01-31,螺纹钢,Φ20,HRB400E,莱钢,None,山东烟台,None,None
2024-01-31,螺纹钢,Φ20,HRB400E,莱钢永锋,None,山东烟台,None,None
2024-01-31,螺纹钢,Φ20,HRB400E,石横特钢,None,山东烟台,None,None
2024-01-31,螺纹钢,Φ20,HRB400E,日照,None,山东烟台,None,None
2024-01-31,螺纹钢,Φ20,HRB400E,江苏镔鑫,None,山东烟台,None,None
2024-01-31,螺纹钢,Φ22,HRB400E,莱钢,None,山东烟台,None,None
2024-01-31,螺纹钢,Φ22,HRB400E,莱钢永锋,None,山东烟台,None,None
2024-01-31,螺纹钢,Φ22,HRB400E,石横特钢,None,山东烟台,None,None
2024-01-31,螺纹钢,Φ22,HRB400E,日照,None,山东烟台,None,None
2024-01-31,螺纹钢,Φ22,HRB400E,江苏镔鑫,None,山东烟台,None,None
2024-01-31,螺纹钢,Φ25,HRB400E,莱钢,None,山东烟台,None,None
2024-01-31,螺纹钢,Φ25,HRB400E,莱钢永锋,None,山东烟台,None,None
2024-01-31,螺纹钢,Φ25,HRB400E,石横特钢,None,山东烟台,None,None
2024-01-31,螺纹钢,Φ25,HRB400E,日照,None,山东烟台,None,None
2024-01-31,螺纹钢,Φ25,HRB400E,江苏镔鑫,None,山东烟台,None,None
2024-01-31,螺纹钢,Φ28-32,HRB400E,莱钢,None,山东烟台,None,None
2024-01-31,螺纹钢,Φ28-32,HRB400E,莱钢永锋,None,山东烟台,None,None
2024-01-31,螺纹钢,Φ28-32,HRB400E,石横特钢,None,山东烟台,None,None
2024-01-31,螺纹钢,Φ28-32,HRB400E,日照,None,山东烟台,None,None
2024-01-31,螺纹钢,Φ28-32,HRB400E,江苏镔鑫,None,山东烟台,None,None
2024-01-31,高线,Φ10,HPB300,莱钢永锋,None,山东烟台,None,None
2024-01-31,高线,Φ10,HPB300,石横特钢,None,山东烟台,None,None
2024-01-31,高线,Φ10,HPB300,江苏镔鑫,None,山东烟台,None,None
2024-01-31,高线,Φ12,HPB300,莱钢永锋,None,山东烟台,None,None
2024-01-31,高线,Φ12,HPB300,石横特钢,None,山东烟台,None,None
2024-01-31,高线,Φ6,HPB300,莱钢永锋,None,山东烟台,None,None
2024-01-31,高线,Φ6,HPB300,石横特钢,None,山东烟台,None,None
2024-01-31,高线,Φ6,HPB300,江苏镔鑫,None,山东烟台,None,None
2024-01-31,高线,Φ8,HPB300,莱钢永锋,None,山东烟台,None,None
2024-01-31,高线,Φ8,HPB300,石横特钢,None,山东烟台,None,None
2024-01-31,高线,Φ8,HPB300,江苏镔鑫,None,山东烟台,None,None
2024-01-30,圆钢,Φ12-22,HPB300,莱钢永锋,None,山东烟台,None,None
2024-01-30,圆钢,Φ12-22,HPB300,石横特钢,None,山东烟台,None,None
2024-01-30,圆钢,Φ25-32,HPB300,莱钢永锋,None,山东烟台,None,None
2024-01-30,圆钢,Φ25-32,HPB300,石横特钢,None,山东烟台,None,None
2024-01-30,盘螺,Φ10,HRB400E,莱钢永锋,None,山东烟台,None,None
2024-01-30,盘螺,Φ10,HRB400E,石横特钢,None,山东烟台,None,None
2024-01-30,盘螺,Φ10,HRB400E,日照,None,山东烟台,None,None
2024-01-30,盘螺,Φ10,HRB400E,江苏镔鑫,None,山东烟台,None,None
2024-01-30,盘螺,Φ10,HRB400E,日钢营口,None,山东烟台,None,None
2024-01-30,盘螺,Φ12,HRB400E,莱钢永锋,None,山东烟台,None,None
2024-01-30,盘螺,Φ12,HRB400E,石横特钢,None,山东烟台,None,None
2024-01-30,盘螺,Φ6,HRB400E,莱钢永锋,None,山东烟台,None,None
2024-01-30,盘螺,Φ6,HRB400E,石横特钢,None,山东烟台,None,None
2024-01-30,盘螺,Φ8,HRB400E,莱钢永锋,None,山东烟台,None,None
2024-01-30,盘螺,Φ8,HRB400E,石横特钢,None,山东烟台,None,None
2024-01-30,盘螺,Φ8,HRB400E,日照,None,山东烟台,None,None
2024-01-30,盘螺,Φ8,HRB400E,江苏镔鑫,None,山东烟台,None,None
2024-01-30,盘螺,Φ8,HRB400E,日钢营口,None,山东烟台,None,None
2024-01-30,螺纹钢,Φ10,HRB400E,莱钢,None,山东烟台,None,None
2024-01-30,螺纹钢,Φ10,HRB400E,莱钢永锋,None,山东烟台,None,None
2024-01-30,螺纹钢,Φ10,HRB400E,石横特钢,None,山东烟台,None,None
2024-01-30,螺纹钢,Φ12,HRB400E,莱钢,None,山东烟台,None,None
2024-01-30,螺纹钢,Φ12,HRB400E,莱钢永锋,None,山东烟台,None,None
2024-01-30,螺纹钢,Φ12,HRB400E,石横特钢,None,山东烟台,None,None
2024-01-30,螺纹钢,Φ12,HRB400E,日照,None,山东烟台,None,None
2024-01-30,螺纹钢,Φ12,HRB400E,江苏镔鑫,None,山东烟台,None,None
2024-01-30,螺纹钢,Φ12-14,HRB500E,莱钢,None,山东烟台,None,None
2024-01-30,螺纹钢,Φ12-14,HRB500E,莱钢永锋,None,山东烟台,None,None
2024-01-30,螺纹钢,Φ12-14,HRB500E,石横特钢,None,山东烟台,None,None
2024-01-30,螺纹钢,Φ14,HRB400E,莱钢,None,山东烟台,None,None
2024-01-30,螺纹钢,Φ14,HRB400E,莱钢永锋,None,山东烟台,None,None
2024-01-30,螺纹钢,Φ14,HRB400E,石横特钢,None,山东烟台,None,None
2024-01-30,螺纹钢,Φ14,HRB400E,日照,None,山东烟台,None,None
2024-01-30,螺纹钢,Φ14,HRB400E,江苏镔鑫,None,山东烟台,None,None
2024-01-30,螺纹钢,Φ16,HRB400E,莱钢,None,山东烟台,None,None
2024-01-30,螺纹钢,Φ16,HRB400E,莱钢永锋,None,山东烟台,None,None
2024-01-30,螺纹钢,Φ16,HRB400E,石横特钢,None,山东烟台,None,None
2024-01-30,螺纹钢,Φ16,HRB400E,日照,None,山东烟台,None,None
2024-01-30,螺纹钢,Φ16,HRB400E,江苏镔鑫,None,山东烟台,None,None
2024-01-30,螺纹钢,Φ18,HRB400E,莱钢,None,山东烟台,None,None
2024-01-30,螺纹钢,Φ18,HRB400E,莱钢永锋,None,山东烟台,None,None
2024-01-30,螺纹钢,Φ18,HRB400E,石横特钢,None,山东烟台,None,None
2024-01-30,螺纹钢,Φ18,HRB400E,日照,None,山东烟台,None,None
2024-01-30,螺纹钢,Φ18,HRB400E,江苏镔鑫,None,山东烟台,None,None
2024-01-30,螺纹钢,Φ20,HRB400E,莱钢,None,山东烟台,None,None
2024-01-30,螺纹钢,Φ20,HRB400E,莱钢永锋,None,山东烟台,None,None
2024-01-30,螺纹钢,Φ20,HRB400E,石横特钢,None,山东烟台,None,None
2024-01-30,螺纹钢,Φ20,HRB400E,日照,None,山东烟台,None,None
2024-01-30,螺纹钢,Φ20,HRB400E,江苏镔鑫,None,山东烟台,None,None
2024-01-30,螺纹钢,Φ22,HRB400E,莱钢,None,山东烟台,None,None
2024-01-30,螺纹钢,Φ22,HRB400E,莱钢永锋,None,山东烟台,None,None
2024-01-30,螺纹钢,Φ22,HRB400E,石横特钢,None,山东烟台,None,None
2024-01-30,螺纹钢,Φ22,HRB400E,日照,None,山东烟台,None,None
2024-01-30,螺纹钢,Φ22,HRB400E,江苏镔鑫,None,山东烟台,None,None
2024-01-30,螺纹钢,Φ25,HRB400E,莱钢,None,山东烟台,None,None
2024-01-30,螺纹钢,Φ25,HRB400E,莱钢永锋,None,山东烟台,None,None
2024-01-30,螺纹钢,Φ25,HRB400E,石横特钢,None,山东烟台,None,None
2024-01-30,螺纹钢,Φ25,HRB400E,日照,None,山东烟台,None,None
2024-01-30,螺纹钢,Φ25,HRB400E,江苏镔鑫,None,山东烟台,None,None
2024-01-30,螺纹钢,Φ28-32,HRB400E,莱钢,None,山东烟台,None,None
2024-01-30,螺纹钢,Φ28-32,HRB400E,莱钢永锋,None,山东烟台,None,None
2024-01-30,螺纹钢,Φ28-32,HRB400E,石横特钢,None,山东烟台,None,None
2024-01-30,螺纹钢,Φ28-32,HRB400E,日照,None,山东烟台,None,None
2024-01-30,螺纹钢,Φ28-32,HRB400E,江苏镔鑫,None,山东烟台,None,None
2024-01-30,高线,Φ10,HPB300,莱钢永锋,None,山东烟台,None,None
2024-01-30,高线,Φ10,HPB300,石横特钢,None,山东烟台,None,None
2024-01-30,高线,Φ10,HPB300,江苏镔鑫,None,山东烟台,None,None
2024-01-30,高线,Φ12,HPB300,莱钢永锋,None,山东烟台,None,None
2024-01-30,高线,Φ12,HPB300,石横特钢,None,山东烟台,None,None
2024-01-30,高线,Φ6,HPB300,莱钢永锋,None,山东烟台,None,None
2024-01-30,高线,Φ6,HPB300,石横特钢,None,山东烟台,None,None
2024-01-30,高线,Φ6,HPB300,江苏镔鑫,None,山东烟台,None,None
2024-01-30,高线,Φ8,HPB300,莱钢永锋,None,山东烟台,None,None
2024-01-30,高线,Φ8,HPB300,石横特钢,None,山东烟台,None,None
2024-01-30,高线,Φ8,HPB300,江苏镔鑫,None,山东烟台,None,None
2024-01-29,圆钢,Φ12-22,HPB300,莱钢永锋,None,山东烟台,None,None
2024-01-29,圆钢,Φ12-22,HPB300,石横特钢,None,山东烟台,None,None
2024-01-29,圆钢,Φ25-32,HPB300,莱钢永锋,None,山东烟台,None,None
2024-01-29,圆钢,Φ25-32,HPB300,石横特钢,None,山东烟台,None,None
2024-01-29,盘螺,Φ10,HRB400E,莱钢永锋,None,山东烟台,None,None
2024-01-29,盘螺,Φ10,HRB400E,石横特钢,None,山东烟台,None,None
2024-01-29,盘螺,Φ10,HRB400E,日照,None,山东烟台,None,None
2024-01-29,盘螺,Φ10,HRB400E,江苏镔鑫,None,山东烟台,None,None
2024-01-29,盘螺,Φ10,HRB400E,日钢营口,None,山东烟台,None,None
2024-01-29,盘螺,Φ12,HRB400E,莱钢永锋,None,山东烟台,None,None
2024-01-29,盘螺,Φ12,HRB400E,石横特钢,None,山东烟台,None,None
2024-01-29,盘螺,Φ6,HRB400E,莱钢永锋,None,山东烟台,None,None
2024-01-29,盘螺,Φ6,HRB400E,石横特钢,None,山东烟台,None,None
2024-01-29,盘螺,Φ8,HRB400E,莱钢永锋,None,山东烟台,None,None
2024-01-29,盘螺,Φ8,HRB400E,石横特钢,None,山东烟台,None,None
2024-01-29,盘螺,Φ8,HRB400E,日照,None,山东烟台,None,None
2024-01-29,盘螺,Φ8,HRB400E,江苏镔鑫,None,山东烟台,None,None
2024-01-29,盘螺,Φ8,HRB400E,日钢营口,None,山东烟台,None,None
2024-01-29,螺纹钢,Φ10,HRB400E,莱钢,None,山东烟台,None,None
2024-01-29,螺纹钢,Φ10,HRB400E,莱钢永锋,None,山东烟台,None,None
2024-01-29,螺纹钢,Φ10,HRB400E,石横特钢,None,山东烟台,None,None
2024-01-29,螺纹钢,Φ12,HRB400E,莱钢,None,山东烟台,None,None
2024-01-29,螺纹钢,Φ12,HRB400E,莱钢永锋,None,山东烟台,None,None
2024-01-29,螺纹钢,Φ12,HRB400E,石横特钢,None,山东烟台,None,None
2024-01-29,螺纹钢,Φ12,HRB400E,日照,None,山东烟台,None,None
2024-01-29,螺纹钢,Φ12,HRB400E,江苏镔鑫,None,山东烟台,None,None
2024-01-29,螺纹钢,Φ12-14,HRB500E,莱钢,None,山东烟台,None,None
2024-01-29,螺纹钢,Φ12-14,HRB500E,莱钢永锋,None,山东烟台,None,None
2024-01-29,螺纹钢,Φ12-14,HRB500E,石横特钢,None,山东烟台,None,None
2024-01-29,螺纹钢,Φ14,HRB400E,莱钢,None,山东烟台,None,None
2024-01-29,螺纹钢,Φ14,HRB400E,莱钢永锋,None,山东烟台,None,None
2024-01-29,螺纹钢,Φ14,HRB400E,石横特钢,None,山东烟台,None,None
2024-01-29,螺纹钢,Φ14,HRB400E,日照,None,山东烟台,None,None
2024-01-29,螺纹钢,Φ14,HRB400E,江苏镔鑫,None,山东烟台,None,None
2024-01-29,螺纹钢,Φ16,HRB400E,莱钢,None,山东烟台,None,None
2024-01-29,螺纹钢,Φ16,HRB400E,莱钢永锋,None,山东烟台,None,None
2024-01-29,螺纹钢,Φ16,HRB400E,石横特钢,None,山东烟台,None,None
2024-01-29,螺纹钢,Φ16,HRB400E,日照,None,山东烟台,None,None
2024-01-29,螺纹钢,Φ16,HRB400E,江苏镔鑫,None,山东烟台,None,None
2024-01-29,螺纹钢,Φ18,HRB400E,莱钢,None,山东烟台,None,None
2024-01-29,螺纹钢,Φ18,HRB400E,莱钢永锋,None,山东烟台,None,None
2024-01-29,螺纹钢,Φ18,HRB400E,石横特钢,None,山东烟台,None,None
2024-01-29,螺纹钢,Φ18,HRB400E,日照,None,山东烟台,None,None
2024-01-29,螺纹钢,Φ18,HRB400E,江苏镔鑫,None,山东烟台,None,None
2024-01-29,螺纹钢,Φ20,HRB400E,莱钢,None,山东烟台,None,None
2024-01-29,螺纹钢,Φ20,HRB400E,莱钢永锋,None,山东烟台,None,None
2024-01-29,螺纹钢,Φ20,HRB400E,石横特钢,None,山东烟台,None,None
2024-01-29,螺纹钢,Φ20,HRB400E,日照,None,山东烟台,None,None
2024-01-29,螺纹钢,Φ20,HRB400E,江苏镔鑫,None,山东烟台,None,None
2024-01-29,螺纹钢,Φ22,HRB400E,莱钢,None,山东烟台,None,None
2024-01-29,螺纹钢,Φ22,HRB400E,莱钢永锋,None,山东烟台,None,None
2024-01-29,螺纹钢,Φ22,HRB400E,石横特钢,None,山东烟台,None,None
2024-01-29,螺纹钢,Φ22,HRB400E,日照,None,山东烟台,None,None
2024-01-29,螺纹钢,Φ22,HRB400E,江苏镔鑫,None,山东烟台,None,None
2024-01-29,螺纹钢,Φ25,HRB400E,莱钢,None,山东烟台,None,None
2024-01-29,螺纹钢,Φ25,HRB400E,莱钢永锋,None,山东烟台,None,None
2024-01-29,螺纹钢,Φ25,HRB400E,石横特钢,None,山东烟台,None,None
2024-01-29,螺纹钢,Φ25,HRB400E,日照,None,山东烟台,None,None
2024-01-29,螺纹钢,Φ25,HRB400E,江苏镔鑫,None,山东烟台,None,None
2024-01-29,螺纹钢,Φ28-32,HRB400E,莱钢,None,山东烟台,None,None
2024-01-29,螺纹钢,Φ28-32,HRB400E,莱钢永锋,None,山东烟台,None,None
2024-01-29,螺纹钢,Φ28-32,HRB400E,石横特钢,None,山东烟台,None,None
2024-01-29,螺纹钢,Φ28-32,HRB400E,日照,None,山东烟台,None,None
2024-01-29,螺纹钢,Φ28-32,HRB400E,江苏镔鑫,None,山东烟台,None,None
2024-01-29,高线,Φ10,HPB300,莱钢永锋,None,山东烟台,None,None
2024-01-29,高线,Φ10,HPB300,石横特钢,None,山东烟台,None,None
2024-01-29,高线,Φ10,HPB300,江苏镔鑫,None,山东烟台,None,None
2024-01-29,高线,Φ12,HPB300,莱钢永锋,None,山东烟台,None,None
2024-01-29,高线,Φ12,HPB300,石横特钢,None,山东烟台,None,None
2024-01-29,高线,Φ6,HPB300,莱钢永锋,None,山东烟台,None,None
2024-01-29,高线,Φ6,HPB300,石横特钢,None,山东烟台,None,None
2024-01-29,高线,Φ6,HPB300,江苏镔鑫,None,山东烟台,None,None
2024-01-29,高线,Φ8,HPB300,莱钢永锋,None,山东烟台,None,None
2024-01-29,高线,Φ8,HPB300,石横特钢,None,山东烟台,None,None
2024-01-29,高线,Φ8,HPB300,江苏镔鑫,None,山东烟台,None,None
2024-01-26,圆钢,Φ12-22,HPB300,莱钢永锋,None,山东烟台,None,None
2024-01-26,圆钢,Φ12-22,HPB300,石横特钢,None,山东烟台,None,None
2024-01-26,圆钢,Φ25-32,HPB300,莱钢永锋,None,山东烟台,None,None
2024-01-26,圆钢,Φ25-32,HPB300,石横特钢,None,山东烟台,None,None
2024-01-26,盘螺,Φ10,HRB400E,莱钢永锋,None,山东烟台,None,None
2024-01-26,盘螺,Φ10,HRB400E,石横特钢,None,山东烟台,None,None
2024-01-26,盘螺,Φ10,HRB400E,日照,None,山东烟台,None,None
2024-01-26,盘螺,Φ10,HRB400E,江苏镔鑫,None,山东烟台,None,None
2024-01-26,盘螺,Φ10,HRB400E,日钢营口,None,山东烟台,None,None
2024-01-26,盘螺,Φ12,HRB400E,莱钢永锋,None,山东烟台,None,None
2024-01-26,盘螺,Φ12,HRB400E,石横特钢,None,山东烟台,None,None
2024-01-26,盘螺,Φ6,HRB400E,莱钢永锋,None,山东烟台,None,None
2024-01-26,盘螺,Φ6,HRB400E,石横特钢,None,山东烟台,None,None
2024-01-26,盘螺,Φ8,HRB400E,莱钢永锋,None,山东烟台,None,None
2024-01-26,盘螺,Φ8,HRB400E,石横特钢,None,山东烟台,None,None
2024-01-26,盘螺,Φ8,HRB400E,日照,None,山东烟台,None,None
2024-01-26,盘螺,Φ8,HRB400E,江苏镔鑫,None,山东烟台,None,None
2024-01-26,盘螺,Φ8,HRB400E,日钢营口,None,山东烟台,None,None
2024-01-26,螺纹钢,Φ10,HRB400E,莱钢,None,山东烟台,None,None
2024-01-26,螺纹钢,Φ10,HRB400E,莱钢永锋,None,山东烟台,None,None
2024-01-26,螺纹钢,Φ10,HRB400E,石横特钢,None,山东烟台,None,None
2024-01-26,螺纹钢,Φ12,HRB400E,莱钢,None,山东烟台,None,None
2024-01-26,螺纹钢,Φ12,HRB400E,莱钢永锋,None,山东烟台,None,None
2024-01-26,螺纹钢,Φ12,HRB400E,石横特钢,None,山东烟台,None,None
2024-01-26,螺纹钢,Φ12,HRB400E,日照,None,山东烟台,None,None
2024-01-26,螺纹钢,Φ12,HRB400E,江苏镔鑫,None,山东烟台,None,None
2024-01-26,螺纹钢,Φ12-14,HRB500E,莱钢,None,山东烟台,None,None
2024-01-26,螺纹钢,Φ12-14,HRB500E,莱钢永锋,None,山东烟台,None,None
2024-01-26,螺纹钢,Φ12-14,HRB500E,石横特钢,None,山东烟台,None,None
2024-01-26,螺纹钢,Φ14,HRB400E,莱钢,None,山东烟台,None,None
2024-01-26,螺纹钢,Φ14,HRB400E,莱钢永锋,None,山东烟台,None,None
2024-01-26,螺纹钢,Φ14,HRB400E,石横特钢,None,山东烟台,None,None
2024-01-26,螺纹钢,Φ14,HRB400E,日照,None,山东烟台,None,None
2024-01-26,螺纹钢,Φ14,HRB400E,江苏镔鑫,None,山东烟台,None,None
2024-01-26,螺纹钢,Φ16,HRB400E,莱钢,None,山东烟台,None,None
2024-01-26,螺纹钢,Φ16,HRB400E,莱钢永锋,None,山东烟台,None,None
2024-01-26,螺纹钢,Φ16,HRB400E,石横特钢,None,山东烟台,None,None
2024-01-26,螺纹钢,Φ16,HRB400E,日照,None,山东烟台,None,None
2024-01-26,螺纹钢,Φ16,HRB400E,江苏镔鑫,None,山东烟台,None,None
2024-01-26,螺纹钢,Φ18,HRB400E,莱钢,None,山东烟台,None,None
2024-01-26,螺纹钢,Φ18,HRB400E,莱钢永锋,None,山东烟台,None,None
2024-01-26,螺纹钢,Φ18,HRB400E,石横特钢,None,山东烟台,None,None
2024-01-26,螺纹钢,Φ18,HRB400E,日照,None,山东烟台,None,None
2024-01-26,螺纹钢,Φ18,HRB400E,江苏镔鑫,None,山东烟台,None,None
2024-01-26,螺纹钢,Φ20,HRB400E,莱钢,None,山东烟台,None,None
2024-01-26,螺纹钢,Φ20,HRB400E,莱钢永锋,None,山东烟台,None,None
2024-01-26,螺纹钢,Φ20,HRB400E,石横特钢,None,山东烟台,None,None
2024-01-26,螺纹钢,Φ20,HRB400E,日照,None,山东烟台,None,None
2024-01-26,螺纹钢,Φ20,HRB400E,江苏镔鑫,None,山东烟台,None,None
2024-01-26,螺纹钢,Φ22,HRB400E,莱钢,None,山东烟台,None,None
2024-01-26,螺纹钢,Φ22,HRB400E,莱钢永锋,None,山东烟台,None,None
2024-01-26,螺纹钢,Φ22,HRB400E,石横特钢,None,山东烟台,None,None
2024-01-26,螺纹钢,Φ22,HRB400E,日照,None,山东烟台,None,None
2024-01-26,螺纹钢,Φ22,HRB400E,江苏镔鑫,None,山东烟台,None,None
2024-01-26,螺纹钢,Φ25,HRB400E,莱钢,None,山东烟台,None,None
2024-01-26,螺纹钢,Φ25,HRB400E,莱钢永锋,None,山东烟台,None,None
2024-01-26,螺纹钢,Φ25,HRB400E,石横特钢,None,山东烟台,None,None
2024-01-26,螺纹钢,Φ25,HRB400E,日照,None,山东烟台,None,None
2024-01-26,螺纹钢,Φ25,HRB400E,江苏镔鑫,None,山东烟台,None,None
2024-01-26,螺纹钢,Φ28-32,HRB400E,莱钢,None,山东烟台,None,None
2024-01-26,螺纹钢,Φ28-32,HRB400E,莱钢永锋,None,山东烟台,None,None
2024-01-26,螺纹钢,Φ28-32,HRB400E,石横特钢,None,山东烟台,None,None
2024-01-26,螺纹钢,Φ28-32,HRB400E,日照,None,山东烟台,None,None
2024-01-26,螺纹钢,Φ28-32,HRB400E,江苏镔鑫,None,山东烟台,None,None
2024-01-26,高线,Φ10,HPB300,莱钢永锋,None,山东烟台,None,None
2024-01-26,高线,Φ10,HPB300,石横特钢,None,山东烟台,None,None
2024-01-26,高线,Φ10,HPB300,江苏镔鑫,None,山东烟台,None,None
2024-01-26,高线,Φ12,HPB300,莱钢永锋,None,山东烟台,None,None
2024-01-26,高线,Φ12,HPB300,石横特钢,None,山东烟台,None,None
2024-01-26,高线,Φ6,HPB300,莱钢永锋,None,山东烟台,None,None
2024-01-26,高线,Φ6,HPB300,石横特钢,None,山东烟台,None,None
2024-01-26,高线,Φ6,HPB300,江苏镔鑫,None,山东烟台,None,None
2024-01-26,高线,Φ8,HPB300,莱钢永锋,None,山东烟台,None,None
2024-01-26,高线,Φ8,HPB300,石横特钢,None,山东烟台,None,None
2024-01-26,高线,Φ8,HPB300,江苏镔鑫,None,山东烟台,None,None
2024-01-25,圆钢,Φ12-22,HPB300,莱钢永锋,None,山东烟台,None,None
2024-01-25,圆钢,Φ12-22,HPB300,石横特钢,None,山东烟台,None,None
2024-01-25,圆钢,Φ25-32,HPB300,莱钢永锋,None,山东烟台,None,None
2024-01-25,圆钢,Φ25-32,HPB300,石横特钢,None,山东烟台,None,None
2024-01-25,盘螺,Φ10,HRB400E,莱钢永锋,None,山东烟台,None,None
2024-01-25,盘螺,Φ10,HRB400E,石横特钢,None,山东烟台,None,None
2024-01-25,盘螺,Φ10,HRB400E,日照,None,山东烟台,None,None
2024-01-25,盘螺,Φ10,HRB400E,江苏镔鑫,None,山东烟台,None,None
2024-01-25,盘螺,Φ10,HRB400E,日钢营口,None,山东烟台,None,None
2024-01-25,盘螺,Φ12,HRB400E,莱钢永锋,None,山东烟台,None,None
2024-01-25,盘螺,Φ12,HRB400E,石横特钢,None,山东烟台,None,None
2024-01-25,盘螺,Φ6,HRB400E,莱钢永锋,None,山东烟台,None,None
2024-01-25,盘螺,Φ6,HRB400E,石横特钢,None,山东烟台,None,None
2024-01-25,盘螺,Φ8,HRB400E,莱钢永锋,None,山东烟台,None,None
2024-01-25,盘螺,Φ8,HRB400E,石横特钢,None,山东烟台,None,None
2024-01-25,盘螺,Φ8,HRB400E,日照,None,山东烟台,None,None
2024-01-25,盘螺,Φ8,HRB400E,江苏镔鑫,None,山东烟台,None,None
2024-01-25,盘螺,Φ8,HRB400E,日钢营口,None,山东烟台,None,None
2024-01-25,螺纹钢,Φ10,HRB400E,莱钢,None,山东烟台,None,None
2024-01-25,螺纹钢,Φ10,HRB400E,莱钢永锋,None,山东烟台,None,None
2024-01-25,螺纹钢,Φ10,HRB400E,石横特钢,None,山东烟台,None,None
2024-01-25,螺纹钢,Φ12,HRB400E,莱钢,None,山东烟台,None,None
2024-01-25,螺纹钢,Φ12,HRB400E,莱钢永锋,None,山东烟台,None,None
2024-01-25,螺纹钢,Φ12,HRB400E,石横特钢,None,山东烟台,None,None
2024-01-25,螺纹钢,Φ12,HRB400E,日照,None,山东烟台,None,None
2024-01-25,螺纹钢,Φ12,HRB400E,江苏镔鑫,None,山东烟台,None,None
2024-01-25,螺纹钢,Φ12-14,HRB500E,莱钢,None,山东烟台,None,None
2024-01-25,螺纹钢,Φ12-14,HRB500E,莱钢永锋,None,山东烟台,None,None
2024-01-25,螺纹钢,Φ12-14,HRB500E,石横特钢,None,山东烟台,None,None
2024-01-25,螺纹钢,Φ14,HRB400E,莱钢,None,山东烟台,None,None
2024-01-25,螺纹钢,Φ14,HRB400E,莱钢永锋,None,山东烟台,None,None
2024-01-25,螺纹钢,Φ14,HRB400E,石横特钢,None,山东烟台,None,None
2024-01-25,螺纹钢,Φ14,HRB400E,日照,None,山东烟台,None,None
2024-01-25,螺纹钢,Φ14,HRB400E,江苏镔鑫,None,山东烟台,None,None
2024-01-25,螺纹钢,Φ16,HRB400E,莱钢,None,山东烟台,None,None
2024-01-25,螺纹钢,Φ16,HRB400E,莱钢永锋,None,山东烟台,None,None
2024-01-25,螺纹钢,Φ16,HRB400E,石横特钢,None,山东烟台,None,None
2024-01-25,螺纹钢,Φ16,HRB400E,日照,None,山东烟台,None,None
2024-01-25,螺纹钢,Φ16,HRB400E,江苏镔鑫,None,山东烟台,None,None
2024-01-25,螺纹钢,Φ18,HRB400E,莱钢,None,山东烟台,None,None
2024-01-25,螺纹钢,Φ18,HRB400E,莱钢永锋,None,山东烟台,None,None
2024-01-25,螺纹钢,Φ18,HRB400E,石横特钢,None,山东烟台,None,None
2024-01-25,螺纹钢,Φ18,HRB400E,日照,None,山东烟台,None,None
2024-01-25,螺纹钢,Φ18,HRB400E,江苏镔鑫,None,山东烟台,None,None
2024-01-25,螺纹钢,Φ20,HRB400E,莱钢,None,山东烟台,None,None
2024-01-25,螺纹钢,Φ20,HRB400E,莱钢永锋,None,山东烟台,None,None
2024-01-25,螺纹钢,Φ20,HRB400E,石横特钢,None,山东烟台,None,None
2024-01-25,螺纹钢,Φ20,HRB400E,日照,None,山东烟台,None,None
2024-01-25,螺纹钢,Φ20,HRB400E,江苏镔鑫,None,山东烟台,None,None
2024-01-25,螺纹钢,Φ22,HRB400E,莱钢,None,山东烟台,None,None
2024-01-25,螺纹钢,Φ22,HRB400E,莱钢永锋,None,山东烟台,None,None
2024-01-25,螺纹钢,Φ22,HRB400E,石横特钢,None,山东烟台,None,None
2024-01-25,螺纹钢,Φ22,HRB400E,日照,None,山东烟台,None,None
2024-01-25,螺纹钢,Φ22,HRB400E,江苏镔鑫,None,山东烟台,None,None
2024-01-25,螺纹钢,Φ25,HRB400E,莱钢,None,山东烟台,None,None
2024-01-25,螺纹钢,Φ25,HRB400E,莱钢永锋,None,山东烟台,None,None
2024-01-25,螺纹钢,Φ25,HRB400E,石横特钢,None,山东烟台,None,None
2024-01-25,螺纹钢,Φ25,HRB400E,日照,None,山东烟台,None,None
2024-01-25,螺纹钢,Φ25,HRB400E,江苏镔鑫,None,山东烟台,None,None
2024-01-25,螺纹钢,Φ28-32,HRB400E,莱钢,None,山东烟台,None,None
2024-01-25,螺纹钢,Φ28-32,HRB400E,莱钢永锋,None,山东烟台,None,None
2024-01-25,螺纹钢,Φ28-32,HRB400E,石横特钢,None,山东烟台,None,None
2024-01-25,螺纹钢,Φ28-32,HRB400E,日照,None,山东烟台,None,None
2024-01-25,螺纹钢,Φ28-32,HRB400E,江苏镔鑫,None,山东烟台,None,None
2024-01-25,高线,Φ10,HPB300,莱钢永锋,None,山东烟台,None,None
2024-01-25,高线,Φ10,HPB300,石横特钢,None,山东烟台,None,None
2024-01-25,高线,Φ10,HPB300,江苏镔鑫,None,山东烟台,None,None
2024-01-25,高线,Φ12,HPB300,莱钢永锋,None,山东烟台,None,None
2024-01-25,高线,Φ12,HPB300,石横特钢,None,山东烟台,None,None
2024-01-25,高线,Φ6,HPB300,莱钢永锋,None,山东烟台,None,None
2024-01-25,高线,Φ6,HPB300,石横特钢,None,山东烟台,None,None
2024-01-25,高线,Φ6,HPB300,江苏镔鑫,None,山东烟台,None,None
2024-01-25,高线,Φ8,HPB300,莱钢永锋,None,山东烟台,None,None
2024-01-25,高线,Φ8,HPB300,石横特钢,None,山东烟台,None,None
2024-01-25,高线,Φ8,HPB300,江苏镔鑫,None,山东烟台,None,None
2024-01-24,圆钢,Φ12-22,HPB300,莱钢永锋,None,山东烟台,None,None
2024-01-24,圆钢,Φ12-22,HPB300,石横特钢,None,山东烟台,None,None
2024-01-24,圆钢,Φ25-32,HPB300,莱钢永锋,None,山东烟台,None,None
2024-01-24,圆钢,Φ25-32,HPB300,石横特钢,None,山东烟台,None,None
2024-01-24,盘螺,Φ10,HRB400E,莱钢永锋,None,山东烟台,None,None
2024-01-24,盘螺,Φ10,HRB400E,石横特钢,None,山东烟台,None,None
2024-01-24,盘螺,Φ10,HRB400E,日照,None,山东烟台,None,None
2024-01-24,盘螺,Φ10,HRB400E,江苏镔鑫,None,山东烟台,None,None
2024-01-24,盘螺,Φ10,HRB400E,日钢营口,None,山东烟台,None,None
2024-01-24,盘螺,Φ12,HRB400E,莱钢永锋,None,山东烟台,None,None
2024-01-24,盘螺,Φ12,HRB400E,石横特钢,None,山东烟台,None,None
2024-01-24,盘螺,Φ6,HRB400E,莱钢永锋,None,山东烟台,None,None
2024-01-24,盘螺,Φ6,HRB400E,石横特钢,None,山东烟台,None,None
2024-01-24,盘螺,Φ8,HRB400E,莱钢永锋,None,山东烟台,None,None
2024-01-24,盘螺,Φ8,HRB400E,石横特钢,None,山东烟台,None,None
2024-01-24,盘螺,Φ8,HRB400E,日照,None,山东烟台,None,None
2024-01-24,盘螺,Φ8,HRB400E,江苏镔鑫,None,山东烟台,None,None
2024-01-24,盘螺,Φ8,HRB400E,日钢营口,None,山东烟台,None,None
2024-01-24,螺纹钢,Φ10,HRB400E,莱钢,None,山东烟台,None,None
2024-01-24,螺纹钢,Φ10,HRB400E,莱钢永锋,None,山东烟台,None,None
2024-01-24,螺纹钢,Φ10,HRB400E,石横特钢,None,山东烟台,None,None
2024-01-24,螺纹钢,Φ12,HRB400E,莱钢,None,山东烟台,None,None
2024-01-24,螺纹钢,Φ12,HRB400E,莱钢永锋,None,山东烟台,None,None
2024-01-24,螺纹钢,Φ12,HRB400E,石横特钢,None,山东烟台,None,None
2024-01-24,螺纹钢,Φ12,HRB400E,日照,None,山东烟台,None,None
2024-01-24,螺纹钢,Φ12,HRB400E,江苏镔鑫,None,山东烟台,None,None
2024-01-24,螺纹钢,Φ12-14,HRB500E,莱钢,None,山东烟台,None,None
2024-01-24,螺纹钢,Φ12-14,HRB500E,莱钢永锋,None,山东烟台,None,None
2024-01-24,螺纹钢,Φ12-14,HRB500E,石横特钢,None,山东烟台,None,None
2024-01-24,螺纹钢,Φ14,HRB400E,莱钢,None,山东烟台,None,None
2024-01-24,螺纹钢,Φ14,HRB400E,莱钢永锋,None,山东烟台,None,None
2024-01-24,螺纹钢,Φ14,HRB400E,石横特钢,None,山东烟台,None,None
2024-01-24,螺纹钢,Φ14,HRB400E,日照,None,山东烟台,None,None
2024-01-24,螺纹钢,Φ14,HRB400E,江苏镔鑫,None,山东烟台,None,None
2024-01-24,螺纹钢,Φ16,HRB400E,莱钢,None,山东烟台,None,None
2024-01-24,螺纹钢,Φ16,HRB400E,莱钢永锋,None,山东烟台,None,None
2024-01-24,螺纹钢,Φ16,HRB400E,石横特钢,None,山东烟台,None,None
2024-01-24,螺纹钢,Φ16,HRB400E,日照,None,山东烟台,None,None
2024-01-24,螺纹钢,Φ16,HRB400E,江苏镔鑫,None,山东烟台,None,None
2024-01-24,螺纹钢,Φ18,HRB400E,莱钢,None,山东烟台,None,None
2024-01-24,螺纹钢,Φ18,HRB400E,莱钢永锋,None,山东烟台,None,None
2024-01-24,螺纹钢,Φ18,HRB400E,石横特钢,None,山东烟台,None,None
2024-01-24,螺纹钢,Φ18,HRB400E,日照,None,山东烟台,None,None
2024-01-24,螺纹钢,Φ18,HRB400E,江苏镔鑫,None,山东烟台,None,None
2024-01-24,螺纹钢,Φ20,HRB400E,莱钢,None,山东烟台,None,None
2024-01-24,螺纹钢,Φ20,HRB400E,莱钢永锋,None,山东烟台,None,None
2024-01-24,螺纹钢,Φ20,HRB400E,石横特钢,None,山东烟台,None,None
2024-01-24,螺纹钢,Φ20,HRB400E,日照,None,山东烟台,None,None
2024-01-24,螺纹钢,Φ20,HRB400E,江苏镔鑫,None,山东烟台,None,None
2024-01-24,螺纹钢,Φ22,HRB400E,莱钢,None,山东烟台,None,None
2024-01-24,螺纹钢,Φ22,HRB400E,莱钢永锋,None,山东烟台,None,None
2024-01-24,螺纹钢,Φ22,HRB400E,石横特钢,None,山东烟台,None,None
2024-01-24,螺纹钢,Φ22,HRB400E,日照,None,山东烟台,None,None
2024-01-24,螺纹钢,Φ22,HRB400E,江苏镔鑫,None,山东烟台,None,None
2024-01-24,螺纹钢,Φ25,HRB400E,莱钢,None,山东烟台,None,None
2024-01-24,螺纹钢,Φ25,HRB400E,莱钢永锋,None,山东烟台,None,None
2024-01-24,螺纹钢,Φ25,HRB400E,石横特钢,None,山东烟台,None,None
2024-01-24,螺纹钢,Φ25,HRB400E,日照,None,山东烟台,None,None
2024-01-24,螺纹钢,Φ25,HRB400E,江苏镔鑫,None,山东烟台,None,None
2024-01-24,螺纹钢,Φ28-32,HRB400E,莱钢,None,山东烟台,None,None
2024-01-24,螺纹钢,Φ28-32,HRB400E,莱钢永锋,None,山东烟台,None,None
2024-01-24,螺纹钢,Φ28-32,HRB400E,石横特钢,None,山东烟台,None,None
2024-01-24,螺纹钢,Φ28-32,HRB400E,日照,None,山东烟台,None,None
2024-01-24,螺纹钢,Φ28-32,HRB400E,江苏镔鑫,None,山东烟台,None,None
2024-01-24,高线,Φ10,HPB300,莱钢永锋,None,山东烟台,None,None
2024-01-24,高线,Φ10,HPB300,石横特钢,None,山东烟台,None,None
2024-01-24,高线,Φ10,HPB300,江苏镔鑫,None,山东烟台,None,None
2024-01-24,高线,Φ12,HPB300,莱钢永锋,None,山东烟台,None,None
2024-01-24,高线,Φ12,HPB300,石横特钢,None,山东烟台,None,None
2024-01-24,高线,Φ6,HPB300,莱钢永锋,None,山东烟台,None,None
2024-01-24,高线,Φ6,HPB300,石横特钢,None,山东烟台,None,None
2024-01-24,高线,Φ6,HPB300,江苏镔鑫,None,山东烟台,None,None
2024-01-24,高线,Φ8,HPB300,莱钢永锋,None,山东烟台,None,None
2024-01-24,高线,Φ8,HPB300,石横特钢,None,山东烟台,None,None
2024-01-24,高线,Φ8,HPB300,江苏镔鑫,None,山东烟台,None,None
2024-01-23,圆钢,Φ12-22,HPB300,莱钢永锋,None,山东烟台,None,None
2024-01-23,圆钢,Φ12-22,HPB300,石横特钢,None,山东烟台,None,None
2024-01-23,圆钢,Φ25-32,HPB300,莱钢永锋,None,山东烟台,None,None
2024-01-23,圆钢,Φ25-32,HPB300,石横特钢,None,山东烟台,None,None
2024-01-23,盘螺,Φ10,HRB400E,莱钢永锋,None,山东烟台,None,None
2024-01-23,盘螺,Φ10,HRB400E,石横特钢,None,山东烟台,None,None
2024-01-23,盘螺,Φ10,HRB400E,日照,None,山东烟台,None,None
2024-01-23,盘螺,Φ10,HRB400E,江苏镔鑫,None,山东烟台,None,None
2024-01-23,盘螺,Φ10,HRB400E,日钢营口,None,山东烟台,None,None
2024-01-23,盘螺,Φ12,HRB400E,莱钢永锋,None,山东烟台,None,None
2024-01-23,盘螺,Φ12,HRB400E,石横特钢,None,山东烟台,None,None
2024-01-23,盘螺,Φ6,HRB400E,莱钢永锋,None,山东烟台,None,None
2024-01-23,盘螺,Φ6,HRB400E,石横特钢,None,山东烟台,None,None
2024-01-23,盘螺,Φ8,HRB400E,莱钢永锋,None,山东烟台,None,None
2024-01-23,盘螺,Φ8,HRB400E,石横特钢,None,山东烟台,None,None
2024-01-23,盘螺,Φ8,HRB400E,日照,None,山东烟台,None,None
2024-01-23,盘螺,Φ8,HRB400E,江苏镔鑫,None,山东烟台,None,None
2024-01-23,盘螺,Φ8,HRB400E,日钢营口,None,山东烟台,None,None
2024-01-23,螺纹钢,Φ10,HRB400E,莱钢,None,山东烟台,None,None
2024-01-23,螺纹钢,Φ10,HRB400E,莱钢永锋,None,山东烟台,None,None
2024-01-23,螺纹钢,Φ10,HRB400E,石横特钢,None,山东烟台,None,None
2024-01-23,螺纹钢,Φ12,HRB400E,莱钢,None,山东烟台,None,None
2024-01-23,螺纹钢,Φ12,HRB400E,莱钢永锋,None,山东烟台,None,None
2024-01-23,螺纹钢,Φ12,HRB400E,石横特钢,None,山东烟台,None,None
2024-01-23,螺纹钢,Φ12,HRB400E,日照,None,山东烟台,None,None
2024-01-23,螺纹钢,Φ12,HRB400E,江苏镔鑫,None,山东烟台,None,None
2024-01-23,螺纹钢,Φ12-14,HRB500E,莱钢,None,山东烟台,None,None
2024-01-23,螺纹钢,Φ12-14,HRB500E,莱钢永锋,None,山东烟台,None,None
2024-01-23,螺纹钢,Φ12-14,HRB500E,石横特钢,None,山东烟台,None,None
2024-01-23,螺纹钢,Φ14,HRB400E,莱钢,None,山东烟台,None,None
2024-01-23,螺纹钢,Φ14,HRB400E,莱钢永锋,None,山东烟台,None,None
2024-01-23,螺纹钢,Φ14,HRB400E,石横特钢,None,山东烟台,None,None
2024-01-23,螺纹钢,Φ14,HRB400E,日照,None,山东烟台,None,None
2024-01-23,螺纹钢,Φ14,HRB400E,江苏镔鑫,None,山东烟台,None,None
2024-01-23,螺纹钢,Φ16,HRB400E,莱钢,None,山东烟台,None,None
2024-01-23,螺纹钢,Φ16,HRB400E,莱钢永锋,None,山东烟台,None,None
2024-01-23,螺纹钢,Φ16,HRB400E,石横特钢,None,山东烟台,None,None
2024-01-23,螺纹钢,Φ16,HRB400E,日照,None,山东烟台,None,None
2024-01-23,螺纹钢,Φ16,HRB400E,江苏镔鑫,None,山东烟台,None,None
2024-01-23,螺纹钢,Φ18,HRB400E,莱钢,None,山东烟台,None,None
2024-01-23,螺纹钢,Φ18,HRB400E,莱钢永锋,None,山东烟台,None,None
2024-01-23,螺纹钢,Φ18,HRB400E,石横特钢,None,山东烟台,None,None
2024-01-23,螺纹钢,Φ18,HRB400E,日照,None,山东烟台,None,None
2024-01-23,螺纹钢,Φ18,HRB400E,江苏镔鑫,None,山东烟台,None,None
2024-01-23,螺纹钢,Φ20,HRB400E,莱钢,None,山东烟台,None,None
2024-01-23,螺纹钢,Φ20,HRB400E,莱钢永锋,None,山东烟台,None,None
2024-01-23,螺纹钢,Φ20,HRB400E,石横特钢,None,山东烟台,None,None
2024-01-23,螺纹钢,Φ20,HRB400E,日照,None,山东烟台,None,None
2024-01-23,螺纹钢,Φ20,HRB400E,江苏镔鑫,None,山东烟台,None,None
2024-01-23,螺纹钢,Φ22,HRB400E,莱钢,None,山东烟台,None,None
2024-01-23,螺纹钢,Φ22,HRB400E,莱钢永锋,None,山东烟台,None,None
2024-01-23,螺纹钢,Φ22,HRB400E,石横特钢,None,山东烟台,None,None
2024-01-23,螺纹钢,Φ22,HRB400E,日照,None,山东烟台,None,None
2024-01-23,螺纹钢,Φ22,HRB400E,江苏镔鑫,None,山东烟台,None,None
2024-01-23,螺纹钢,Φ25,HRB400E,莱钢,None,山东烟台,None,None
2024-01-23,螺纹钢,Φ25,HRB400E,莱钢永锋,None,山东烟台,None,None
2024-01-23,螺纹钢,Φ25,HRB400E,石横特钢,None,山东烟台,None,None
2024-01-23,螺纹钢,Φ25,HRB400E,日照,None,山东烟台,None,None
2024-01-23,螺纹钢,Φ25,HRB400E,江苏镔鑫,None,山东烟台,None,None
2024-01-23,螺纹钢,Φ28-32,HRB400E,莱钢,None,山东烟台,None,None
2024-01-23,螺纹钢,Φ28-32,HRB400E,莱钢永锋,None,山东烟台,None,None
2024-01-23,螺纹钢,Φ28-32,HRB400E,石横特钢,None,山东烟台,None,None
2024-01-23,螺纹钢,Φ28-32,HRB400E,日照,None,山东烟台,None,None
2024-01-23,螺纹钢,Φ28-32,HRB400E,江苏镔鑫,None,山东烟台,None,None
2024-01-23,高线,Φ10,HPB300,莱钢永锋,None,山东烟台,None,None
2024-01-23,高线,Φ10,HPB300,石横特钢,None,山东烟台,None,None
2024-01-23,高线,Φ10,HPB300,江苏镔鑫,None,山东烟台,None,None
2024-01-23,高线,Φ12,HPB300,莱钢永锋,None,山东烟台,None,None
2024-01-23,高线,Φ12,HPB300,石横特钢,None,山东烟台,None,None
2024-01-23,高线,Φ6,HPB300,莱钢永锋,None,山东烟台,None,None
2024-01-23,高线,Φ6,HPB300,石横特钢,None,山东烟台,None,None
2024-01-23,高线,Φ6,HPB300,江苏镔鑫,None,山东烟台,None,None
2024-01-23,高线,Φ8,HPB300,莱钢永锋,None,山东烟台,None,None
2024-01-23,高线,Φ8,HPB300,石横特钢,None,山东烟台,None,None
2024-01-23,高线,Φ8,HPB300,江苏镔鑫,None,山东烟台,None,None
2024-01-22,圆钢,Φ12-22,HPB300,莱钢永锋,None,山东烟台,None,None
2024-01-22,圆钢,Φ12-22,HPB300,石横特钢,None,山东烟台,None,None
2024-01-22,圆钢,Φ25-32,HPB300,莱钢永锋,None,山东烟台,None,None
2024-01-22,圆钢,Φ25-32,HPB300,石横特钢,None,山东烟台,None,None
2024-01-22,盘螺,Φ10,HRB400E,莱钢永锋,None,山东烟台,None,None
2024-01-22,盘螺,Φ10,HRB400E,石横特钢,None,山东烟台,None,None
2024-01-22,盘螺,Φ10,HRB400E,日照,None,山东烟台,None,None
2024-01-22,盘螺,Φ10,HRB400E,江苏镔鑫,None,山东烟台,None,None
2024-01-22,盘螺,Φ10,HRB400E,日钢营口,None,山东烟台,None,None
2024-01-22,盘螺,Φ12,HRB400E,莱钢永锋,None,山东烟台,None,None
2024-01-22,盘螺,Φ12,HRB400E,石横特钢,None,山东烟台,None,None
2024-01-22,盘螺,Φ6,HRB400E,莱钢永锋,None,山东烟台,None,None
2024-01-22,盘螺,Φ6,HRB400E,石横特钢,None,山东烟台,None,None
2024-01-22,盘螺,Φ8,HRB400E,莱钢永锋,None,山东烟台,None,None
2024-01-22,盘螺,Φ8,HRB400E,石横特钢,None,山东烟台,None,None
2024-01-22,盘螺,Φ8,HRB400E,日照,None,山东烟台,None,None
2024-01-22,盘螺,Φ8,HRB400E,江苏镔鑫,None,山东烟台,None,None
2024-01-22,盘螺,Φ8,HRB400E,日钢营口,None,山东烟台,None,None
2024-01-22,螺纹钢,Φ10,HRB400E,莱钢,None,山东烟台,None,None
2024-01-22,螺纹钢,Φ10,HRB400E,莱钢永锋,None,山东烟台,None,None
2024-01-22,螺纹钢,Φ10,HRB400E,石横特钢,None,山东烟台,None,None
2024-01-22,螺纹钢,Φ12,HRB400E,莱钢,None,山东烟台,None,None
2024-01-22,螺纹钢,Φ12,HRB400E,莱钢永锋,None,山东烟台,None,None
2024-01-22,螺纹钢,Φ12,HRB400E,石横特钢,None,山东烟台,None,None
2024-01-22,螺纹钢,Φ12,HRB400E,日照,None,山东烟台,None,None
2024-01-22,螺纹钢,Φ12,HRB400E,江苏镔鑫,None,山东烟台,None,None
2024-01-22,螺纹钢,Φ12-14,HRB500E,莱钢,None,山东烟台,None,None
2024-01-22,螺纹钢,Φ12-14,HRB500E,莱钢永锋,None,山东烟台,None,None
2024-01-22,螺纹钢,Φ12-14,HRB500E,石横特钢,None,山东烟台,None,None
2024-01-22,螺纹钢,Φ14,HRB400E,莱钢,None,山东烟台,None,None
2024-01-22,螺纹钢,Φ14,HRB400E,莱钢永锋,None,山东烟台,None,None
2024-01-22,螺纹钢,Φ14,HRB400E,石横特钢,None,山东烟台,None,None
2024-01-22,螺纹钢,Φ14,HRB400E,日照,None,山东烟台,None,None
2024-01-22,螺纹钢,Φ14,HRB400E,江苏镔鑫,None,山东烟台,None,None
2024-01-22,螺纹钢,Φ16,HRB400E,莱钢,None,山东烟台,None,None
2024-01-22,螺纹钢,Φ16,HRB400E,莱钢永锋,None,山东烟台,None,None
2024-01-22,螺纹钢,Φ16,HRB400E,石横特钢,None,山东烟台,None,None
2024-01-22,螺纹钢,Φ16,HRB400E,日照,None,山东烟台,None,None
2024-01-22,螺纹钢,Φ16,HRB400E,江苏镔鑫,None,山东烟台,None,None
2024-01-22,螺纹钢,Φ18,HRB400E,莱钢,None,山东烟台,None,None
2024-01-22,螺纹钢,Φ18,HRB400E,莱钢永锋,None,山东烟台,None,None
2024-01-22,螺纹钢,Φ18,HRB400E,石横特钢,None,山东烟台,None,None
2024-01-22,螺纹钢,Φ18,HRB400E,日照,None,山东烟台,None,None
2024-01-22,螺纹钢,Φ18,HRB400E,江苏镔鑫,None,山东烟台,None,None
2024-01-22,螺纹钢,Φ20,HRB400E,莱钢,None,山东烟台,None,None
2024-01-22,螺纹钢,Φ20,HRB400E,莱钢永锋,None,山东烟台,None,None
2024-01-22,螺纹钢,Φ20,HRB400E,石横特钢,None,山东烟台,None,None
2024-01-22,螺纹钢,Φ20,HRB400E,日照,None,山东烟台,None,None
2024-01-22,螺纹钢,Φ20,HRB400E,江苏镔鑫,None,山东烟台,None,None
2024-01-22,螺纹钢,Φ22,HRB400E,莱钢,None,山东烟台,None,None
2024-01-22,螺纹钢,Φ22,HRB400E,莱钢永锋,None,山东烟台,None,None
2024-01-22,螺纹钢,Φ22,HRB400E,石横特钢,None,山东烟台,None,None
2024-01-22,螺纹钢,Φ22,HRB400E,日照,None,山东烟台,None,None
2024-01-22,螺纹钢,Φ22,HRB400E,江苏镔鑫,None,山东烟台,None,None
2024-01-22,螺纹钢,Φ25,HRB400E,莱钢,None,山东烟台,None,None
2024-01-22,螺纹钢,Φ25,HRB400E,莱钢永锋,None,山东烟台,None,None
2024-01-22,螺纹钢,Φ25,HRB400E,石横特钢,None,山东烟台,None,None
2024-01-22,螺纹钢,Φ25,HRB400E,日照,None,山东烟台,None,None
2024-01-22,螺纹钢,Φ25,HRB400E,江苏镔鑫,None,山东烟台,None,None
2024-01-22,螺纹钢,Φ28-32,HRB400E,莱钢,None,山东烟台,None,None
2024-01-22,螺纹钢,Φ28-32,HRB400E,莱钢永锋,None,山东烟台,None,None
2024-01-22,螺纹钢,Φ28-32,HRB400E,石横特钢,None,山东烟台,None,None
2024-01-22,螺纹钢,Φ28-32,HRB400E,日照,None,山东烟台,None,None
2024-01-22,螺纹钢,Φ28-32,HRB400E,江苏镔鑫,None,山东烟台,None,None
2024-01-22,高线,Φ10,HPB300,莱钢永锋,None,山东烟台,None,None
2024-01-22,高线,Φ10,HPB300,石横特钢,None,山东烟台,None,None
2024-01-22,高线,Φ10,HPB300,江苏镔鑫,None,山东烟台,None,None
2024-01-22,高线,Φ12,HPB300,莱钢永锋,None,山东烟台,None,None
2024-01-22,高线,Φ12,HPB300,石横特钢,None,山东烟台,None,None
2024-01-22,高线,Φ6,HPB300,莱钢永锋,None,山东烟台,None,None
2024-01-22,高线,Φ6,HPB300,石横特钢,None,山东烟台,None,None
2024-01-22,高线,Φ6,HPB300,江苏镔鑫,None,山东烟台,None,None
2024-01-22,高线,Φ8,HPB300,莱钢永锋,None,山东烟台,None,None
2024-01-22,高线,Φ8,HPB300,石横特钢,None,山东烟台,None,None
2024-01-22,高线,Φ8,HPB300,江苏镔鑫,None,山东烟台,None,None
2024-01-19,圆钢,Φ12-22,HPB300,莱钢永锋,None,山东烟台,None,None
2024-01-19,圆钢,Φ12-22,HPB300,石横特钢,None,山东烟台,None,None
2024-01-19,圆钢,Φ25-32,HPB300,莱钢永锋,None,山东烟台,None,None
2024-01-19,圆钢,Φ25-32,HPB300,石横特钢,None,山东烟台,None,None
2024-01-19,盘螺,Φ10,HRB400E,莱钢永锋,None,山东烟台,None,None
2024-01-19,盘螺,Φ10,HRB400E,石横特钢,None,山东烟台,None,None
2024-01-19,盘螺,Φ10,HRB400E,日照,None,山东烟台,None,None
2024-01-19,盘螺,Φ10,HRB400E,江苏镔鑫,None,山东烟台,None,None
2024-01-19,盘螺,Φ10,HRB400E,日钢营口,None,山东烟台,None,None
2024-01-19,盘螺,Φ12,HRB400E,莱钢永锋,None,山东烟台,None,None
2024-01-19,盘螺,Φ12,HRB400E,石横特钢,None,山东烟台,None,None
2024-01-19,盘螺,Φ6,HRB400E,莱钢永锋,None,山东烟台,None,None
2024-01-19,盘螺,Φ6,HRB400E,石横特钢,None,山东烟台,None,None
2024-01-19,盘螺,Φ8,HRB400E,莱钢永锋,None,山东烟台,None,None
2024-01-19,盘螺,Φ8,HRB400E,石横特钢,None,山东烟台,None,None
2024-01-19,盘螺,Φ8,HRB400E,日照,None,山东烟台,None,None
2024-01-19,盘螺,Φ8,HRB400E,江苏镔鑫,None,山东烟台,None,None
2024-01-19,盘螺,Φ8,HRB400E,日钢营口,None,山东烟台,None,None
2024-01-19,螺纹钢,Φ10,HRB400E,莱钢,None,山东烟台,None,None
2024-01-19,螺纹钢,Φ10,HRB400E,莱钢永锋,None,山东烟台,None,None
2024-01-19,螺纹钢,Φ10,HRB400E,石横特钢,None,山东烟台,None,None
2024-01-19,螺纹钢,Φ12,HRB400E,莱钢,None,山东烟台,None,None
2024-01-19,螺纹钢,Φ12,HRB400E,莱钢永锋,None,山东烟台,None,None
2024-01-19,螺纹钢,Φ12,HRB400E,石横特钢,None,山东烟台,None,None
2024-01-19,螺纹钢,Φ12,HRB400E,日照,None,山东烟台,None,None
2024-01-19,螺纹钢,Φ12,HRB400E,江苏镔鑫,None,山东烟台,None,None
2024-01-19,螺纹钢,Φ12-14,HRB500E,莱钢,None,山东烟台,None,None
2024-01-19,螺纹钢,Φ12-14,HRB500E,莱钢永锋,None,山东烟台,None,None
2024-01-19,螺纹钢,Φ12-14,HRB500E,石横特钢,None,山东烟台,None,None
2024-01-19,螺纹钢,Φ14,HRB400E,莱钢,None,山东烟台,None,None
2024-01-19,螺纹钢,Φ14,HRB400E,莱钢永锋,None,山东烟台,None,None
2024-01-19,螺纹钢,Φ14,HRB400E,石横特钢,None,山东烟台,None,None
2024-01-19,螺纹钢,Φ14,HRB400E,日照,None,山东烟台,None,None
2024-01-19,螺纹钢,Φ14,HRB400E,江苏镔鑫,None,山东烟台,None,None
2024-01-19,螺纹钢,Φ16,HRB400E,莱钢,None,山东烟台,None,None
2024-01-19,螺纹钢,Φ16,HRB400E,莱钢永锋,None,山东烟台,None,None
2024-01-19,螺纹钢,Φ16,HRB400E,石横特钢,None,山东烟台,None,None
2024-01-19,螺纹钢,Φ16,HRB400E,日照,None,山东烟台,None,None
2024-01-19,螺纹钢,Φ16,HRB400E,江苏镔鑫,None,山东烟台,None,None
2024-01-19,螺纹钢,Φ18,HRB400E,莱钢,None,山东烟台,None,None
2024-01-19,螺纹钢,Φ18,HRB400E,莱钢永锋,None,山东烟台,None,None
2024-01-19,螺纹钢,Φ18,HRB400E,石横特钢,None,山东烟台,None,None
2024-01-19,螺纹钢,Φ18,HRB400E,日照,None,山东烟台,None,None
2024-01-19,螺纹钢,Φ18,HRB400E,江苏镔鑫,None,山东烟台,None,None
2024-01-19,螺纹钢,Φ20,HRB400E,莱钢,None,山东烟台,None,None
2024-01-19,螺纹钢,Φ20,HRB400E,莱钢永锋,None,山东烟台,None,None
2024-01-19,螺纹钢,Φ20,HRB400E,石横特钢,None,山东烟台,None,None
2024-01-19,螺纹钢,Φ20,HRB400E,日照,None,山东烟台,None,None
2024-01-19,螺纹钢,Φ20,HRB400E,江苏镔鑫,None,山东烟台,None,None
2024-01-19,螺纹钢,Φ22,HRB400E,莱钢,None,山东烟台,None,None
2024-01-19,螺纹钢,Φ22,HRB400E,莱钢永锋,None,山东烟台,None,None
2024-01-19,螺纹钢,Φ22,HRB400E,石横特钢,None,山东烟台,None,None
2024-01-19,螺纹钢,Φ22,HRB400E,日照,None,山东烟台,None,None
2024-01-19,螺纹钢,Φ22,HRB400E,江苏镔鑫,None,山东烟台,None,None
2024-01-19,螺纹钢,Φ25,HRB400E,莱钢,None,山东烟台,None,None
2024-01-19,螺纹钢,Φ25,HRB400E,莱钢永锋,None,山东烟台,None,None
2024-01-19,螺纹钢,Φ25,HRB400E,石横特钢,None,山东烟台,None,None
2024-01-19,螺纹钢,Φ25,HRB400E,日照,None,山东烟台,None,None
2024-01-19,螺纹钢,Φ25,HRB400E,江苏镔鑫,None,山东烟台,None,None
2024-01-19,螺纹钢,Φ28-32,HRB400E,莱钢,None,山东烟台,None,None
2024-01-19,螺纹钢,Φ28-32,HRB400E,莱钢永锋,None,山东烟台,None,None
2024-01-19,螺纹钢,Φ28-32,HRB400E,石横特钢,None,山东烟台,None,None
2024-01-19,螺纹钢,Φ28-32,HRB400E,日照,None,山东烟台,None,None
2024-01-19,螺纹钢,Φ28-32,HRB400E,江苏镔鑫,None,山东烟台,None,None
2024-01-19,高线,Φ10,HPB300,莱钢永锋,None,山东烟台,None,None
2024-01-19,高线,Φ10,HPB300,石横特钢,None,山东烟台,None,None
2024-01-19,高线,Φ10,HPB300,江苏镔鑫,None,山东烟台,None,None
2024-01-19,高线,Φ12,HPB300,莱钢永锋,None,山东烟台,None,None
2024-01-19,高线,Φ12,HPB300,石横特钢,None,山东烟台,None,None
2024-01-19,高线,Φ6,HPB300,莱钢永锋,None,山东烟台,None,None
2024-01-19,高线,Φ6,HPB300,石横特钢,None,山东烟台,None,None
2024-01-19,高线,Φ6,HPB300,江苏镔鑫,None,山东烟台,None,None
2024-01-19,高线,Φ8,HPB300,莱钢永锋,None,山东烟台,None,None
2024-01-19,高线,Φ8,HPB300,石横特钢,None,山东烟台,None,None
2024-01-19,高线,Φ8,HPB300,江苏镔鑫,None,山东烟台,None,None
2024-01-18,圆钢,Φ12-22,HPB300,莱钢永锋,None,山东烟台,None,None
2024-01-18,圆钢,Φ12-22,HPB300,石横特钢,None,山东烟台,None,None
2024-01-18,圆钢,Φ25-32,HPB300,莱钢永锋,None,山东烟台,None,None
2024-01-18,圆钢,Φ25-32,HPB300,石横特钢,None,山东烟台,None,None
2024-01-18,盘螺,Φ10,HRB400E,莱钢永锋,None,山东烟台,None,None
2024-01-18,盘螺,Φ10,HRB400E,石横特钢,None,山东烟台,None,None
2024-01-18,盘螺,Φ10,HRB400E,日照,None,山东烟台,None,None
2024-01-18,盘螺,Φ10,HRB400E,江苏镔鑫,None,山东烟台,None,None
2024-01-18,盘螺,Φ10,HRB400E,日钢营口,None,山东烟台,None,None
2024-01-18,盘螺,Φ12,HRB400E,莱钢永锋,None,山东烟台,None,None
2024-01-18,盘螺,Φ12,HRB400E,石横特钢,None,山东烟台,None,None
2024-01-18,盘螺,Φ6,HRB400E,莱钢永锋,None,山东烟台,None,None
2024-01-18,盘螺,Φ6,HRB400E,石横特钢,None,山东烟台,None,None
2024-01-18,盘螺,Φ8,HRB400E,莱钢永锋,None,山东烟台,None,None
2024-01-18,盘螺,Φ8,HRB400E,石横特钢,None,山东烟台,None,None
2024-01-18,盘螺,Φ8,HRB400E,日照,None,山东烟台,None,None
2024-01-18,盘螺,Φ8,HRB400E,江苏镔鑫,None,山东烟台,None,None
2024-01-18,盘螺,Φ8,HRB400E,日钢营口,None,山东烟台,None,None
2024-01-18,螺纹钢,Φ10,HRB400E,莱钢,None,山东烟台,None,None
2024-01-18,螺纹钢,Φ10,HRB400E,莱钢永锋,None,山东烟台,None,None
2024-01-18,螺纹钢,Φ10,HRB400E,石横特钢,None,山东烟台,None,None
2024-01-18,螺纹钢,Φ12,HRB400E,莱钢,None,山东烟台,None,None
2024-01-18,螺纹钢,Φ12,HRB400E,莱钢永锋,None,山东烟台,None,None
2024-01-18,螺纹钢,Φ12,HRB400E,石横特钢,None,山东烟台,None,None
2024-01-18,螺纹钢,Φ12,HRB400E,日照,None,山东烟台,None,None
2024-01-18,螺纹钢,Φ12,HRB400E,江苏镔鑫,None,山东烟台,None,None
2024-01-18,螺纹钢,Φ12-14,HRB500E,莱钢,None,山东烟台,None,None
2024-01-18,螺纹钢,Φ12-14,HRB500E,莱钢永锋,None,山东烟台,None,None
2024-01-18,螺纹钢,Φ12-14,HRB500E,石横特钢,None,山东烟台,None,None
2024-01-18,螺纹钢,Φ14,HRB400E,莱钢,None,山东烟台,None,None
2024-01-18,螺纹钢,Φ14,HRB400E,莱钢永锋,None,山东烟台,None,None
2024-01-18,螺纹钢,Φ14,HRB400E,石横特钢,None,山东烟台,None,None
2024-01-18,螺纹钢,Φ14,HRB400E,日照,None,山东烟台,None,None
2024-01-18,螺纹钢,Φ14,HRB400E,江苏镔鑫,None,山东烟台,None,None
2024-01-18,螺纹钢,Φ16,HRB400E,莱钢,None,山东烟台,None,None
2024-01-18,螺纹钢,Φ16,HRB400E,莱钢永锋,None,山东烟台,None,None
2024-01-18,螺纹钢,Φ16,HRB400E,石横特钢,None,山东烟台,None,None
2024-01-18,螺纹钢,Φ16,HRB400E,日照,None,山东烟台,None,None
2024-01-18,螺纹钢,Φ16,HRB400E,江苏镔鑫,None,山东烟台,None,None
2024-01-18,螺纹钢,Φ18,HRB400E,莱钢,None,山东烟台,None,None
2024-01-18,螺纹钢,Φ18,HRB400E,莱钢永锋,None,山东烟台,None,None
2024-01-18,螺纹钢,Φ18,HRB400E,石横特钢,None,山东烟台,None,None
2024-01-18,螺纹钢,Φ18,HRB400E,日照,None,山东烟台,None,None
2024-01-18,螺纹钢,Φ18,HRB400E,江苏镔鑫,None,山东烟台,None,None
2024-01-18,螺纹钢,Φ20,HRB400E,莱钢,None,山东烟台,None,None
2024-01-18,螺纹钢,Φ20,HRB400E,莱钢永锋,None,山东烟台,None,None
2024-01-18,螺纹钢,Φ20,HRB400E,石横特钢,None,山东烟台,None,None
2024-01-18,螺纹钢,Φ20,HRB400E,日照,None,山东烟台,None,None
2024-01-18,螺纹钢,Φ20,HRB400E,江苏镔鑫,None,山东烟台,None,None
2024-01-18,螺纹钢,Φ22,HRB400E,莱钢,None,山东烟台,None,None
2024-01-18,螺纹钢,Φ22,HRB400E,莱钢永锋,None,山东烟台,None,None
2024-01-18,螺纹钢,Φ22,HRB400E,石横特钢,None,山东烟台,None,None
2024-01-18,螺纹钢,Φ22,HRB400E,日照,None,山东烟台,None,None
2024-01-18,螺纹钢,Φ22,HRB400E,江苏镔鑫,None,山东烟台,None,None
2024-01-18,螺纹钢,Φ25,HRB400E,莱钢,None,山东烟台,None,None
2024-01-18,螺纹钢,Φ25,HRB400E,莱钢永锋,None,山东烟台,None,None
2024-01-18,螺纹钢,Φ25,HRB400E,石横特钢,None,山东烟台,None,None
2024-01-18,螺纹钢,Φ25,HRB400E,日照,None,山东烟台,None,None
2024-01-18,螺纹钢,Φ25,HRB400E,江苏镔鑫,None,山东烟台,None,None
2024-01-18,螺纹钢,Φ28-32,HRB400E,莱钢,None,山东烟台,None,None
2024-01-18,螺纹钢,Φ28-32,HRB400E,莱钢永锋,None,山东烟台,None,None
2024-01-18,螺纹钢,Φ28-32,HRB400E,石横特钢,None,山东烟台,None,None
2024-01-18,螺纹钢,Φ28-32,HRB400E,日照,None,山东烟台,None,None
2024-01-18,螺纹钢,Φ28-32,HRB400E,江苏镔鑫,None,山东烟台,None,None
2024-01-18,高线,Φ10,HPB300,莱钢永锋,None,山东烟台,None,None
2024-01-18,高线,Φ10,HPB300,石横特钢,None,山东烟台,None,None
2024-01-18,高线,Φ10,HPB300,江苏镔鑫,None,山东烟台,None,None
2024-01-18,高线,Φ12,HPB300,莱钢永锋,None,山东烟台,None,None
2024-01-18,高线,Φ12,HPB300,石横特钢,None,山东烟台,None,None
2024-01-18,高线,Φ6,HPB300,莱钢永锋,None,山东烟台,None,None
2024-01-18,高线,Φ6,HPB300,石横特钢,None,山东烟台,None,None
2024-01-18,高线,Φ6,HPB300,江苏镔鑫,None,山东烟台,None,None
2024-01-18,高线,Φ8,HPB300,莱钢永锋,None,山东烟台,None,None
2024-01-18,高线,Φ8,HPB300,石横特钢,None,山东烟台,None,None
2024-01-18,高线,Φ8,HPB300,江苏镔鑫,None,山东烟台,None,None
2024-01-17,圆钢,Φ12-22,HPB300,莱钢永锋,None,山东烟台,None,None
2024-01-17,圆钢,Φ12-22,HPB300,石横特钢,None,山东烟台,None,None
2024-01-17,圆钢,Φ25-32,HPB300,莱钢永锋,None,山东烟台,None,None
2024-01-17,圆钢,Φ25-32,HPB300,石横特钢,None,山东烟台,None,None
2024-01-17,盘螺,Φ10,HRB400E,莱钢永锋,None,山东烟台,None,None
2024-01-17,盘螺,Φ10,HRB400E,石横特钢,None,山东烟台,None,None
2024-01-17,盘螺,Φ10,HRB400E,日照,None,山东烟台,None,None
2024-01-17,盘螺,Φ10,HRB400E,江苏镔鑫,None,山东烟台,None,None
2024-01-17,盘螺,Φ10,HRB400E,日钢营口,None,山东烟台,None,None
2024-01-17,盘螺,Φ12,HRB400E,莱钢永锋,None,山东烟台,None,None
2024-01-17,盘螺,Φ12,HRB400E,石横特钢,None,山东烟台,None,None
2024-01-17,盘螺,Φ6,HRB400E,莱钢永锋,None,山东烟台,None,None
2024-01-17,盘螺,Φ6,HRB400E,石横特钢,None,山东烟台,None,None
2024-01-17,盘螺,Φ8,HRB400E,莱钢永锋,None,山东烟台,None,None
2024-01-17,盘螺,Φ8,HRB400E,石横特钢,None,山东烟台,None,None
2024-01-17,盘螺,Φ8,HRB400E,日照,None,山东烟台,None,None
2024-01-17,盘螺,Φ8,HRB400E,江苏镔鑫,None,山东烟台,None,None
2024-01-17,盘螺,Φ8,HRB400E,日钢营口,None,山东烟台,None,None
2024-01-17,螺纹钢,Φ10,HRB400E,莱钢,None,山东烟台,None,None
2024-01-17,螺纹钢,Φ10,HRB400E,莱钢永锋,None,山东烟台,None,None
2024-01-17,螺纹钢,Φ10,HRB400E,石横特钢,None,山东烟台,None,None
2024-01-17,螺纹钢,Φ12,HRB400E,莱钢,None,山东烟台,None,None
2024-01-17,螺纹钢,Φ12,HRB400E,莱钢永锋,None,山东烟台,None,None
2024-01-17,螺纹钢,Φ12,HRB400E,石横特钢,None,山东烟台,None,None
2024-01-17,螺纹钢,Φ12,HRB400E,日照,None,山东烟台,None,None
2024-01-17,螺纹钢,Φ12,HRB400E,江苏镔鑫,None,山东烟台,None,None
2024-01-17,螺纹钢,Φ12-14,HRB500E,莱钢,None,山东烟台,None,None
2024-01-17,螺纹钢,Φ12-14,HRB500E,莱钢永锋,None,山东烟台,None,None
2024-01-17,螺纹钢,Φ12-14,HRB500E,石横特钢,None,山东烟台,None,None
2024-01-17,螺纹钢,Φ14,HRB400E,莱钢,None,山东烟台,None,None
2024-01-17,螺纹钢,Φ14,HRB400E,莱钢永锋,None,山东烟台,None,None
2024-01-17,螺纹钢,Φ14,HRB400E,石横特钢,None,山东烟台,None,None
2024-01-17,螺纹钢,Φ14,HRB400E,日照,None,山东烟台,None,None
2024-01-17,螺纹钢,Φ14,HRB400E,江苏镔鑫,None,山东烟台,None,None
2024-01-17,螺纹钢,Φ16,HRB400E,莱钢,None,山东烟台,None,None
2024-01-17,螺纹钢,Φ16,HRB400E,莱钢永锋,None,山东烟台,None,None
2024-01-17,螺纹钢,Φ16,HRB400E,石横特钢,None,山东烟台,None,None
2024-01-17,螺纹钢,Φ16,HRB400E,日照,None,山东烟台,None,None
2024-01-17,螺纹钢,Φ16,HRB400E,江苏镔鑫,None,山东烟台,None,None
2024-01-17,螺纹钢,Φ18,HRB400E,莱钢,None,山东烟台,None,None
2024-01-17,螺纹钢,Φ18,HRB400E,莱钢永锋,None,山东烟台,None,None
2024-01-17,螺纹钢,Φ18,HRB400E,石横特钢,None,山东烟台,None,None
2024-01-17,螺纹钢,Φ18,HRB400E,日照,None,山东烟台,None,None
2024-01-17,螺纹钢,Φ18,HRB400E,江苏镔鑫,None,山东烟台,None,None
2024-01-17,螺纹钢,Φ20,HRB400E,莱钢,None,山东烟台,None,None
2024-01-17,螺纹钢,Φ20,HRB400E,莱钢永锋,None,山东烟台,None,None
2024-01-17,螺纹钢,Φ20,HRB400E,石横特钢,None,山东烟台,None,None
2024-01-17,螺纹钢,Φ20,HRB400E,日照,None,山东烟台,None,None
2024-01-17,螺纹钢,Φ20,HRB400E,江苏镔鑫,None,山东烟台,None,None
2024-01-17,螺纹钢,Φ22,HRB400E,莱钢,None,山东烟台,None,None
2024-01-17,螺纹钢,Φ22,HRB400E,莱钢永锋,None,山东烟台,None,None
2024-01-17,螺纹钢,Φ22,HRB400E,石横特钢,None,山东烟台,None,None
2024-01-17,螺纹钢,Φ22,HRB400E,日照,None,山东烟台,None,None
2024-01-17,螺纹钢,Φ22,HRB400E,江苏镔鑫,None,山东烟台,None,None
2024-01-17,螺纹钢,Φ25,HRB400E,莱钢,None,山东烟台,None,None
2024-01-17,螺纹钢,Φ25,HRB400E,莱钢永锋,None,山东烟台,None,None
2024-01-17,螺纹钢,Φ25,HRB400E,石横特钢,None,山东烟台,None,None
2024-01-17,螺纹钢,Φ25,HRB400E,日照,None,山东烟台,None,None
2024-01-17,螺纹钢,Φ25,HRB400E,江苏镔鑫,None,山东烟台,None,None
2024-01-17,螺纹钢,Φ28-32,HRB400E,莱钢,None,山东烟台,None,None
2024-01-17,螺纹钢,Φ28-32,HRB400E,莱钢永锋,None,山东烟台,None,None
2024-01-17,螺纹钢,Φ28-32,HRB400E,石横特钢,None,山东烟台,None,None
2024-01-17,螺纹钢,Φ28-32,HRB400E,日照,None,山东烟台,None,None
2024-01-17,螺纹钢,Φ28-32,HRB400E,江苏镔鑫,None,山东烟台,None,None
2024-01-17,高线,Φ10,HPB300,莱钢永锋,None,山东烟台,None,None
2024-01-17,高线,Φ10,HPB300,石横特钢,None,山东烟台,None,None
2024-01-17,高线,Φ10,HPB300,江苏镔鑫,None,山东烟台,None,None
2024-01-17,高线,Φ12,HPB300,莱钢永锋,None,山东烟台,None,None
2024-01-17,高线,Φ12,HPB300,石横特钢,None,山东烟台,None,None
2024-01-17,高线,Φ6,HPB300,莱钢永锋,None,山东烟台,None,None
2024-01-17,高线,Φ6,HPB300,石横特钢,None,山东烟台,None,None
2024-01-17,高线,Φ6,HPB300,江苏镔鑫,None,山东烟台,None,None
2024-01-17,高线,Φ8,HPB300,莱钢永锋,None,山东烟台,None,None
2024-01-17,高线,Φ8,HPB300,石横特钢,None,山东烟台,None,None
2024-01-17,高线,Φ8,HPB300,江苏镔鑫,None,山东烟台,None,None
2024-01-16,圆钢,Φ12-22,HPB300,莱钢永锋,None,山东烟台,None,None
2024-01-16,圆钢,Φ12-22,HPB300,石横特钢,None,山东烟台,None,None
2024-01-16,圆钢,Φ25-32,HPB300,莱钢永锋,None,山东烟台,None,None
2024-01-16,圆钢,Φ25-32,HPB300,石横特钢,None,山东烟台,None,None
2024-01-16,盘螺,Φ10,HRB400E,莱钢永锋,None,山东烟台,None,None
2024-01-16,盘螺,Φ10,HRB400E,石横特钢,None,山东烟台,None,None
2024-01-16,盘螺,Φ10,HRB400E,日照,None,山东烟台,None,None
2024-01-16,盘螺,Φ10,HRB400E,江苏镔鑫,None,山东烟台,None,None
2024-01-16,盘螺,Φ10,HRB400E,日钢营口,None,山东烟台,None,None
2024-01-16,盘螺,Φ12,HRB400E,莱钢永锋,None,山东烟台,None,None
2024-01-16,盘螺,Φ12,HRB400E,石横特钢,None,山东烟台,None,None
2024-01-16,盘螺,Φ6,HRB400E,莱钢永锋,None,山东烟台,None,None
2024-01-16,盘螺,Φ6,HRB400E,石横特钢,None,山东烟台,None,None
2024-01-16,盘螺,Φ8,HRB400E,莱钢永锋,None,山东烟台,None,None
2024-01-16,盘螺,Φ8,HRB400E,石横特钢,None,山东烟台,None,None
2024-01-16,盘螺,Φ8,HRB400E,日照,None,山东烟台,None,None
2024-01-16,盘螺,Φ8,HRB400E,江苏镔鑫,None,山东烟台,None,None
2024-01-16,盘螺,Φ8,HRB400E,日钢营口,None,山东烟台,None,None
2024-01-16,螺纹钢,Φ10,HRB400E,莱钢,None,山东烟台,None,None
2024-01-16,螺纹钢,Φ10,HRB400E,莱钢永锋,None,山东烟台,None,None
2024-01-16,螺纹钢,Φ10,HRB400E,石横特钢,None,山东烟台,None,None
2024-01-16,螺纹钢,Φ12,HRB400E,莱钢,None,山东烟台,None,None
2024-01-16,螺纹钢,Φ12,HRB400E,莱钢永锋,None,山东烟台,None,None
2024-01-16,螺纹钢,Φ12,HRB400E,石横特钢,None,山东烟台,None,None
2024-01-16,螺纹钢,Φ12,HRB400E,日照,None,山东烟台,None,None
2024-01-16,螺纹钢,Φ12,HRB400E,江苏镔鑫,None,山东烟台,None,None
2024-01-16,螺纹钢,Φ12-14,HRB500E,莱钢,None,山东烟台,None,None
2024-01-16,螺纹钢,Φ12-14,HRB500E,莱钢永锋,None,山东烟台,None,None
2024-01-16,螺纹钢,Φ12-14,HRB500E,石横特钢,None,山东烟台,None,None
2024-01-16,螺纹钢,Φ14,HRB400E,莱钢,None,山东烟台,None,None
2024-01-16,螺纹钢,Φ14,HRB400E,莱钢永锋,None,山东烟台,None,None
2024-01-16,螺纹钢,Φ14,HRB400E,石横特钢,None,山东烟台,None,None
2024-01-16,螺纹钢,Φ14,HRB400E,日照,None,山东烟台,None,None
2024-01-16,螺纹钢,Φ14,HRB400E,江苏镔鑫,None,山东烟台,None,None
2024-01-16,螺纹钢,Φ16,HRB400E,莱钢,None,山东烟台,None,None
2024-01-16,螺纹钢,Φ16,HRB400E,莱钢永锋,None,山东烟台,None,None
2024-01-16,螺纹钢,Φ16,HRB400E,石横特钢,None,山东烟台,None,None
2024-01-16,螺纹钢,Φ16,HRB400E,日照,None,山东烟台,None,None
2024-01-16,螺纹钢,Φ16,HRB400E,江苏镔鑫,None,山东烟台,None,None
2024-01-16,螺纹钢,Φ18,HRB400E,莱钢,None,山东烟台,None,None
2024-01-16,螺纹钢,Φ18,HRB400E,莱钢永锋,None,山东烟台,None,None
2024-01-16,螺纹钢,Φ18,HRB400E,石横特钢,None,山东烟台,None,None
2024-01-16,螺纹钢,Φ18,HRB400E,日照,None,山东烟台,None,None
2024-01-16,螺纹钢,Φ18,HRB400E,江苏镔鑫,None,山东烟台,None,None
2024-01-16,螺纹钢,Φ20,HRB400E,莱钢,None,山东烟台,None,None
2024-01-16,螺纹钢,Φ20,HRB400E,莱钢永锋,None,山东烟台,None,None
2024-01-16,螺纹钢,Φ20,HRB400E,石横特钢,None,山东烟台,None,None
2024-01-16,螺纹钢,Φ20,HRB400E,日照,None,山东烟台,None,None
2024-01-16,螺纹钢,Φ20,HRB400E,江苏镔鑫,None,山东烟台,None,None
2024-01-16,螺纹钢,Φ22,HRB400E,莱钢,None,山东烟台,None,None
2024-01-16,螺纹钢,Φ22,HRB400E,莱钢永锋,None,山东烟台,None,None
2024-01-16,螺纹钢,Φ22,HRB400E,石横特钢,None,山东烟台,None,None
2024-01-16,螺纹钢,Φ22,HRB400E,日照,None,山东烟台,None,None
2024-01-16,螺纹钢,Φ22,HRB400E,江苏镔鑫,None,山东烟台,None,None
2024-01-16,螺纹钢,Φ25,HRB400E,莱钢,None,山东烟台,None,None
2024-01-16,螺纹钢,Φ25,HRB400E,莱钢永锋,None,山东烟台,None,None
2024-01-16,螺纹钢,Φ25,HRB400E,石横特钢,None,山东烟台,None,None
2024-01-16,螺纹钢,Φ25,HRB400E,日照,None,山东烟台,None,None
2024-01-16,螺纹钢,Φ25,HRB400E,江苏镔鑫,None,山东烟台,None,None
2024-01-16,螺纹钢,Φ28-32,HRB400E,莱钢,None,山东烟台,None,None
2024-01-16,螺纹钢,Φ28-32,HRB400E,莱钢永锋,None,山东烟台,None,None
2024-01-16,螺纹钢,Φ28-32,HRB400E,石横特钢,None,山东烟台,None,None
2024-01-16,螺纹钢,Φ28-32,HRB400E,日照,None,山东烟台,None,None
2024-01-16,螺纹钢,Φ28-32,HRB400E,江苏镔鑫,None,山东烟台,None,None
2024-01-16,高线,Φ10,HPB300,莱钢永锋,None,山东烟台,None,None
2024-01-16,高线,Φ10,HPB300,石横特钢,None,山东烟台,None,None
2024-01-16,高线,Φ10,HPB300,江苏镔鑫,None,山东烟台,None,None
2024-01-16,高线,Φ12,HPB300,莱钢永锋,None,山东烟台,None,None
2024-01-16,高线,Φ12,HPB300,石横特钢,None,山东烟台,None,None
2024-01-16,高线,Φ6,HPB300,莱钢永锋,None,山东烟台,None,None
2024-01-16,高线,Φ6,HPB300,石横特钢,None,山东烟台,None,None
2024-01-16,高线,Φ6,HPB300,江苏镔鑫,None,山东烟台,None,None
2024-01-16,高线,Φ8,HPB300,莱钢永锋,None,山东烟台,None,None
2024-01-16,高线,Φ8,HPB300,石横特钢,None,山东烟台,None,None
2024-01-16,高线,Φ8,HPB300,江苏镔鑫,None,山东烟台,None,None
2024-01-15,圆钢,Φ12-22,HPB300,莱钢永锋,None,山东烟台,None,None
2024-01-15,圆钢,Φ12-22,HPB300,石横特钢,None,山东烟台,None,None
2024-01-15,圆钢,Φ25-32,HPB300,莱钢永锋,None,山东烟台,None,None
2024-01-15,圆钢,Φ25-32,HPB300,石横特钢,None,山东烟台,None,None
2024-01-15,盘螺,Φ10,HRB400E,莱钢永锋,None,山东烟台,None,None
2024-01-15,盘螺,Φ10,HRB400E,石横特钢,None,山东烟台,None,None
2024-01-15,盘螺,Φ10,HRB400E,日照,None,山东烟台,None,None
2024-01-15,盘螺,Φ10,HRB400E,江苏镔鑫,None,山东烟台,None,None
2024-01-15,盘螺,Φ10,HRB400E,日钢营口,None,山东烟台,None,None
2024-01-15,盘螺,Φ12,HRB400E,莱钢永锋,None,山东烟台,None,None
2024-01-15,盘螺,Φ12,HRB400E,石横特钢,None,山东烟台,None,None
2024-01-15,盘螺,Φ6,HRB400E,莱钢永锋,None,山东烟台,None,None
2024-01-15,盘螺,Φ6,HRB400E,石横特钢,None,山东烟台,None,None
2024-01-15,盘螺,Φ8,HRB400E,莱钢永锋,None,山东烟台,None,None
2024-01-15,盘螺,Φ8,HRB400E,石横特钢,None,山东烟台,None,None
2024-01-15,盘螺,Φ8,HRB400E,日照,None,山东烟台,None,None
2024-01-15,盘螺,Φ8,HRB400E,江苏镔鑫,None,山东烟台,None,None
2024-01-15,盘螺,Φ8,HRB400E,日钢营口,None,山东烟台,None,None
2024-01-15,螺纹钢,Φ10,HRB400E,莱钢,None,山东烟台,None,None
2024-01-15,螺纹钢,Φ10,HRB400E,莱钢永锋,None,山东烟台,None,None
2024-01-15,螺纹钢,Φ10,HRB400E,石横特钢,None,山东烟台,None,None
2024-01-15,螺纹钢,Φ12,HRB400E,莱钢,None,山东烟台,None,None
2024-01-15,螺纹钢,Φ12,HRB400E,莱钢永锋,None,山东烟台,None,None
2024-01-15,螺纹钢,Φ12,HRB400E,石横特钢,None,山东烟台,None,None
2024-01-15,螺纹钢,Φ12,HRB400E,日照,None,山东烟台,None,None
2024-01-15,螺纹钢,Φ12,HRB400E,江苏镔鑫,None,山东烟台,None,None
2024-01-15,螺纹钢,Φ12-14,HRB500E,莱钢,None,山东烟台,None,None
2024-01-15,螺纹钢,Φ12-14,HRB500E,莱钢永锋,None,山东烟台,None,None
2024-01-15,螺纹钢,Φ12-14,HRB500E,石横特钢,None,山东烟台,None,None
2024-01-15,螺纹钢,Φ14,HRB400E,莱钢,None,山东烟台,None,None
2024-01-15,螺纹钢,Φ14,HRB400E,莱钢永锋,None,山东烟台,None,None
2024-01-15,螺纹钢,Φ14,HRB400E,石横特钢,None,山东烟台,None,None
2024-01-15,螺纹钢,Φ14,HRB400E,日照,None,山东烟台,None,None
2024-01-15,螺纹钢,Φ14,HRB400E,江苏镔鑫,None,山东烟台,None,None
2024-01-15,螺纹钢,Φ16,HRB400E,莱钢,None,山东烟台,None,None
2024-01-15,螺纹钢,Φ16,HRB400E,莱钢永锋,None,山东烟台,None,None
2024-01-15,螺纹钢,Φ16,HRB400E,石横特钢,None,山东烟台,None,None
2024-01-15,螺纹钢,Φ16,HRB400E,日照,None,山东烟台,None,None
2024-01-15,螺纹钢,Φ16,HRB400E,江苏镔鑫,None,山东烟台,None,None
2024-01-15,螺纹钢,Φ18,HRB400E,莱钢,None,山东烟台,None,None
2024-01-15,螺纹钢,Φ18,HRB400E,莱钢永锋,None,山东烟台,None,None
2024-01-15,螺纹钢,Φ18,HRB400E,石横特钢,None,山东烟台,None,None
2024-01-15,螺纹钢,Φ18,HRB400E,日照,None,山东烟台,None,None
2024-01-15,螺纹钢,Φ18,HRB400E,江苏镔鑫,None,山东烟台,None,None
2024-01-15,螺纹钢,Φ20,HRB400E,莱钢,None,山东烟台,None,None
2024-01-15,螺纹钢,Φ20,HRB400E,莱钢永锋,None,山东烟台,None,None
2024-01-15,螺纹钢,Φ20,HRB400E,石横特钢,None,山东烟台,None,None
2024-01-15,螺纹钢,Φ20,HRB400E,日照,None,山东烟台,None,None
2024-01-15,螺纹钢,Φ20,HRB400E,江苏镔鑫,None,山东烟台,None,None
2024-01-15,螺纹钢,Φ22,HRB400E,莱钢,None,山东烟台,None,None
2024-01-15,螺纹钢,Φ22,HRB400E,莱钢永锋,None,山东烟台,None,None
2024-01-15,螺纹钢,Φ22,HRB400E,石横特钢,None,山东烟台,None,None
2024-01-15,螺纹钢,Φ22,HRB400E,日照,None,山东烟台,None,None
2024-01-15,螺纹钢,Φ22,HRB400E,江苏镔鑫,None,山东烟台,None,None
2024-01-15,螺纹钢,Φ25,HRB400E,莱钢,None,山东烟台,None,None
2024-01-15,螺纹钢,Φ25,HRB400E,莱钢永锋,None,山东烟台,None,None
2024-01-15,螺纹钢,Φ25,HRB400E,石横特钢,None,山东烟台,None,None
2024-01-15,螺纹钢,Φ25,HRB400E,日照,None,山东烟台,None,None
2024-01-15,螺纹钢,Φ25,HRB400E,江苏镔鑫,None,山东烟台,None,None
2024-01-15,螺纹钢,Φ28-32,HRB400E,莱钢,None,山东烟台,None,None
2024-01-15,螺纹钢,Φ28-32,HRB400E,莱钢永锋,None,山东烟台,None,None
2024-01-15,螺纹钢,Φ28-32,HRB400E,石横特钢,None,山东烟台,None,None
2024-01-15,螺纹钢,Φ28-32,HRB400E,日照,None,山东烟台,None,None
2024-01-15,螺纹钢,Φ28-32,HRB400E,江苏镔鑫,None,山东烟台,None,None
2024-01-15,高线,Φ10,HPB300,莱钢永锋,None,山东烟台,None,None
2024-01-15,高线,Φ10,HPB300,石横特钢,None,山东烟台,None,None
2024-01-15,高线,Φ10,HPB300,江苏镔鑫,None,山东烟台,None,None
2024-01-15,高线,Φ12,HPB300,莱钢永锋,None,山东烟台,None,None
2024-01-15,高线,Φ12,HPB300,石横特钢,None,山东烟台,None,None
2024-01-15,高线,Φ6,HPB300,莱钢永锋,None,山东烟台,None,None
2024-01-15,高线,Φ6,HPB300,石横特钢,None,山东烟台,None,None
2024-01-15,高线,Φ6,HPB300,江苏镔鑫,None,山东烟台,None,None
2024-01-15,高线,Φ8,HPB300,莱钢永锋,None,山东烟台,None,None
2024-01-15,高线,Φ8,HPB300,石横特钢,None,山东烟台,None,None
2024-01-15,高线,Φ8,HPB300,江苏镔鑫,None,山东烟台,None,None
2024-01-12,圆钢,Φ12-22,HPB300,莱钢永锋,None,山东烟台,None,None
2024-01-12,圆钢,Φ12-22,HPB300,石横特钢,None,山东烟台,None,None
2024-01-12,圆钢,Φ25-32,HPB300,莱钢永锋,None,山东烟台,None,None
2024-01-12,圆钢,Φ25-32,HPB300,石横特钢,None,山东烟台,None,None
2024-01-12,盘螺,Φ10,HRB400E,莱钢永锋,None,山东烟台,None,None
2024-01-12,盘螺,Φ10,HRB400E,石横特钢,None,山东烟台,None,None
2024-01-12,盘螺,Φ10,HRB400E,日照,None,山东烟台,None,None
2024-01-12,盘螺,Φ10,HRB400E,江苏镔鑫,None,山东烟台,None,None
2024-01-12,盘螺,Φ10,HRB400E,日钢营口,None,山东烟台,None,None
2024-01-12,盘螺,Φ12,HRB400E,莱钢永锋,None,山东烟台,None,None
2024-01-12,盘螺,Φ12,HRB400E,石横特钢,None,山东烟台,None,None
2024-01-12,盘螺,Φ6,HRB400E,莱钢永锋,None,山东烟台,None,None
2024-01-12,盘螺,Φ6,HRB400E,石横特钢,None,山东烟台,None,None
2024-01-12,盘螺,Φ8,HRB400E,莱钢永锋,None,山东烟台,None,None
2024-01-12,盘螺,Φ8,HRB400E,石横特钢,None,山东烟台,None,None
2024-01-12,盘螺,Φ8,HRB400E,日照,None,山东烟台,None,None
2024-01-12,盘螺,Φ8,HRB400E,江苏镔鑫,None,山东烟台,None,None
2024-01-12,盘螺,Φ8,HRB400E,日钢营口,None,山东烟台,None,None
2024-01-12,螺纹钢,Φ10,HRB400E,莱钢,None,山东烟台,None,None
2024-01-12,螺纹钢,Φ10,HRB400E,莱钢永锋,None,山东烟台,None,None
2024-01-12,螺纹钢,Φ10,HRB400E,石横特钢,None,山东烟台,None,None
2024-01-12,螺纹钢,Φ12,HRB400E,莱钢,None,山东烟台,None,None
2024-01-12,螺纹钢,Φ12,HRB400E,莱钢永锋,None,山东烟台,None,None
2024-01-12,螺纹钢,Φ12,HRB400E,石横特钢,None,山东烟台,None,None
2024-01-12,螺纹钢,Φ12,HRB400E,日照,None,山东烟台,None,None
2024-01-12,螺纹钢,Φ12,HRB400E,江苏镔鑫,None,山东烟台,None,None
2024-01-12,螺纹钢,Φ12-14,HRB500E,莱钢,None,山东烟台,None,None
2024-01-12,螺纹钢,Φ12-14,HRB500E,莱钢永锋,None,山东烟台,None,None
2024-01-12,螺纹钢,Φ12-14,HRB500E,石横特钢,None,山东烟台,None,None
2024-01-12,螺纹钢,Φ14,HRB400E,莱钢,None,山东烟台,None,None
2024-01-12,螺纹钢,Φ14,HRB400E,莱钢永锋,None,山东烟台,None,None
2024-01-12,螺纹钢,Φ14,HRB400E,石横特钢,None,山东烟台,None,None
2024-01-12,螺纹钢,Φ14,HRB400E,日照,None,山东烟台,None,None
2024-01-12,螺纹钢,Φ14,HRB400E,江苏镔鑫,None,山东烟台,None,None
2024-01-12,螺纹钢,Φ16,HRB400E,莱钢,None,山东烟台,None,None
2024-01-12,螺纹钢,Φ16,HRB400E,莱钢永锋,None,山东烟台,None,None
2024-01-12,螺纹钢,Φ16,HRB400E,石横特钢,None,山东烟台,None,None
2024-01-12,螺纹钢,Φ16,HRB400E,日照,None,山东烟台,None,None
2024-01-12,螺纹钢,Φ16,HRB400E,江苏镔鑫,None,山东烟台,None,None
2024-01-12,螺纹钢,Φ18,HRB400E,莱钢,None,山东烟台,None,None
2024-01-12,螺纹钢,Φ18,HRB400E,莱钢永锋,None,山东烟台,None,None
2024-01-12,螺纹钢,Φ18,HRB400E,石横特钢,None,山东烟台,None,None
2024-01-12,螺纹钢,Φ18,HRB400E,日照,None,山东烟台,None,None
2024-01-12,螺纹钢,Φ18,HRB400E,江苏镔鑫,None,山东烟台,None,None
2024-01-12,螺纹钢,Φ20,HRB400E,莱钢,None,山东烟台,None,None
2024-01-12,螺纹钢,Φ20,HRB400E,莱钢永锋,None,山东烟台,None,None
2024-01-12,螺纹钢,Φ20,HRB400E,石横特钢,None,山东烟台,None,None
2024-01-12,螺纹钢,Φ20,HRB400E,日照,None,山东烟台,None,None
2024-01-12,螺纹钢,Φ20,HRB400E,江苏镔鑫,None,山东烟台,None,None
2024-01-12,螺纹钢,Φ22,HRB400E,莱钢,None,山东烟台,None,None
2024-01-12,螺纹钢,Φ22,HRB400E,莱钢永锋,None,山东烟台,None,None
2024-01-12,螺纹钢,Φ22,HRB400E,石横特钢,None,山东烟台,None,None
2024-01-12,螺纹钢,Φ22,HRB400E,日照,None,山东烟台,None,None
2024-01-12,螺纹钢,Φ22,HRB400E,江苏镔鑫,None,山东烟台,None,None
2024-01-12,螺纹钢,Φ25,HRB400E,莱钢,None,山东烟台,None,None
2024-01-12,螺纹钢,Φ25,HRB400E,莱钢永锋,None,山东烟台,None,None
2024-01-12,螺纹钢,Φ25,HRB400E,石横特钢,None,山东烟台,None,None
2024-01-12,螺纹钢,Φ25,HRB400E,日照,None,山东烟台,None,None
2024-01-12,螺纹钢,Φ25,HRB400E,江苏镔鑫,None,山东烟台,None,None
2024-01-12,螺纹钢,Φ28-32,HRB400E,莱钢,None,山东烟台,None,None
2024-01-12,螺纹钢,Φ28-32,HRB400E,莱钢永锋,None,山东烟台,None,None
2024-01-12,螺纹钢,Φ28-32,HRB400E,石横特钢,None,山东烟台,None,None
2024-01-12,螺纹钢,Φ28-32,HRB400E,日照,None,山东烟台,None,None
2024-01-12,螺纹钢,Φ28-32,HRB400E,江苏镔鑫,None,山东烟台,None,None
2024-01-12,高线,Φ10,HPB300,莱钢永锋,None,山东烟台,None,None
2024-01-12,高线,Φ10,HPB300,石横特钢,None,山东烟台,None,None
2024-01-12,高线,Φ10,HPB300,江苏镔鑫,None,山东烟台,None,None
2024-01-12,高线,Φ12,HPB300,莱钢永锋,None,山东烟台,None,None
2024-01-12,高线,Φ12,HPB300,石横特钢,None,山东烟台,None,None
2024-01-12,高线,Φ6,HPB300,莱钢永锋,None,山东烟台,None,None
2024-01-12,高线,Φ6,HPB300,石横特钢,None,山东烟台,None,None
2024-01-12,高线,Φ6,HPB300,江苏镔鑫,None,山东烟台,None,None
2024-01-12,高线,Φ8,HPB300,莱钢永锋,None,山东烟台,None,None
2024-01-12,高线,Φ8,HPB300,石横特钢,None,山东烟台,None,None
2024-01-12,高线,Φ8,HPB300,江苏镔鑫,None,山东烟台,None,None
2024-01-11,圆钢,Φ12-22,HPB300,莱钢永锋,None,山东烟台,None,None
2024-01-11,圆钢,Φ12-22,HPB300,石横特钢,None,山东烟台,None,None
2024-01-11,圆钢,Φ25-32,HPB300,莱钢永锋,None,山东烟台,None,None
2024-01-11,圆钢,Φ25-32,HPB300,石横特钢,None,山东烟台,None,None
2024-01-11,盘螺,Φ10,HRB400E,莱钢永锋,None,山东烟台,None,None
2024-01-11,盘螺,Φ10,HRB400E,石横特钢,None,山东烟台,None,None
2024-01-11,盘螺,Φ10,HRB400E,日照,None,山东烟台,None,None
2024-01-11,盘螺,Φ10,HRB400E,江苏镔鑫,None,山东烟台,None,None
2024-01-11,盘螺,Φ10,HRB400E,日钢营口,None,山东烟台,None,None
2024-01-11,盘螺,Φ12,HRB400E,莱钢永锋,None,山东烟台,None,None
2024-01-11,盘螺,Φ12,HRB400E,石横特钢,None,山东烟台,None,None
2024-01-11,盘螺,Φ6,HRB400E,莱钢永锋,None,山东烟台,None,None
2024-01-11,盘螺,Φ6,HRB400E,石横特钢,None,山东烟台,None,None
2024-01-11,盘螺,Φ8,HRB400E,莱钢永锋,None,山东烟台,None,None
2024-01-11,盘螺,Φ8,HRB400E,石横特钢,None,山东烟台,None,None
2024-01-11,盘螺,Φ8,HRB400E,日照,None,山东烟台,None,None
2024-01-11,盘螺,Φ8,HRB400E,江苏镔鑫,None,山东烟台,None,None
2024-01-11,盘螺,Φ8,HRB400E,日钢营口,None,山东烟台,None,None
2024-01-11,螺纹钢,Φ10,HRB400E,莱钢,None,山东烟台,None,None
2024-01-11,螺纹钢,Φ10,HRB400E,莱钢永锋,None,山东烟台,None,None
2024-01-11,螺纹钢,Φ10,HRB400E,石横特钢,None,山东烟台,None,None
2024-01-11,螺纹钢,Φ12,HRB400E,莱钢,None,山东烟台,None,None
2024-01-11,螺纹钢,Φ12,HRB400E,莱钢永锋,None,山东烟台,None,None
2024-01-11,螺纹钢,Φ12,HRB400E,石横特钢,None,山东烟台,None,None
2024-01-11,螺纹钢,Φ12,HRB400E,日照,None,山东烟台,None,None
2024-01-11,螺纹钢,Φ12,HRB400E,江苏镔鑫,None,山东烟台,None,None
2024-01-11,螺纹钢,Φ12-14,HRB500E,莱钢,None,山东烟台,None,None
2024-01-11,螺纹钢,Φ12-14,HRB500E,莱钢永锋,None,山东烟台,None,None
2024-01-11,螺纹钢,Φ12-14,HRB500E,石横特钢,None,山东烟台,None,None
2024-01-11,螺纹钢,Φ14,HRB400E,莱钢,None,山东烟台,None,None
2024-01-11,螺纹钢,Φ14,HRB400E,莱钢永锋,None,山东烟台,None,None
2024-01-11,螺纹钢,Φ14,HRB400E,石横特钢,None,山东烟台,None,None
2024-01-11,螺纹钢,Φ14,HRB400E,日照,None,山东烟台,None,None
2024-01-11,螺纹钢,Φ14,HRB400E,江苏镔鑫,None,山东烟台,None,None
2024-01-11,螺纹钢,Φ16,HRB400E,莱钢,None,山东烟台,None,None
2024-01-11,螺纹钢,Φ16,HRB400E,莱钢永锋,None,山东烟台,None,None
2024-01-11,螺纹钢,Φ16,HRB400E,石横特钢,None,山东烟台,None,None
2024-01-11,螺纹钢,Φ16,HRB400E,日照,None,山东烟台,None,None
2024-01-11,螺纹钢,Φ16,HRB400E,江苏镔鑫,None,山东烟台,None,None
2024-01-11,螺纹钢,Φ18,HRB400E,莱钢,None,山东烟台,None,None
2024-01-11,螺纹钢,Φ18,HRB400E,莱钢永锋,None,山东烟台,None,None
2024-01-11,螺纹钢,Φ18,HRB400E,石横特钢,None,山东烟台,None,None
2024-01-11,螺纹钢,Φ18,HRB400E,日照,None,山东烟台,None,None
2024-01-11,螺纹钢,Φ18,HRB400E,江苏镔鑫,None,山东烟台,None,None
2024-01-11,螺纹钢,Φ20,HRB400E,莱钢,None,山东烟台,None,None
2024-01-11,螺纹钢,Φ20,HRB400E,莱钢永锋,None,山东烟台,None,None
2024-01-11,螺纹钢,Φ20,HRB400E,石横特钢,None,山东烟台,None,None
2024-01-11,螺纹钢,Φ20,HRB400E,日照,None,山东烟台,None,None
2024-01-11,螺纹钢,Φ20,HRB400E,江苏镔鑫,None,山东烟台,None,None
2024-01-11,螺纹钢,Φ22,HRB400E,莱钢,None,山东烟台,None,None
2024-01-11,螺纹钢,Φ22,HRB400E,莱钢永锋,None,山东烟台,None,None
2024-01-11,螺纹钢,Φ22,HRB400E,石横特钢,None,山东烟台,None,None
2024-01-11,螺纹钢,Φ22,HRB400E,日照,None,山东烟台,None,None
2024-01-11,螺纹钢,Φ22,HRB400E,江苏镔鑫,None,山东烟台,None,None
2024-01-11,螺纹钢,Φ25,HRB400E,莱钢,None,山东烟台,None,None
2024-01-11,螺纹钢,Φ25,HRB400E,莱钢永锋,None,山东烟台,None,None
2024-01-11,螺纹钢,Φ25,HRB400E,石横特钢,None,山东烟台,None,None
2024-01-11,螺纹钢,Φ25,HRB400E,日照,None,山东烟台,None,None
2024-01-11,螺纹钢,Φ25,HRB400E,江苏镔鑫,None,山东烟台,None,None
2024-01-11,螺纹钢,Φ28-32,HRB400E,莱钢,None,山东烟台,None,None
2024-01-11,螺纹钢,Φ28-32,HRB400E,莱钢永锋,None,山东烟台,None,None
2024-01-11,螺纹钢,Φ28-32,HRB400E,石横特钢,None,山东烟台,None,None
2024-01-11,螺纹钢,Φ28-32,HRB400E,日照,None,山东烟台,None,None
2024-01-11,螺纹钢,Φ28-32,HRB400E,江苏镔鑫,None,山东烟台,None,None
2024-01-11,高线,Φ10,HPB300,莱钢永锋,None,山东烟台,None,None
2024-01-11,高线,Φ10,HPB300,石横特钢,None,山东烟台,None,None
2024-01-11,高线,Φ10,HPB300,江苏镔鑫,None,山东烟台,None,None
2024-01-11,高线,Φ12,HPB300,莱钢永锋,None,山东烟台,None,None
2024-01-11,高线,Φ12,HPB300,石横特钢,None,山东烟台,None,None
2024-01-11,高线,Φ6,HPB300,莱钢永锋,None,山东烟台,None,None
2024-01-11,高线,Φ6,HPB300,石横特钢,None,山东烟台,None,None
2024-01-11,高线,Φ6,HPB300,江苏镔鑫,None,山东烟台,None,None
2024-01-11,高线,Φ8,HPB300,莱钢永锋,None,山东烟台,None,None
2024-01-11,高线,Φ8,HPB300,石横特钢,None,山东烟台,None,None
2024-01-11,高线,Φ8,HPB300,江苏镔鑫,None,山东烟台,None,None
2024-01-10,圆钢,Φ12-22,HPB300,莱钢永锋,None,山东烟台,None,None
2024-01-10,圆钢,Φ12-22,HPB300,石横特钢,None,山东烟台,None,None
2024-01-10,圆钢,Φ25-32,HPB300,莱钢永锋,None,山东烟台,None,None
2024-01-10,圆钢,Φ25-32,HPB300,石横特钢,None,山东烟台,None,None
2024-01-10,盘螺,Φ10,HRB400E,莱钢永锋,None,山东烟台,None,None
2024-01-10,盘螺,Φ10,HRB400E,石横特钢,None,山东烟台,None,None
2024-01-10,盘螺,Φ10,HRB400E,日照,None,山东烟台,None,None
2024-01-10,盘螺,Φ10,HRB400E,江苏镔鑫,None,山东烟台,None,None
2024-01-10,盘螺,Φ10,HRB400E,日钢营口,None,山东烟台,None,None
2024-01-10,盘螺,Φ12,HRB400E,莱钢永锋,None,山东烟台,None,None
2024-01-10,盘螺,Φ12,HRB400E,石横特钢,None,山东烟台,None,None
2024-01-10,盘螺,Φ6,HRB400E,莱钢永锋,None,山东烟台,None,None
2024-01-10,盘螺,Φ6,HRB400E,石横特钢,None,山东烟台,None,None
2024-01-10,盘螺,Φ8,HRB400E,莱钢永锋,None,山东烟台,None,None
2024-01-10,盘螺,Φ8,HRB400E,石横特钢,None,山东烟台,None,None
2024-01-10,盘螺,Φ8,HRB400E,日照,None,山东烟台,None,None
2024-01-10,盘螺,Φ8,HRB400E,江苏镔鑫,None,山东烟台,None,None
2024-01-10,盘螺,Φ8,HRB400E,日钢营口,None,山东烟台,None,None
2024-01-10,螺纹钢,Φ10,HRB400E,莱钢,None,山东烟台,None,None
2024-01-10,螺纹钢,Φ10,HRB400E,莱钢永锋,None,山东烟台,None,None
2024-01-10,螺纹钢,Φ10,HRB400E,石横特钢,None,山东烟台,None,None
2024-01-10,螺纹钢,Φ12,HRB400E,莱钢,None,山东烟台,None,None
2024-01-10,螺纹钢,Φ12,HRB400E,莱钢永锋,None,山东烟台,None,None
2024-01-10,螺纹钢,Φ12,HRB400E,石横特钢,None,山东烟台,None,None
2024-01-10,螺纹钢,Φ12,HRB400E,日照,None,山东烟台,None,None
2024-01-10,螺纹钢,Φ12,HRB400E,江苏镔鑫,None,山东烟台,None,None
2024-01-10,螺纹钢,Φ12-14,HRB500E,莱钢,None,山东烟台,None,None
2024-01-10,螺纹钢,Φ12-14,HRB500E,莱钢永锋,None,山东烟台,None,None
2024-01-10,螺纹钢,Φ12-14,HRB500E,石横特钢,None,山东烟台,None,None
2024-01-10,螺纹钢,Φ14,HRB400E,莱钢,None,山东烟台,None,None
2024-01-10,螺纹钢,Φ14,HRB400E,莱钢永锋,None,山东烟台,None,None
2024-01-10,螺纹钢,Φ14,HRB400E,石横特钢,None,山东烟台,None,None
2024-01-10,螺纹钢,Φ14,HRB400E,日照,None,山东烟台,None,None
2024-01-10,螺纹钢,Φ14,HRB400E,江苏镔鑫,None,山东烟台,None,None
2024-01-10,螺纹钢,Φ16,HRB400E,莱钢,None,山东烟台,None,None
2024-01-10,螺纹钢,Φ16,HRB400E,莱钢永锋,None,山东烟台,None,None
2024-01-10,螺纹钢,Φ16,HRB400E,石横特钢,None,山东烟台,None,None
2024-01-10,螺纹钢,Φ16,HRB400E,日照,None,山东烟台,None,None
2024-01-10,螺纹钢,Φ16,HRB400E,江苏镔鑫,None,山东烟台,None,None
2024-01-10,螺纹钢,Φ18,HRB400E,莱钢,None,山东烟台,None,None
2024-01-10,螺纹钢,Φ18,HRB400E,莱钢永锋,None,山东烟台,None,None
2024-01-10,螺纹钢,Φ18,HRB400E,石横特钢,None,山东烟台,None,None
2024-01-10,螺纹钢,Φ18,HRB400E,日照,None,山东烟台,None,None
2024-01-10,螺纹钢,Φ18,HRB400E,江苏镔鑫,None,山东烟台,None,None
2024-01-10,螺纹钢,Φ20,HRB400E,莱钢,None,山东烟台,None,None
2024-01-10,螺纹钢,Φ20,HRB400E,莱钢永锋,None,山东烟台,None,None
2024-01-10,螺纹钢,Φ20,HRB400E,石横特钢,None,山东烟台,None,None
2024-01-10,螺纹钢,Φ20,HRB400E,日照,None,山东烟台,None,None
2024-01-10,螺纹钢,Φ20,HRB400E,江苏镔鑫,None,山东烟台,None,None
2024-01-10,螺纹钢,Φ22,HRB400E,莱钢,None,山东烟台,None,None
2024-01-10,螺纹钢,Φ22,HRB400E,莱钢永锋,None,山东烟台,None,None
2024-01-10,螺纹钢,Φ22,HRB400E,石横特钢,None,山东烟台,None,None
2024-01-10,螺纹钢,Φ22,HRB400E,日照,None,山东烟台,None,None
2024-01-10,螺纹钢,Φ22,HRB400E,江苏镔鑫,None,山东烟台,None,None
2024-01-10,螺纹钢,Φ25,HRB400E,莱钢,None,山东烟台,None,None
2024-01-10,螺纹钢,Φ25,HRB400E,莱钢永锋,None,山东烟台,None,None
2024-01-10,螺纹钢,Φ25,HRB400E,石横特钢,None,山东烟台,None,None
2024-01-10,螺纹钢,Φ25,HRB400E,日照,None,山东烟台,None,None
2024-01-10,螺纹钢,Φ25,HRB400E,江苏镔鑫,None,山东烟台,None,None
2024-01-10,螺纹钢,Φ28-32,HRB400E,莱钢,None,山东烟台,None,None
2024-01-10,螺纹钢,Φ28-32,HRB400E,莱钢永锋,None,山东烟台,None,None
2024-01-10,螺纹钢,Φ28-32,HRB400E,石横特钢,None,山东烟台,None,None
2024-01-10,螺纹钢,Φ28-32,HRB400E,日照,None,山东烟台,None,None
2024-01-10,螺纹钢,Φ28-32,HRB400E,江苏镔鑫,None,山东烟台,None,None
2024-01-10,高线,Φ10,HPB300,莱钢永锋,None,山东烟台,None,None
2024-01-10,高线,Φ10,HPB300,石横特钢,None,山东烟台,None,None
2024-01-10,高线,Φ10,HPB300,江苏镔鑫,None,山东烟台,None,None
2024-01-10,高线,Φ12,HPB300,莱钢永锋,None,山东烟台,None,None
2024-01-10,高线,Φ12,HPB300,石横特钢,None,山东烟台,None,None
2024-01-10,高线,Φ6,HPB300,莱钢永锋,None,山东烟台,None,None
2024-01-10,高线,Φ6,HPB300,石横特钢,None,山东烟台,None,None
2024-01-10,高线,Φ6,HPB300,江苏镔鑫,None,山东烟台,None,None
2024-01-10,高线,Φ8,HPB300,莱钢永锋,None,山东烟台,None,None
2024-01-10,高线,Φ8,HPB300,石横特钢,None,山东烟台,None,None
2024-01-10,高线,Φ8,HPB300,江苏镔鑫,None,山东烟台,None,None
2024-01-09,圆钢,Φ12-22,HPB300,莱钢永锋,None,山东烟台,None,None
2024-01-09,圆钢,Φ12-22,HPB300,石横特钢,None,山东烟台,None,None
2024-01-09,圆钢,Φ25-32,HPB300,莱钢永锋,None,山东烟台,None,None
2024-01-09,圆钢,Φ25-32,HPB300,石横特钢,None,山东烟台,None,None
2024-01-09,盘螺,Φ10,HRB400E,莱钢永锋,None,山东烟台,None,None
2024-01-09,盘螺,Φ10,HRB400E,石横特钢,None,山东烟台,None,None
2024-01-09,盘螺,Φ10,HRB400E,日照,None,山东烟台,None,None
2024-01-09,盘螺,Φ10,HRB400E,江苏镔鑫,None,山东烟台,None,None
2024-01-09,盘螺,Φ10,HRB400E,日钢营口,None,山东烟台,None,None
2024-01-09,盘螺,Φ12,HRB400E,莱钢永锋,None,山东烟台,None,None
2024-01-09,盘螺,Φ12,HRB400E,石横特钢,None,山东烟台,None,None
2024-01-09,盘螺,Φ6,HRB400E,莱钢永锋,None,山东烟台,None,None
2024-01-09,盘螺,Φ6,HRB400E,石横特钢,None,山东烟台,None,None
2024-01-09,盘螺,Φ8,HRB400E,莱钢永锋,None,山东烟台,None,None
2024-01-09,盘螺,Φ8,HRB400E,石横特钢,None,山东烟台,None,None
2024-01-09,盘螺,Φ8,HRB400E,日照,None,山东烟台,None,None
2024-01-09,盘螺,Φ8,HRB400E,江苏镔鑫,None,山东烟台,None,None
2024-01-09,盘螺,Φ8,HRB400E,日钢营口,None,山东烟台,None,None
2024-01-09,螺纹钢,Φ10,HRB400E,莱钢,None,山东烟台,None,None
2024-01-09,螺纹钢,Φ10,HRB400E,莱钢永锋,None,山东烟台,None,None
2024-01-09,螺纹钢,Φ10,HRB400E,石横特钢,None,山东烟台,None,None
2024-01-09,螺纹钢,Φ12,HRB400E,莱钢,None,山东烟台,None,None
2024-01-09,螺纹钢,Φ12,HRB400E,莱钢永锋,None,山东烟台,None,None
2024-01-09,螺纹钢,Φ12,HRB400E,石横特钢,None,山东烟台,None,None
2024-01-09,螺纹钢,Φ12,HRB400E,日照,None,山东烟台,None,None
2024-01-09,螺纹钢,Φ12,HRB400E,江苏镔鑫,None,山东烟台,None,None
2024-01-09,螺纹钢,Φ12-14,HRB500E,莱钢,None,山东烟台,None,None
2024-01-09,螺纹钢,Φ12-14,HRB500E,莱钢永锋,None,山东烟台,None,None
2024-01-09,螺纹钢,Φ12-14,HRB500E,石横特钢,None,山东烟台,None,None
2024-01-09,螺纹钢,Φ14,HRB400E,莱钢,None,山东烟台,None,None
2024-01-09,螺纹钢,Φ14,HRB400E,莱钢永锋,None,山东烟台,None,None
2024-01-09,螺纹钢,Φ14,HRB400E,石横特钢,None,山东烟台,None,None
2024-01-09,螺纹钢,Φ14,HRB400E,日照,None,山东烟台,None,None
2024-01-09,螺纹钢,Φ14,HRB400E,江苏镔鑫,None,山东烟台,None,None
2024-01-09,螺纹钢,Φ16,HRB400E,莱钢,None,山东烟台,None,None
2024-01-09,螺纹钢,Φ16,HRB400E,莱钢永锋,None,山东烟台,None,None
2024-01-09,螺纹钢,Φ16,HRB400E,石横特钢,None,山东烟台,None,None
2024-01-09,螺纹钢,Φ16,HRB400E,日照,None,山东烟台,None,None
2024-01-09,螺纹钢,Φ16,HRB400E,江苏镔鑫,None,山东烟台,None,None
2024-01-09,螺纹钢,Φ18,HRB400E,莱钢,None,山东烟台,None,None
2024-01-09,螺纹钢,Φ18,HRB400E,莱钢永锋,None,山东烟台,None,None
2024-01-09,螺纹钢,Φ18,HRB400E,石横特钢,None,山东烟台,None,None
2024-01-09,螺纹钢,Φ18,HRB400E,日照,None,山东烟台,None,None
2024-01-09,螺纹钢,Φ18,HRB400E,江苏镔鑫,None,山东烟台,None,None
2024-01-09,螺纹钢,Φ20,HRB400E,莱钢,None,山东烟台,None,None
2024-01-09,螺纹钢,Φ20,HRB400E,莱钢永锋,None,山东烟台,None,None
2024-01-09,螺纹钢,Φ20,HRB400E,石横特钢,None,山东烟台,None,None
2024-01-09,螺纹钢,Φ20,HRB400E,日照,None,山东烟台,None,None
2024-01-09,螺纹钢,Φ20,HRB400E,江苏镔鑫,None,山东烟台,None,None
2024-01-09,螺纹钢,Φ22,HRB400E,莱钢,None,山东烟台,None,None
2024-01-09,螺纹钢,Φ22,HRB400E,莱钢永锋,None,山东烟台,None,None
2024-01-09,螺纹钢,Φ22,HRB400E,石横特钢,None,山东烟台,None,None
2024-01-09,螺纹钢,Φ22,HRB400E,日照,None,山东烟台,None,None
2024-01-09,螺纹钢,Φ22,HRB400E,江苏镔鑫,None,山东烟台,None,None
2024-01-09,螺纹钢,Φ25,HRB400E,莱钢,None,山东烟台,None,None
2024-01-09,螺纹钢,Φ25,HRB400E,莱钢永锋,None,山东烟台,None,None
2024-01-09,螺纹钢,Φ25,HRB400E,石横特钢,None,山东烟台,None,None
2024-01-09,螺纹钢,Φ25,HRB400E,日照,None,山东烟台,None,None
2024-01-09,螺纹钢,Φ25,HRB400E,江苏镔鑫,None,山东烟台,None,None
2024-01-09,螺纹钢,Φ28-32,HRB400E,莱钢,None,山东烟台,None,None
2024-01-09,螺纹钢,Φ28-32,HRB400E,莱钢永锋,None,山东烟台,None,None
2024-01-09,螺纹钢,Φ28-32,HRB400E,石横特钢,None,山东烟台,None,None
2024-01-09,螺纹钢,Φ28-32,HRB400E,日照,None,山东烟台,None,None
2024-01-09,螺纹钢,Φ28-32,HRB400E,江苏镔鑫,None,山东烟台,None,None
2024-01-09,高线,Φ10,HPB300,莱钢永锋,None,山东烟台,None,None
2024-01-09,高线,Φ10,HPB300,石横特钢,None,山东烟台,None,None
2024-01-09,高线,Φ10,HPB300,江苏镔鑫,None,山东烟台,None,None
2024-01-09,高线,Φ12,HPB300,莱钢永锋,None,山东烟台,None,None
2024-01-09,高线,Φ12,HPB300,石横特钢,None,山东烟台,None,None
2024-01-09,高线,Φ6,HPB300,莱钢永锋,None,山东烟台,None,None
2024-01-09,高线,Φ6,HPB300,石横特钢,None,山东烟台,None,None
2024-01-09,高线,Φ6,HPB300,江苏镔鑫,None,山东烟台,None,None
2024-01-09,高线,Φ8,HPB300,莱钢永锋,None,山东烟台,None,None
2024-01-09,高线,Φ8,HPB300,石横特钢,None,山东烟台,None,None
2024-01-09,高线,Φ8,HPB300,江苏镔鑫,None,山东烟台,None,None
2024-01-08,圆钢,Φ12-22,HPB300,莱钢永锋,None,山东烟台,None,None
2024-01-08,圆钢,Φ12-22,HPB300,石横特钢,None,山东烟台,None,None
2024-01-08,圆钢,Φ25-32,HPB300,莱钢永锋,None,山东烟台,None,None
2024-01-08,圆钢,Φ25-32,HPB300,石横特钢,None,山东烟台,None,None
2024-01-08,盘螺,Φ10,HRB400E,莱钢永锋,None,山东烟台,None,None
2024-01-08,盘螺,Φ10,HRB400E,石横特钢,None,山东烟台,None,None
2024-01-08,盘螺,Φ10,HRB400E,日照,None,山东烟台,None,None
2024-01-08,盘螺,Φ10,HRB400E,江苏镔鑫,None,山东烟台,None,None
2024-01-08,盘螺,Φ10,HRB400E,日钢营口,None,山东烟台,None,None
2024-01-08,盘螺,Φ12,HRB400E,莱钢永锋,None,山东烟台,None,None
2024-01-08,盘螺,Φ12,HRB400E,石横特钢,None,山东烟台,None,None
2024-01-08,盘螺,Φ6,HRB400E,莱钢永锋,None,山东烟台,None,None
2024-01-08,盘螺,Φ6,HRB400E,石横特钢,None,山东烟台,None,None
2024-01-08,盘螺,Φ8,HRB400E,莱钢永锋,None,山东烟台,None,None
2024-01-08,盘螺,Φ8,HRB400E,石横特钢,None,山东烟台,None,None
2024-01-08,盘螺,Φ8,HRB400E,日照,None,山东烟台,None,None
2024-01-08,盘螺,Φ8,HRB400E,江苏镔鑫,None,山东烟台,None,None
2024-01-08,盘螺,Φ8,HRB400E,日钢营口,None,山东烟台,None,None
2024-01-08,螺纹钢,Φ10,HRB400E,莱钢,None,山东烟台,None,None
2024-01-08,螺纹钢,Φ10,HRB400E,莱钢永锋,None,山东烟台,None,None
2024-01-08,螺纹钢,Φ10,HRB400E,石横特钢,None,山东烟台,None,None
2024-01-08,螺纹钢,Φ12,HRB400E,莱钢,None,山东烟台,None,None
2024-01-08,螺纹钢,Φ12,HRB400E,莱钢永锋,None,山东烟台,None,None
2024-01-08,螺纹钢,Φ12,HRB400E,石横特钢,None,山东烟台,None,None
2024-01-08,螺纹钢,Φ12,HRB400E,日照,None,山东烟台,None,None
2024-01-08,螺纹钢,Φ12,HRB400E,江苏镔鑫,None,山东烟台,None,None
2024-01-08,螺纹钢,Φ12-14,HRB500E,莱钢,None,山东烟台,None,None
2024-01-08,螺纹钢,Φ12-14,HRB500E,莱钢永锋,None,山东烟台,None,None
2024-01-08,螺纹钢,Φ12-14,HRB500E,石横特钢,None,山东烟台,None,None
2024-01-08,螺纹钢,Φ14,HRB400E,莱钢,None,山东烟台,None,None
2024-01-08,螺纹钢,Φ14,HRB400E,莱钢永锋,None,山东烟台,None,None
2024-01-08,螺纹钢,Φ14,HRB400E,石横特钢,None,山东烟台,None,None
2024-01-08,螺纹钢,Φ14,HRB400E,日照,None,山东烟台,None,None
2024-01-08,螺纹钢,Φ14,HRB400E,江苏镔鑫,None,山东烟台,None,None
2024-01-08,螺纹钢,Φ16,HRB400E,莱钢,None,山东烟台,None,None
2024-01-08,螺纹钢,Φ16,HRB400E,莱钢永锋,None,山东烟台,None,None
2024-01-08,螺纹钢,Φ16,HRB400E,石横特钢,None,山东烟台,None,None
2024-01-08,螺纹钢,Φ16,HRB400E,日照,None,山东烟台,None,None
2024-01-08,螺纹钢,Φ16,HRB400E,江苏镔鑫,None,山东烟台,None,None
2024-01-08,螺纹钢,Φ18,HRB400E,莱钢,None,山东烟台,None,None
2024-01-08,螺纹钢,Φ18,HRB400E,莱钢永锋,None,山东烟台,None,None
2024-01-08,螺纹钢,Φ18,HRB400E,石横特钢,None,山东烟台,None,None
2024-01-08,螺纹钢,Φ18,HRB400E,日照,None,山东烟台,None,None
2024-01-08,螺纹钢,Φ18,HRB400E,江苏镔鑫,None,山东烟台,None,None
2024-01-08,螺纹钢,Φ20,HRB400E,莱钢,None,山东烟台,None,None
2024-01-08,螺纹钢,Φ20,HRB400E,莱钢永锋,None,山东烟台,None,None
2024-01-08,螺纹钢,Φ20,HRB400E,石横特钢,None,山东烟台,None,None
2024-01-08,螺纹钢,Φ20,HRB400E,日照,None,山东烟台,None,None
2024-01-08,螺纹钢,Φ20,HRB400E,江苏镔鑫,None,山东烟台,None,None
2024-01-08,螺纹钢,Φ22,HRB400E,莱钢,None,山东烟台,None,None
2024-01-08,螺纹钢,Φ22,HRB400E,莱钢永锋,None,山东烟台,None,None
2024-01-08,螺纹钢,Φ22,HRB400E,石横特钢,None,山东烟台,None,None
2024-01-08,螺纹钢,Φ22,HRB400E,日照,None,山东烟台,None,None
2024-01-08,螺纹钢,Φ22,HRB400E,江苏镔鑫,None,山东烟台,None,None
2024-01-08,螺纹钢,Φ25,HRB400E,莱钢,None,山东烟台,None,None
2024-01-08,螺纹钢,Φ25,HRB400E,莱钢永锋,None,山东烟台,None,None
2024-01-08,螺纹钢,Φ25,HRB400E,石横特钢,None,山东烟台,None,None
2024-01-08,螺纹钢,Φ25,HRB400E,日照,None,山东烟台,None,None
2024-01-08,螺纹钢,Φ25,HRB400E,江苏镔鑫,None,山东烟台,None,None
2024-01-08,螺纹钢,Φ28-32,HRB400E,莱钢,None,山东烟台,None,None
2024-01-08,螺纹钢,Φ28-32,HRB400E,莱钢永锋,None,山东烟台,None,None
2024-01-08,螺纹钢,Φ28-32,HRB400E,石横特钢,None,山东烟台,None,None
2024-01-08,螺纹钢,Φ28-32,HRB400E,日照,None,山东烟台,None,None
2024-01-08,螺纹钢,Φ28-32,HRB400E,江苏镔鑫,None,山东烟台,None,None
2024-01-08,高线,Φ10,HPB300,莱钢永锋,None,山东烟台,None,None
2024-01-08,高线,Φ10,HPB300,石横特钢,None,山东烟台,None,None
2024-01-08,高线,Φ10,HPB300,江苏镔鑫,None,山东烟台,None,None
2024-01-08,高线,Φ12,HPB300,莱钢永锋,None,山东烟台,None,None
2024-01-08,高线,Φ12,HPB300,石横特钢,None,山东烟台,None,None
2024-01-08,高线,Φ6,HPB300,莱钢永锋,None,山东烟台,None,None
2024-01-08,高线,Φ6,HPB300,石横特钢,None,山东烟台,None,None
2024-01-08,高线,Φ6,HPB300,江苏镔鑫,None,山东烟台,None,None
2024-01-08,高线,Φ8,HPB300,莱钢永锋,None,山东烟台,None,None
2024-01-08,高线,Φ8,HPB300,石横特钢,None,山东烟台,None,None
2024-01-08,高线,Φ8,HPB300,江苏镔鑫,None,山东烟台,None,None
2024-01-05,圆钢,Φ12-22,HPB300,莱钢永锋,None,山东烟台,None,None
2024-01-05,圆钢,Φ12-22,HPB300,石横特钢,None,山东烟台,None,None
2024-01-05,圆钢,Φ25-32,HPB300,莱钢永锋,None,山东烟台,None,None
2024-01-05,圆钢,Φ25-32,HPB300,石横特钢,None,山东烟台,None,None
2024-01-05,盘螺,Φ10,HRB400E,莱钢永锋,None,山东烟台,None,None
2024-01-05,盘螺,Φ10,HRB400E,石横特钢,None,山东烟台,None,None
2024-01-05,盘螺,Φ10,HRB400E,日照,None,山东烟台,None,None
2024-01-05,盘螺,Φ10,HRB400E,江苏镔鑫,None,山东烟台,None,None
2024-01-05,盘螺,Φ10,HRB400E,日钢营口,None,山东烟台,None,None
2024-01-05,盘螺,Φ12,HRB400E,莱钢永锋,None,山东烟台,None,None
2024-01-05,盘螺,Φ12,HRB400E,石横特钢,None,山东烟台,None,None
2024-01-05,盘螺,Φ6,HRB400E,莱钢永锋,None,山东烟台,None,None
2024-01-05,盘螺,Φ6,HRB400E,石横特钢,None,山东烟台,None,None
2024-01-05,盘螺,Φ8,HRB400E,莱钢永锋,None,山东烟台,None,None
2024-01-05,盘螺,Φ8,HRB400E,石横特钢,None,山东烟台,None,None
2024-01-05,盘螺,Φ8,HRB400E,日照,None,山东烟台,None,None
2024-01-05,盘螺,Φ8,HRB400E,江苏镔鑫,None,山东烟台,None,None
2024-01-05,盘螺,Φ8,HRB400E,日钢营口,None,山东烟台,None,None
2024-01-05,螺纹钢,Φ10,HRB400E,莱钢,None,山东烟台,None,None
2024-01-05,螺纹钢,Φ10,HRB400E,莱钢永锋,None,山东烟台,None,None
2024-01-05,螺纹钢,Φ10,HRB400E,石横特钢,None,山东烟台,None,None
2024-01-05,螺纹钢,Φ12,HRB400E,莱钢,None,山东烟台,None,None
2024-01-05,螺纹钢,Φ12,HRB400E,莱钢永锋,None,山东烟台,None,None
2024-01-05,螺纹钢,Φ12,HRB400E,石横特钢,None,山东烟台,None,None
2024-01-05,螺纹钢,Φ12,HRB400E,日照,None,山东烟台,None,None
2024-01-05,螺纹钢,Φ12,HRB400E,江苏镔鑫,None,山东烟台,None,None
2024-01-05,螺纹钢,Φ12-14,HRB500E,莱钢,None,山东烟台,None,None
2024-01-05,螺纹钢,Φ12-14,HRB500E,莱钢永锋,None,山东烟台,None,None
2024-01-05,螺纹钢,Φ12-14,HRB500E,石横特钢,None,山东烟台,None,None
2024-01-05,螺纹钢,Φ14,HRB400E,莱钢,None,山东烟台,None,None
2024-01-05,螺纹钢,Φ14,HRB400E,莱钢永锋,None,山东烟台,None,None
2024-01-05,螺纹钢,Φ14,HRB400E,石横特钢,None,山东烟台,None,None
2024-01-05,螺纹钢,Φ14,HRB400E,日照,None,山东烟台,None,None
2024-01-05,螺纹钢,Φ14,HRB400E,江苏镔鑫,None,山东烟台,None,None
2024-01-05,螺纹钢,Φ16,HRB400E,莱钢,None,山东烟台,None,None
2024-01-05,螺纹钢,Φ16,HRB400E,莱钢永锋,None,山东烟台,None,None
2024-01-05,螺纹钢,Φ16,HRB400E,石横特钢,None,山东烟台,None,None
2024-01-05,螺纹钢,Φ16,HRB400E,日照,None,山东烟台,None,None
2024-01-05,螺纹钢,Φ16,HRB400E,江苏镔鑫,None,山东烟台,None,None
2024-01-05,螺纹钢,Φ18,HRB400E,莱钢,None,山东烟台,None,None
2024-01-05,螺纹钢,Φ18,HRB400E,莱钢永锋,None,山东烟台,None,None
2024-01-05,螺纹钢,Φ18,HRB400E,石横特钢,None,山东烟台,None,None
2024-01-05,螺纹钢,Φ18,HRB400E,日照,None,山东烟台,None,None
2024-01-05,螺纹钢,Φ18,HRB400E,江苏镔鑫,None,山东烟台,None,None
2024-01-05,螺纹钢,Φ20,HRB400E,莱钢,None,山东烟台,None,None
2024-01-05,螺纹钢,Φ20,HRB400E,莱钢永锋,None,山东烟台,None,None
2024-01-05,螺纹钢,Φ20,HRB400E,石横特钢,None,山东烟台,None,None
2024-01-05,螺纹钢,Φ20,HRB400E,日照,None,山东烟台,None,None
2024-01-05,螺纹钢,Φ20,HRB400E,江苏镔鑫,None,山东烟台,None,None
2024-01-05,螺纹钢,Φ22,HRB400E,莱钢,None,山东烟台,None,None
2024-01-05,螺纹钢,Φ22,HRB400E,莱钢永锋,None,山东烟台,None,None
2024-01-05,螺纹钢,Φ22,HRB400E,石横特钢,None,山东烟台,None,None
2024-01-05,螺纹钢,Φ22,HRB400E,日照,None,山东烟台,None,None
2024-01-05,螺纹钢,Φ22,HRB400E,江苏镔鑫,None,山东烟台,None,None
2024-01-05,螺纹钢,Φ25,HRB400E,莱钢,None,山东烟台,None,None
2024-01-05,螺纹钢,Φ25,HRB400E,莱钢永锋,None,山东烟台,None,None
2024-01-05,螺纹钢,Φ25,HRB400E,石横特钢,None,山东烟台,None,None
2024-01-05,螺纹钢,Φ25,HRB400E,日照,None,山东烟台,None,None
2024-01-05,螺纹钢,Φ25,HRB400E,江苏镔鑫,None,山东烟台,None,None
2024-01-05,螺纹钢,Φ28-32,HRB400E,莱钢,None,山东烟台,None,None
2024-01-05,螺纹钢,Φ28-32,HRB400E,莱钢永锋,None,山东烟台,None,None
2024-01-05,螺纹钢,Φ28-32,HRB400E,石横特钢,None,山东烟台,None,None
2024-01-05,螺纹钢,Φ28-32,HRB400E,日照,None,山东烟台,None,None
2024-01-05,螺纹钢,Φ28-32,HRB400E,江苏镔鑫,None,山东烟台,None,None
2024-01-05,高线,Φ10,HPB300,莱钢永锋,None,山东烟台,None,None
2024-01-05,高线,Φ10,HPB300,石横特钢,None,山东烟台,None,None
2024-01-05,高线,Φ10,HPB300,江苏镔鑫,None,山东烟台,None,None
2024-01-05,高线,Φ12,HPB300,莱钢永锋,None,山东烟台,None,None
2024-01-05,高线,Φ12,HPB300,石横特钢,None,山东烟台,None,None
2024-01-05,高线,Φ6,HPB300,莱钢永锋,None,山东烟台,None,None
2024-01-05,高线,Φ6,HPB300,石横特钢,None,山东烟台,None,None
2024-01-05,高线,Φ6,HPB300,江苏镔鑫,None,山东烟台,None,None
2024-01-05,高线,Φ8,HPB300,莱钢永锋,None,山东烟台,None,None
2024-01-05,高线,Φ8,HPB300,石横特钢,None,山东烟台,None,None
2024-01-05,高线,Φ8,HPB300,江苏镔鑫,None,山东烟台,None,None
2024-01-04,圆钢,Φ12-22,HPB300,莱钢永锋,None,山东烟台,None,None
2024-01-04,圆钢,Φ12-22,HPB300,石横特钢,None,山东烟台,None,None
2024-01-04,圆钢,Φ25-32,HPB300,莱钢永锋,None,山东烟台,None,None
2024-01-04,圆钢,Φ25-32,HPB300,石横特钢,None,山东烟台,None,None
2024-01-04,盘螺,Φ10,HRB400E,莱钢永锋,None,山东烟台,None,None
2024-01-04,盘螺,Φ10,HRB400E,石横特钢,None,山东烟台,None,None
2024-01-04,盘螺,Φ10,HRB400E,日照,None,山东烟台,None,None
2024-01-04,盘螺,Φ10,HRB400E,江苏镔鑫,None,山东烟台,None,None
2024-01-04,盘螺,Φ10,HRB400E,日钢营口,None,山东烟台,None,None
2024-01-04,盘螺,Φ12,HRB400E,莱钢永锋,None,山东烟台,None,None
2024-01-04,盘螺,Φ12,HRB400E,石横特钢,None,山东烟台,None,None
2024-01-04,盘螺,Φ6,HRB400E,莱钢永锋,None,山东烟台,None,None
2024-01-04,盘螺,Φ6,HRB400E,石横特钢,None,山东烟台,None,None
2024-01-04,盘螺,Φ8,HRB400E,莱钢永锋,None,山东烟台,None,None
2024-01-04,盘螺,Φ8,HRB400E,石横特钢,None,山东烟台,None,None
2024-01-04,盘螺,Φ8,HRB400E,日照,None,山东烟台,None,None
2024-01-04,盘螺,Φ8,HRB400E,江苏镔鑫,None,山东烟台,None,None
2024-01-04,盘螺,Φ8,HRB400E,日钢营口,None,山东烟台,None,None
2024-01-04,螺纹钢,Φ10,HRB400E,莱钢,None,山东烟台,None,None
2024-01-04,螺纹钢,Φ10,HRB400E,莱钢永锋,None,山东烟台,None,None
2024-01-04,螺纹钢,Φ10,HRB400E,石横特钢,None,山东烟台,None,None
2024-01-04,螺纹钢,Φ12,HRB400E,莱钢,None,山东烟台,None,None
2024-01-04,螺纹钢,Φ12,HRB400E,莱钢永锋,None,山东烟台,None,None
2024-01-04,螺纹钢,Φ12,HRB400E,石横特钢,None,山东烟台,None,None
2024-01-04,螺纹钢,Φ12,HRB400E,日照,None,山东烟台,None,None
2024-01-04,螺纹钢,Φ12,HRB400E,江苏镔鑫,None,山东烟台,None,None
2024-01-04,螺纹钢,Φ12-14,HRB500E,莱钢,None,山东烟台,None,None
2024-01-04,螺纹钢,Φ12-14,HRB500E,莱钢永锋,None,山东烟台,None,None
2024-01-04,螺纹钢,Φ12-14,HRB500E,石横特钢,None,山东烟台,None,None
2024-01-04,螺纹钢,Φ14,HRB400E,莱钢,None,山东烟台,None,None
2024-01-04,螺纹钢,Φ14,HRB400E,莱钢永锋,None,山东烟台,None,None
2024-01-04,螺纹钢,Φ14,HRB400E,石横特钢,None,山东烟台,None,None
2024-01-04,螺纹钢,Φ14,HRB400E,日照,None,山东烟台,None,None
2024-01-04,螺纹钢,Φ14,HRB400E,江苏镔鑫,None,山东烟台,None,None
2024-01-04,螺纹钢,Φ16,HRB400E,莱钢,None,山东烟台,None,None
2024-01-04,螺纹钢,Φ16,HRB400E,莱钢永锋,None,山东烟台,None,None
2024-01-04,螺纹钢,Φ16,HRB400E,石横特钢,None,山东烟台,None,None
2024-01-04,螺纹钢,Φ16,HRB400E,日照,None,山东烟台,None,None
2024-01-04,螺纹钢,Φ16,HRB400E,江苏镔鑫,None,山东烟台,None,None
2024-01-04,螺纹钢,Φ18,HRB400E,莱钢,None,山东烟台,None,None
2024-01-04,螺纹钢,Φ18,HRB400E,莱钢永锋,None,山东烟台,None,None
2024-01-04,螺纹钢,Φ18,HRB400E,石横特钢,None,山东烟台,None,None
2024-01-04,螺纹钢,Φ18,HRB400E,日照,None,山东烟台,None,None
2024-01-04,螺纹钢,Φ18,HRB400E,江苏镔鑫,None,山东烟台,None,None
2024-01-04,螺纹钢,Φ20,HRB400E,莱钢,None,山东烟台,None,None
2024-01-04,螺纹钢,Φ20,HRB400E,莱钢永锋,None,山东烟台,None,None
2024-01-04,螺纹钢,Φ20,HRB400E,石横特钢,None,山东烟台,None,None
2024-01-04,螺纹钢,Φ20,HRB400E,日照,None,山东烟台,None,None
2024-01-04,螺纹钢,Φ20,HRB400E,江苏镔鑫,None,山东烟台,None,None
2024-01-04,螺纹钢,Φ22,HRB400E,莱钢,None,山东烟台,None,None
2024-01-04,螺纹钢,Φ22,HRB400E,莱钢永锋,None,山东烟台,None,None
2024-01-04,螺纹钢,Φ22,HRB400E,石横特钢,None,山东烟台,None,None
2024-01-04,螺纹钢,Φ22,HRB400E,日照,None,山东烟台,None,None
2024-01-04,螺纹钢,Φ22,HRB400E,江苏镔鑫,None,山东烟台,None,None
2024-01-04,螺纹钢,Φ25,HRB400E,莱钢,None,山东烟台,None,None
2024-01-04,螺纹钢,Φ25,HRB400E,莱钢永锋,None,山东烟台,None,None
2024-01-04,螺纹钢,Φ25,HRB400E,石横特钢,None,山东烟台,None,None
2024-01-04,螺纹钢,Φ25,HRB400E,日照,None,山东烟台,None,None
2024-01-04,螺纹钢,Φ25,HRB400E,江苏镔鑫,None,山东烟台,None,None
2024-01-04,螺纹钢,Φ28-32,HRB400E,莱钢,None,山东烟台,None,None
2024-01-04,螺纹钢,Φ28-32,HRB400E,莱钢永锋,None,山东烟台,None,None
2024-01-04,螺纹钢,Φ28-32,HRB400E,石横特钢,None,山东烟台,None,None
2024-01-04,螺纹钢,Φ28-32,HRB400E,日照,None,山东烟台,None,None
2024-01-04,螺纹钢,Φ28-32,HRB400E,江苏镔鑫,None,山东烟台,None,None
2024-01-04,高线,Φ10,HPB300,莱钢永锋,None,山东烟台,None,None
2024-01-04,高线,Φ10,HPB300,石横特钢,None,山东烟台,None,None
2024-01-04,高线,Φ10,HPB300,江苏镔鑫,None,山东烟台,None,None
2024-01-04,高线,Φ12,HPB300,莱钢永锋,None,山东烟台,None,None
2024-01-04,高线,Φ12,HPB300,石横特钢,None,山东烟台,None,None
2024-01-04,高线,Φ6,HPB300,莱钢永锋,None,山东烟台,None,None
2024-01-04,高线,Φ6,HPB300,石横特钢,None,山东烟台,None,None
2024-01-04,高线,Φ6,HPB300,江苏镔鑫,None,山东烟台,None,None
2024-01-04,高线,Φ8,HPB300,莱钢永锋,None,山东烟台,None,None
2024-01-04,高线,Φ8,HPB300,石横特钢,None,山东烟台,None,None
2024-01-04,高线,Φ8,HPB300,江苏镔鑫,None,山东烟台,None,None
2024-01-03,圆钢,Φ12-22,HPB300,莱钢永锋,None,山东烟台,None,None
2024-01-03,圆钢,Φ12-22,HPB300,石横特钢,None,山东烟台,None,None
2024-01-03,圆钢,Φ25-32,HPB300,莱钢永锋,None,山东烟台,None,None
2024-01-03,圆钢,Φ25-32,HPB300,石横特钢,None,山东烟台,None,None
2024-01-03,盘螺,Φ10,HRB400E,莱钢永锋,None,山东烟台,None,None
2024-01-03,盘螺,Φ10,HRB400E,石横特钢,None,山东烟台,None,None
2024-01-03,盘螺,Φ10,HRB400E,日照,None,山东烟台,None,None
2024-01-03,盘螺,Φ10,HRB400E,江苏镔鑫,None,山东烟台,None,None
2024-01-03,盘螺,Φ10,HRB400E,日钢营口,None,山东烟台,None,None
2024-01-03,盘螺,Φ12,HRB400E,莱钢永锋,None,山东烟台,None,None
2024-01-03,盘螺,Φ12,HRB400E,石横特钢,None,山东烟台,None,None
2024-01-03,盘螺,Φ6,HRB400E,莱钢永锋,None,山东烟台,None,None
2024-01-03,盘螺,Φ6,HRB400E,石横特钢,None,山东烟台,None,None
2024-01-03,盘螺,Φ8,HRB400E,莱钢永锋,None,山东烟台,None,None
2024-01-03,盘螺,Φ8,HRB400E,石横特钢,None,山东烟台,None,None
2024-01-03,盘螺,Φ8,HRB400E,日照,None,山东烟台,None,None
2024-01-03,盘螺,Φ8,HRB400E,江苏镔鑫,None,山东烟台,None,None
2024-01-03,盘螺,Φ8,HRB400E,日钢营口,None,山东烟台,None,None
2024-01-03,螺纹钢,Φ10,HRB400E,莱钢,None,山东烟台,None,None
2024-01-03,螺纹钢,Φ10,HRB400E,莱钢永锋,None,山东烟台,None,None
2024-01-03,螺纹钢,Φ10,HRB400E,石横特钢,None,山东烟台,None,None
2024-01-03,螺纹钢,Φ12,HRB400E,莱钢,None,山东烟台,None,None
2024-01-03,螺纹钢,Φ12,HRB400E,莱钢永锋,None,山东烟台,None,None
2024-01-03,螺纹钢,Φ12,HRB400E,石横特钢,None,山东烟台,None,None
2024-01-03,螺纹钢,Φ12,HRB400E,日照,None,山东烟台,None,None
2024-01-03,螺纹钢,Φ12,HRB400E,江苏镔鑫,None,山东烟台,None,None
2024-01-03,螺纹钢,Φ12-14,HRB500E,莱钢,None,山东烟台,None,None
2024-01-03,螺纹钢,Φ12-14,HRB500E,莱钢永锋,None,山东烟台,None,None
2024-01-03,螺纹钢,Φ12-14,HRB500E,石横特钢,None,山东烟台,None,None
2024-01-03,螺纹钢,Φ14,HRB400E,莱钢,None,山东烟台,None,None
2024-01-03,螺纹钢,Φ14,HRB400E,莱钢永锋,None,山东烟台,None,None
2024-01-03,螺纹钢,Φ14,HRB400E,石横特钢,None,山东烟台,None,None
2024-01-03,螺纹钢,Φ14,HRB400E,日照,None,山东烟台,None,None
2024-01-03,螺纹钢,Φ14,HRB400E,江苏镔鑫,None,山东烟台,None,None
2024-01-03,螺纹钢,Φ16,HRB400E,莱钢,None,山东烟台,None,None
2024-01-03,螺纹钢,Φ16,HRB400E,莱钢永锋,None,山东烟台,None,None
2024-01-03,螺纹钢,Φ16,HRB400E,石横特钢,None,山东烟台,None,None
2024-01-03,螺纹钢,Φ16,HRB400E,日照,None,山东烟台,None,None
2024-01-03,螺纹钢,Φ16,HRB400E,江苏镔鑫,None,山东烟台,None,None
2024-01-03,螺纹钢,Φ18,HRB400E,莱钢,None,山东烟台,None,None
2024-01-03,螺纹钢,Φ18,HRB400E,莱钢永锋,None,山东烟台,None,None
2024-01-03,螺纹钢,Φ18,HRB400E,石横特钢,None,山东烟台,None,None
2024-01-03,螺纹钢,Φ18,HRB400E,日照,None,山东烟台,None,None
2024-01-03,螺纹钢,Φ18,HRB400E,江苏镔鑫,None,山东烟台,None,None
2024-01-03,螺纹钢,Φ20,HRB400E,莱钢,None,山东烟台,None,None
2024-01-03,螺纹钢,Φ20,HRB400E,莱钢永锋,None,山东烟台,None,None
2024-01-03,螺纹钢,Φ20,HRB400E,石横特钢,None,山东烟台,None,None
2024-01-03,螺纹钢,Φ20,HRB400E,日照,None,山东烟台,None,None
2024-01-03,螺纹钢,Φ20,HRB400E,江苏镔鑫,None,山东烟台,None,None
2024-01-03,螺纹钢,Φ22,HRB400E,莱钢,None,山东烟台,None,None
2024-01-03,螺纹钢,Φ22,HRB400E,莱钢永锋,None,山东烟台,None,None
2024-01-03,螺纹钢,Φ22,HRB400E,石横特钢,None,山东烟台,None,None
2024-01-03,螺纹钢,Φ22,HRB400E,日照,None,山东烟台,None,None
2024-01-03,螺纹钢,Φ22,HRB400E,江苏镔鑫,None,山东烟台,None,None
2024-01-03,螺纹钢,Φ25,HRB400E,莱钢,None,山东烟台,None,None
2024-01-03,螺纹钢,Φ25,HRB400E,莱钢永锋,None,山东烟台,None,None
2024-01-03,螺纹钢,Φ25,HRB400E,石横特钢,None,山东烟台,None,None
2024-01-03,螺纹钢,Φ25,HRB400E,日照,None,山东烟台,None,None
2024-01-03,螺纹钢,Φ25,HRB400E,江苏镔鑫,None,山东烟台,None,None
2024-01-03,螺纹钢,Φ28-32,HRB400E,莱钢,None,山东烟台,None,None
2024-01-03,螺纹钢,Φ28-32,HRB400E,莱钢永锋,None,山东烟台,None,None
2024-01-03,螺纹钢,Φ28-32,HRB400E,石横特钢,None,山东烟台,None,None
2024-01-03,螺纹钢,Φ28-32,HRB400E,日照,None,山东烟台,None,None
2024-01-03,螺纹钢,Φ28-32,HRB400E,江苏镔鑫,None,山东烟台,None,None
2024-01-03,高线,Φ10,HPB300,莱钢永锋,None,山东烟台,None,None
2024-01-03,高线,Φ10,HPB300,石横特钢,None,山东烟台,None,None
2024-01-03,高线,Φ10,HPB300,江苏镔鑫,None,山东烟台,None,None
2024-01-03,高线,Φ12,HPB300,莱钢永锋,None,山东烟台,None,None
2024-01-03,高线,Φ12,HPB300,石横特钢,None,山东烟台,None,None
2024-01-03,高线,Φ6,HPB300,莱钢永锋,None,山东烟台,None,None
2024-01-03,高线,Φ6,HPB300,石横特钢,None,山东烟台,None,None
2024-01-03,高线,Φ6,HPB300,江苏镔鑫,None,山东烟台,None,None
2024-01-03,高线,Φ8,HPB300,莱钢永锋,None,山东烟台,None,None
2024-01-03,高线,Φ8,HPB300,石横特钢,None,山东烟台,None,None
2024-01-03,高线,Φ8,HPB300,江苏镔鑫,None,山东烟台,None,None
2024-01-02,圆钢,Φ12-22,HPB300,莱钢永锋,None,山东烟台,None,None
2024-01-02,圆钢,Φ12-22,HPB300,石横特钢,None,山东烟台,None,None
2024-01-02,圆钢,Φ25-32,HPB300,莱钢永锋,None,山东烟台,None,None
2024-01-02,圆钢,Φ25-32,HPB300,石横特钢,None,山东烟台,None,None
2024-01-02,盘螺,Φ10,HRB400E,莱钢永锋,None,山东烟台,None,None
2024-01-02,盘螺,Φ10,HRB400E,石横特钢,None,山东烟台,None,None
2024-01-02,盘螺,Φ10,HRB400E,日照,None,山东烟台,None,None
2024-01-02,盘螺,Φ10,HRB400E,江苏镔鑫,None,山东烟台,None,None
2024-01-02,盘螺,Φ10,HRB400E,日钢营口,None,山东烟台,None,None
2024-01-02,盘螺,Φ12,HRB400E,莱钢永锋,None,山东烟台,None,None
2024-01-02,盘螺,Φ12,HRB400E,石横特钢,None,山东烟台,None,None
2024-01-02,盘螺,Φ6,HRB400E,莱钢永锋,None,山东烟台,None,None
2024-01-02,盘螺,Φ6,HRB400E,石横特钢,None,山东烟台,None,None
2024-01-02,盘螺,Φ8,HRB400E,莱钢永锋,None,山东烟台,None,None
2024-01-02,盘螺,Φ8,HRB400E,石横特钢,None,山东烟台,None,None
2024-01-02,盘螺,Φ8,HRB400E,日照,None,山东烟台,None,None
2024-01-02,盘螺,Φ8,HRB400E,江苏镔鑫,None,山东烟台,None,None
2024-01-02,盘螺,Φ8,HRB400E,日钢营口,None,山东烟台,None,None
2024-01-02,螺纹钢,Φ10,HRB400E,莱钢,None,山东烟台,None,None
2024-01-02,螺纹钢,Φ10,HRB400E,莱钢永锋,None,山东烟台,None,None
2024-01-02,螺纹钢,Φ10,HRB400E,石横特钢,None,山东烟台,None,None
2024-01-02,螺纹钢,Φ12,HRB400E,莱钢,None,山东烟台,None,None
2024-01-02,螺纹钢,Φ12,HRB400E,莱钢永锋,None,山东烟台,None,None
2024-01-02,螺纹钢,Φ12,HRB400E,石横特钢,None,山东烟台,None,None
2024-01-02,螺纹钢,Φ12,HRB400E,日照,None,山东烟台,None,None
2024-01-02,螺纹钢,Φ12,HRB400E,江苏镔鑫,None,山东烟台,None,None
2024-01-02,螺纹钢,Φ12-14,HRB500E,莱钢,None,山东烟台,None,None
2024-01-02,螺纹钢,Φ12-14,HRB500E,莱钢永锋,None,山东烟台,None,None
2024-01-02,螺纹钢,Φ12-14,HRB500E,石横特钢,None,山东烟台,None,None
2024-01-02,螺纹钢,Φ14,HRB400E,莱钢,None,山东烟台,None,None
2024-01-02,螺纹钢,Φ14,HRB400E,莱钢永锋,None,山东烟台,None,None
2024-01-02,螺纹钢,Φ14,HRB400E,石横特钢,None,山东烟台,None,None
2024-01-02,螺纹钢,Φ14,HRB400E,日照,None,山东烟台,None,None
2024-01-02,螺纹钢,Φ14,HRB400E,江苏镔鑫,None,山东烟台,None,None
2024-01-02,螺纹钢,Φ16,HRB400E,莱钢,None,山东烟台,None,None
2024-01-02,螺纹钢,Φ16,HRB400E,莱钢永锋,None,山东烟台,None,None
2024-01-02,螺纹钢,Φ16,HRB400E,石横特钢,None,山东烟台,None,None
2024-01-02,螺纹钢,Φ16,HRB400E,日照,None,山东烟台,None,None
2024-01-02,螺纹钢,Φ16,HRB400E,江苏镔鑫,None,山东烟台,None,None
2024-01-02,螺纹钢,Φ18,HRB400E,莱钢,None,山东烟台,None,None
2024-01-02,螺纹钢,Φ18,HRB400E,莱钢永锋,None,山东烟台,None,None
2024-01-02,螺纹钢,Φ18,HRB400E,石横特钢,None,山东烟台,None,None
2024-01-02,螺纹钢,Φ18,HRB400E,日照,None,山东烟台,None,None
2024-01-02,螺纹钢,Φ18,HRB400E,江苏镔鑫,None,山东烟台,None,None
2024-01-02,螺纹钢,Φ20,HRB400E,莱钢,None,山东烟台,None,None
2024-01-02,螺纹钢,Φ20,HRB400E,莱钢永锋,None,山东烟台,None,None
2024-01-02,螺纹钢,Φ20,HRB400E,石横特钢,None,山东烟台,None,None
2024-01-02,螺纹钢,Φ20,HRB400E,日照,None,山东烟台,None,None
2024-01-02,螺纹钢,Φ20,HRB400E,江苏镔鑫,None,山东烟台,None,None
2024-01-02,螺纹钢,Φ22,HRB400E,莱钢,None,山东烟台,None,None
2024-01-02,螺纹钢,Φ22,HRB400E,莱钢永锋,None,山东烟台,None,None
2024-01-02,螺纹钢,Φ22,HRB400E,石横特钢,None,山东烟台,None,None
2024-01-02,螺纹钢,Φ22,HRB400E,日照,None,山东烟台,None,None
2024-01-02,螺纹钢,Φ22,HRB400E,江苏镔鑫,None,山东烟台,None,None
2024-01-02,螺纹钢,Φ25,HRB400E,莱钢,None,山东烟台,None,None
2024-01-02,螺纹钢,Φ25,HRB400E,莱钢永锋,None,山东烟台,None,None
2024-01-02,螺纹钢,Φ25,HRB400E,石横特钢,None,山东烟台,None,None
2024-01-02,螺纹钢,Φ25,HRB400E,日照,None,山东烟台,None,None
2024-01-02,螺纹钢,Φ25,HRB400E,江苏镔鑫,None,山东烟台,None,None
2024-01-02,螺纹钢,Φ28-32,HRB400E,莱钢,None,山东烟台,None,None
2024-01-02,螺纹钢,Φ28-32,HRB400E,莱钢永锋,None,山东烟台,None,None
2024-01-02,螺纹钢,Φ28-32,HRB400E,石横特钢,None,山东烟台,None,None
2024-01-02,螺纹钢,Φ28-32,HRB400E,日照,None,山东烟台,None,None
2024-01-02,螺纹钢,Φ28-32,HRB400E,江苏镔鑫,None,山东烟台,None,None
2024-01-02,高线,Φ10,HPB300,莱钢永锋,None,山东烟台,None,None
2024-01-02,高线,Φ10,HPB300,石横特钢,None,山东烟台,None,None
2024-01-02,高线,Φ10,HPB300,江苏镔鑫,None,山东烟台,None,None
2024-01-02,高线,Φ12,HPB300,莱钢永锋,None,山东烟台,None,None
2024-01-02,高线,Φ12,HPB300,石横特钢,None,山东烟台,None,None
2024-01-02,高线,Φ6,HPB300,莱钢永锋,None,山东烟台,None,None
2024-01-02,高线,Φ6,HPB300,石横特钢,None,山东烟台,None,None
2024-01-02,高线,Φ6,HPB300,江苏镔鑫,None,山东烟台,None,None
2024-01-02,高线,Φ8,HPB300,莱钢永锋,None,山东烟台,None,None
2024-01-02,高线,Φ8,HPB300,石横特钢,None,山东烟台,None,None
2024-01-02,高线,Φ8,HPB300,江苏镔鑫,None,山东烟台,None,None
